legacy_url,source_type,source_key,decision_id,target_entity_type,target_entity_key,target_wp_id,confidence,status,notes
https://puertasyserviciosindustriales.com/1500-revolving-door.php,page,php:1500-revolving-door.php,Q04,psi_producto,static:1500-revolving-door.php,0,STRONG_INFERENCE,RESOLVED_NO_PAGE,"Q04: contenido ya es el producto static:1500-revolving-door.php; no se crea Page independiente."
https://puertasyserviciosindustriales.com/accesorios.php,page,php:accesorios.php,Q01,psi_producto,sql:productos:27,0,STRONG_INFERENCE,RESOLVED_NO_PAGE,"Q01: contenido de accesorios.php ya es propiedad de sql:productos:27 (Q02); no se crea Page independiente."
https://puertasyserviciosindustriales.com/accesspro-fs1000speed.php,page,php:accesspro-fs1000speed.php,,,,0,STRONG_INFERENCE,KEEP_REVIEW,"Clasificación PRODUCT_PAGE: conservar evidencia/URL; definir dueño sin duplicar producto, archivo o Page."
https://puertasyserviciosindustriales.com/automatismos-para-cancelas-cubic.php,page,php:automatismos-para-cancelas-cubic.php,Q04,psi_producto,static:automatismos-para-cancelas-cubic.php,0,STRONG_INFERENCE,RESOLVED_NO_PAGE,"Q04: contenido ya es el producto static:automatismos-para-cancelas-cubic.php; no se crea Page independiente."
https://puertasyserviciosindustriales.com/barreras-estacionamiento-moovi50rm.php,page,php:barreras-estacionamiento-moovi50rm.php,,,,0,STRONG_INFERENCE,KEEP_REVIEW,"Clasificación PRODUCT_PAGE: conservar evidencia/URL; definir dueño sin duplicar producto, archivo o Page."
https://puertasyserviciosindustriales.com/bft-resp.php,page,php:bft-resp.php,,,,0,CONFIRMED,KEEP_REVIEW,"Clasificación BRAND_PAGE: conservar evidencia/URL; definir dueño sin duplicar producto, archivo o Page."
https://puertasyserviciosindustriales.com/bft.php,page,php:bft.php,Q01,psi_marca,brand:12,0,CONFIRMED,RESOLVED_NO_PAGE,"Q01: contenido ya representado por brand:12; no se crea Page independiente."
https://puertasyserviciosindustriales.com/bix-al-antena-externa-433-mhz.php,page,php:bix-al-antena-externa-433-mhz.php,Q04,psi_producto,static:bix-al-antena-externa-433-mhz.php,0,STRONG_INFERENCE,RESOLVED_NO_PAGE,"Q04: contenido ya es el producto static:bix-al-antena-externa-433-mhz.php; no se crea Page independiente."
https://puertasyserviciosindustriales.com/blindadas.php,page,php:blindadas.php,Q01,psi_categoria,category:32,0,CONFIRMED,RESOLVED_NO_PAGE,"Q01: contenido ya representado por category:32; no se crea Page independiente."
https://puertasyserviciosindustriales.com/blue-giant.php,page,php:blue-giant.php,Q01,psi_marca,brand:4,0,CONFIRMED,RESOLVED_NO_PAGE,"Q01: contenido ya representado por brand:4; no se crea Page independiente."
https://puertasyserviciosindustriales.com/centros-comerciales.php,page,php:centros-comerciales.php,Q01,psi_categoria,category:19,0,CONFIRMED,RESOLVED_NO_PAGE,"Q01: contenido ya representado por category:19; no se crea Page independiente."
https://puertasyserviciosindustriales.com/clopay.php,page,php:clopay.php,Q01,psi_marca,brand:3,0,CONFIRMED,RESOLVED_NO_PAGE,"Q01: contenido ya representado por brand:3; no se crea Page independiente."
https://puertasyserviciosindustriales.com/coleccion-classic.php,page,php:coleccion-classic.php,Q01,psi_producto,sql:productos:9,0,STRONG_INFERENCE,RESOLVED_NO_PAGE,"Q01: contenido de coleccion-classic.php ya es propiedad de sql:productos:9 (Q02); no se crea Page independiente."
https://puertasyserviciosindustriales.com/coleccion-modern-steel.php,page,php:coleccion-modern-steel.php,,,,0,STRONG_INFERENCE,KEEP_REVIEW,"Clasificación PRODUCT_PAGE: conservar evidencia/URL; definir dueño sin duplicar producto, archivo o Page."
https://puertasyserviciosindustriales.com/com-programadores-digitales-y-rotativos.php,page,php:com-programadores-digitales-y-rotativos.php,Q04,psi_producto,static:com-programadores-digitales-y-rotativos.php,0,STRONG_INFERENCE,RESOLVED_NO_PAGE,"Q04: contenido ya es el producto static:com-programadores-digitales-y-rotativos.php; no se crea Page independiente."
https://puertasyserviciosindustriales.com/comercial.php,page,php:comercial.php,Q01,psi_categoria,category:2,0,CONFIRMED,RESOLVED_NO_PAGE,"Q01: contenido ya representado por category:2; no se crea Page independiente."
https://puertasyserviciosindustriales.com/contra-exposion.php,page,php:contra-exposion.php,Q01,psi_categoria,category:31,0,CONFIRMED,RESOLVED_NO_PAGE,"Q01: contenido ya representado por category:31; no se crea Page independiente."
https://puertasyserviciosindustriales.com/contra-incendio.php,page,php:contra-incendio.php,,,,0,CONFIRMED,KEEP_REVIEW,"Clasificación CATEGORY_PAGE: conservar evidencia/URL; definir dueño sin duplicar producto, archivo o Page."
https://puertasyserviciosindustriales.com/cortina-de-seguridad-670.php,page,php:cortina-de-seguridad-670.php,Q01,psi_producto,sql:productos:97,0,STRONG_INFERENCE,RESOLVED_NO_PAGE,"Q01: contenido de cortina-de-seguridad-670.php ya es propiedad de sql:productos:97; no se crea Page independiente."
https://puertasyserviciosindustriales.com/cortina-de-seguridad-671.php,page,php:cortina-de-seguridad-671.php,Q01,psi_producto,sql:productos:98,0,STRONG_INFERENCE,RESOLVED_NO_PAGE,"Q01: contenido de cortina-de-seguridad-671.php ya es propiedad de sql:productos:98; no se crea Page independiente."
https://puertasyserviciosindustriales.com/cortina-en-aluminio-serie-511-521.php,page,php:cortina-en-aluminio-serie-511-521.php,,,,0,STRONG_INFERENCE,KEEP_REVIEW,"Clasificación PRODUCT_PAGE: conservar evidencia/URL; definir dueño sin duplicar producto, archivo o Page."
https://puertasyserviciosindustriales.com/cortina-europea.php,page,php:cortina-europea.php,,,,0,STRONG_INFERENCE,KEEP_REVIEW,"Clasificación PRODUCT_PAGE: conservar evidencia/URL; definir dueño sin duplicar producto, archivo o Page."
https://puertasyserviciosindustriales.com/cortina-plana.php,page,php:cortina-plana.php,,,,0,STRONG_INFERENCE,KEEP_REVIEW,"Clasificación PRODUCT_PAGE: conservar evidencia/URL; definir dueño sin duplicar producto, archivo o Page."
https://puertasyserviciosindustriales.com/cortina-serie-600.php,page,php:cortina-serie-600.php,,,,0,STRONG_INFERENCE,KEEP_REVIEW,"Clasificación PRODUCT_PAGE: conservar evidencia/URL; definir dueño sin duplicar producto, archivo o Page."
https://puertasyserviciosindustriales.com/cortina-serie-610.php,page,php:cortina-serie-610.php,Q01,psi_producto,sql:productos:95,0,STRONG_INFERENCE,RESOLVED_NO_PAGE,"Q01: contenido de cortina-serie-610.php ya es propiedad de sql:productos:95; no se crea Page independiente."
https://puertasyserviciosindustriales.com/cortina-serie-620.php,page,php:cortina-serie-620.php,Q01,psi_producto,sql:productos:7,0,STRONG_INFERENCE,RESOLVED_NO_PAGE,"Q01: contenido de cortina-serie-620.php ya es propiedad de sql:productos:7 (Q02); no se crea Page independiente."
https://puertasyserviciosindustriales.com/cortina-serie-625.php,page,php:cortina-serie-625.php,Q01,psi_producto,sql:productos:4,0,STRONG_INFERENCE,RESOLVED_NO_PAGE,"Q01: contenido de cortina-serie-625.php ya es propiedad de sql:productos:4 (Q02); no se crea Page independiente."
https://puertasyserviciosindustriales.com/cortina-serie-630.php,page,php:cortina-serie-630.php,Q01,psi_producto,sql:productos:11,0,STRONG_INFERENCE,RESOLVED_NO_PAGE,"Q01: contenido de cortina-serie-630.php ya es propiedad de sql:productos:11 (Q02); no se crea Page independiente."
https://puertasyserviciosindustriales.com/cortina-serie-790-cw.php,page,php:cortina-serie-790-cw.php,Q01,psi_producto,sql:productos:92,0,STRONG_INFERENCE,RESOLVED_NO_PAGE,"Q01: contenido de cortina-serie-790-cw.php ya es propiedad de sql:productos:92; no se crea Page independiente."
https://puertasyserviciosindustriales.com/cortinas-enrollables-industriales.php,page,php:cortinas-enrollables-industriales.php,Q01,psi_categoria,category:14,0,CONFIRMED,RESOLVED_NO_PAGE,"Q01: contenido ya representado por category:14; no se crea Page independiente."
https://puertasyserviciosindustriales.com/cortinas-ventiladas-685.php,page,php:cortinas-ventiladas-685.php,,,,0,STRONG_INFERENCE,KEEP_REVIEW,"Clasificación PRODUCT_PAGE: conservar evidencia/URL; definir dueño sin duplicar producto, archivo o Page."
https://puertasyserviciosindustriales.com/cross-3e.php,page,php:cross-3e.php,Q04,psi_producto,static:cross-3e.php,0,STRONG_INFERENCE,RESOLVED_NO_PAGE,"Q04: contenido ya es el producto static:cross-3e.php; no se crea Page independiente."
https://puertasyserviciosindustriales.com/detector-de-masas-max-eagle.php,page,php:detector-de-masas-max-eagle.php,Q04,psi_producto,static:detector-de-masas-max-eagle.php,0,STRONG_INFERENCE,RESOLVED_NO_PAGE,"Q04: contenido ya es el producto static:detector-de-masas-max-eagle.php; no se crea Page independiente."
https://puertasyserviciosindustriales.com/ditec-neos-y-neos.php,page,php:ditec-neos-y-neos.php,Q04,psi_producto,static:ditec-neos-y-neos.php,0,STRONG_INFERENCE,RESOLVED_NO_PAGE,"Q04: contenido ya es el producto static:ditec-neos-y-neos.php; no se crea Page independiente."
https://puertasyserviciosindustriales.com/dockman.php,page,php:dockman.php,Q01,psi_marca,brand:10,0,CONFIRMED,RESOLVED_NO_PAGE,"Q01: contenido ya representado por brand:10; no se crea Page independiente."
https://puertasyserviciosindustriales.com/dod-automatizacion-compacto-y-potente-para-portones-seccionales-correderos-y-enrollables.php,page,php:dod-automatizacion-compacto-y-potente-para-portones-seccionales-correderos-y-enrollables.php,Q04,psi_producto,static:dod-automatizacion-compacto-y-potente-para-portones-seccionales-correderos-y-enrollables.php,0,STRONG_INFERENCE,RESOLVED_NO_PAGE,"Q04: contenido ya es el producto static:dod-automatizacion-compacto-y-potente-para-portones-seccionales-correderos-y-enrollables.php; no se crea Page independiente."
https://puertasyserviciosindustriales.com/doorlock.php,page,php:doorlock.php,Q01,psi_marca,brand:6,0,CONFIRMED,RESOLVED_NO_PAGE,"Q01: contenido ya representado por brand:6; no se crea Page independiente."
https://puertasyserviciosindustriales.com/dura-glide-20003000-puerta.php,page,php:dura-glide-20003000-puerta.php,,,,0,STRONG_INFERENCE,KEEP_REVIEW,"Clasificación PRODUCT_PAGE: conservar evidencia/URL; definir dueño sin duplicar producto, archivo o Page."
https://puertasyserviciosindustriales.com/energy-series-with-intellicore-37171-3-4.php,page,php:energy-series-with-intellicore-37171-3-4.php,,,,0,STRONG_INFERENCE,KEEP_REVIEW,"Clasificación PRODUCT_PAGE: conservar evidencia/URL; definir dueño sin duplicar producto, archivo o Page."
https://puertasyserviciosindustriales.com/energy-series-with-intellicore-3720-3724-3722.php,page,php:energy-series-with-intellicore-3720-3724-3722.php,Q01,psi_producto,sql:productos:19,0,STRONG_INFERENCE,RESOLVED_NO_PAGE,"Q01: contenido de energy-series-with-intellicore-3720-3724-3722.php ya es propiedad de sql:productos:19 (Q02); no se crea Page independiente."
https://puertasyserviciosindustriales.com/equipos-y-accesorios-para-anden-de-carga.php,page,php:equipos-y-accesorios-para-anden-de-carga.php,Q01,psi_categoria,category:3,0,CONFIRMED,RESOLVED_NO_PAGE,"Q01: contenido ya representado por category:3; no se crea Page independiente."
https://puertasyserviciosindustriales.com/estacionamientos.php,page,php:estacionamientos.php,Q01,psi_categoria,category:18,0,CONFIRMED,RESOLVED_NO_PAGE,"Q01: contenido ya representado por category:18; no se crea Page independiente."
https://puertasyserviciosindustriales.com/fast-seal-high-performance-door.php,page,php:fast-seal-high-performance-door.php,,,,0,STRONG_INFERENCE,KEEP_REVIEW,"Clasificación PRODUCT_PAGE: conservar evidencia/URL; definir dueño sin duplicar producto, archivo o Page."
https://puertasyserviciosindustriales.com/fire-rated-doors-firestar-models-700-700c.php,page,php:fire-rated-doors-firestar-models-700-700c.php,Q01,psi_producto,sql:productos:13,0,STRONG_INFERENCE,RESOLVED_NO_PAGE,"Q01: contenido de fire-rated-doors-firestar-models-700-700c.php ya es propiedad de sql:productos:13 (Q02); no se crea Page independiente."
https://puertasyserviciosindustriales.com/fotoceldas.php,page,php:fotoceldas.php,Q04,psi_producto,static:fotoceldas.php,0,STRONG_INFERENCE,RESOLVED_NO_PAGE,"Q04: contenido ya es el producto static:fotoceldas.php; no se crea Page independiente."
https://puertasyserviciosindustriales.com/fraccionamientos-y-condominios.php,page,php:fraccionamientos-y-condominios.php,Q01,psi_categoria,category:9,0,CONFIRMED,RESOLVED_NO_PAGE,"Q01: contenido ya representado por category:9; no se crea Page independiente."
https://puertasyserviciosindustriales.com/glg-porte-industriali.php,page,php:glg-porte-industriali.php,Q01,psi_marca,brand:9,0,CONFIRMED,RESOLVED_NO_PAGE,"Q01: contenido ya representado por brand:9; no se crea Page independiente."
https://puertasyserviciosindustriales.com/gol-transmisores-de-cuatro-canales.php,page,php:gol-transmisores-de-cuatro-canales.php,Q04,psi_producto,static:gol-transmisores-de-cuatro-canales.php,0,STRONG_INFERENCE,RESOLVED_NO_PAGE,"Q04: contenido ya es el producto static:gol-transmisores-de-cuatro-canales.php; no se crea Page independiente."
https://puertasyserviciosindustriales.com/icaro-smart.php,page,php:icaro-smart.php,,,,0,STRONG_INFERENCE,KEEP_REVIEW,"Clasificación PRODUCT_PAGE: conservar evidencia/URL; definir dueño sin duplicar producto, archivo o Page."
https://puertasyserviciosindustriales.com/industrial.php,page,php:industrial.php,Q01,psi_categoria,category:1,0,CONFIRMED,RESOLVED_NO_PAGE,"Q01: contenido ya representado por category:1; no se crea Page independiente."
https://puertasyserviciosindustriales.com/infraca-quality-doors.php,page,php:infraca-quality-doors.php,Q01,psi_marca,brand:8,0,CONFIRMED,RESOLVED_NO_PAGE,"Q01: contenido ya representado por brand:8; no se crea Page independiente."
https://puertasyserviciosindustriales.com/kelley.php,page,php:kelley.php,Q01,psi_marca,brand:5,0,CONFIRMED,RESOLVED_NO_PAGE,"Q01: contenido ya representado por brand:5; no se crea Page independiente."
https://puertasyserviciosindustriales.com/kronos-puertas-rapidas-de-sectores-modulares-autorreparable.php,page,php:kronos-puertas-rapidas-de-sectores-modulares-autorreparable.php,Q01,psi_producto,sql:productos:41,0,STRONG_INFERENCE,RESOLVED_NO_PAGE,"Q01: contenido de kronos-puertas-rapidas-de-sectores-modulares-autorreparable.php ya es propiedad de sql:productos:41 (Q02); no se crea Page independiente."
https://puertasyserviciosindustriales.com/lab-4-fotocelulas-de-rayos-infrarrojos.php,page,php:lab-4-fotocelulas-de-rayos-infrarrojos.php,Q04,psi_producto,static:lab-4-fotocelulas-de-rayos-infrarrojos.php,0,STRONG_INFERENCE,RESOLVED_NO_PAGE,"Q04: contenido ya es el producto static:lab-4-fotocelulas-de-rayos-infrarrojos.php; no se crea Page independiente."
https://puertasyserviciosindustriales.com/lab-9-detectores-de-volumen-de-metal-loop.php,page,php:lab-9-detectores-de-volumen-de-metal-loop.php,Q04,psi_producto,static:lab-9-detectores-de-volumen-de-metal-loop.php,0,STRONG_INFERENCE,RESOLVED_NO_PAGE,"Q04: contenido ya es el producto static:lab-9-detectores-de-volumen-de-metal-loop.php; no se crea Page independiente."
https://puertasyserviciosindustriales.com/labio-de-elevacion-mecanico-dockman.php,page,php:labio-de-elevacion-mecanico-dockman.php,,,,0,STRONG_INFERENCE,KEEP_REVIEW,"Clasificación PRODUCT_PAGE: conservar evidencia/URL; definir dueño sin duplicar producto, archivo o Page."
https://puertasyserviciosindustriales.com/labio-elevacion-anden-carga.php,page,php:labio-elevacion-anden-carga.php,Q01,psi_categoria,category:21,0,CONFIRMED,RESOLVED_NO_PAGE,"Q01: contenido ya representado por category:21; no se crea Page independiente."
https://puertasyserviciosindustriales.com/lan-4-sistema-de-teclado-con-combinacion-digital.php,page,php:lan-4-sistema-de-teclado-con-combinacion-digital.php,Q04,psi_producto,static:lan-4-sistema-de-teclado-con-combinacion-digital.php,0,STRONG_INFERENCE,RESOLVED_NO_PAGE,"Q04: contenido ya es el producto static:lan-4-sistema-de-teclado-con-combinacion-digital.php; no se crea Page independiente."
https://puertasyserviciosindustriales.com/lan-7-sistema-de-mando-de-proximidad-de-tarjetas-con-tecnologia-transponder.php,page,php:lan-7-sistema-de-mando-de-proximidad-de-tarjetas-con-tecnologia-transponder.php,Q04,psi_producto,static:lan-7-sistema-de-mando-de-proximidad-de-tarjetas-con-tecnologia-transponder.php,0,STRONG_INFERENCE,RESOLVED_NO_PAGE,"Q04: contenido ya es el producto static:lan-7-sistema-de-mando-de-proximidad-de-tarjetas-con-tecnologia-transponder.php; no se crea Page independiente."
https://puertasyserviciosindustriales.com/lift-master-mod-h.php,page,php:lift-master-mod-h.php,,,,0,STRONG_INFERENCE,KEEP_REVIEW,"Clasificación PRODUCT_PAGE: conservar evidencia/URL; definir dueño sin duplicar producto, archivo o Page."
https://puertasyserviciosindustriales.com/lift-master.php,page,php:lift-master.php,Q01,psi_marca,brand:11,0,CONFIRMED,RESOLVED_NO_PAGE,"Q01: contenido ya representado por brand:11; no se crea Page independiente."
https://puertasyserviciosindustriales.com/liftmaster-modh.php,page,php:liftmaster-modh.php,,,,0,STRONG_INFERENCE,KEEP_REVIEW,"Clasificación PRODUCT_PAGE: conservar evidencia/URL; definir dueño sin duplicar producto, archivo o Page."
https://puertasyserviciosindustriales.com/light-communication-system-lcs.php,page,php:light-communication-system-lcs.php,Q04,psi_producto,static:light-communication-system-lcs.php,0,STRONG_INFERENCE,RESOLVED_NO_PAGE,"Q04: contenido ya es el producto static:light-communication-system-lcs.php; no se crea Page independiente."
https://puertasyserviciosindustriales.com/lux-2b-y-lux-gv-piston-hidraulico-para-puerta-abatible.php,page,php:lux-2b-y-lux-gv-piston-hidraulico-para-puerta-abatible.php,,,,0,STRONG_INFERENCE,KEEP_REVIEW,"Clasificación PRODUCT_PAGE: conservar evidencia/URL; definir dueño sin duplicar producto, archivo o Page."
https://puertasyserviciosindustriales.com/luxo-robusto-e-incansable-para-servicios-intensivos-para-hojas-de-hasta-5-m.php,page,php:luxo-robusto-e-incansable-para-servicios-intensivos-para-hojas-de-hasta-5-m.php,Q04,psi_producto,static:luxo-robusto-e-incansable-para-servicios-intensivos-para-hojas-de-hasta-5-m.php,0,STRONG_INFERENCE,RESOLVED_NO_PAGE,"Q04: contenido ya es el producto static:luxo-robusto-e-incansable-para-servicios-intensivos-para-hojas-de-hasta-5-m.php; no se crea Page independiente."
https://puertasyserviciosindustriales.com/magic-fuerza-del-operador.php,page,php:magic-fuerza-del-operador.php,,,,0,STRONG_INFERENCE,KEEP_REVIEW,"Clasificación PRODUCT_PAGE: conservar evidencia/URL; definir dueño sin duplicar producto, archivo o Page."
https://puertasyserviciosindustriales.com/marcas.php,page,php:marcas.php,,,,0,CONFIRMED,KEEP_REVIEW,"Clasificación CATEGORY_PAGE: conservar evidencia/URL; definir dueño sin duplicar producto, archivo o Page."
https://puertasyserviciosindustriales.com/marcasv1.php,page,php:marcasv1.php,,,,0,CONFIRMED,KEEP_REVIEW,"Clasificación CATEGORY_PAGE: conservar evidencia/URL; definir dueño sin duplicar producto, archivo o Page."
https://puertasyserviciosindustriales.com/operador-comercial-rhx.php,page,php:operador-comercial-rhx.php,Q01,psi_producto,sql:productos:12,0,STRONG_INFERENCE,RESOLVED_NO_PAGE,"Q01: contenido de operador-comercial-rhx.php ya es propiedad de sql:productos:12 (Q02); no se crea Page independiente."
https://puertasyserviciosindustriales.com/operador-para-cortina-enrrollable-rsx.php,page,php:operador-para-cortina-enrrollable-rsx.php,Q01,psi_producto,sql:productos:86,0,STRONG_INFERENCE,RESOLVED_NO_PAGE,"Q01: contenido de operador-para-cortina-enrrollable-rsx.php ya es propiedad de sql:productos:86; no se crea Page independiente."
https://puertasyserviciosindustriales.com/operador-para-perfilados-comerciales-jst.php,page,php:operador-para-perfilados-comerciales-jst.php,Q01,psi_producto,sql:productos:77,0,STRONG_INFERENCE,RESOLVED_NO_PAGE,"Q01: contenido de operador-para-perfilados-comerciales-jst.php ya es propiedad de sql:productos:77; no se crea Page independiente."
https://puertasyserviciosindustriales.com/operador-para-perfilados-comerciales-sel.php,page,php:operador-para-perfilados-comerciales-sel.php,,,,0,STRONG_INFERENCE,KEEP_REVIEW,"Clasificación PRODUCT_PAGE: conservar evidencia/URL; definir dueño sin duplicar producto, archivo o Page."
https://puertasyserviciosindustriales.com/operadores-para-puerta-abatible.php,page,php:operadores-para-puerta-abatible.php,Q01,psi_categoria,category:38,0,CONFIRMED,RESOLVED_NO_PAGE,"Q01: contenido ya representado por category:38; no se crea Page independiente."
https://puertasyserviciosindustriales.com/operadores-para-puerta-corrediza-industrial.php,page,php:operadores-para-puerta-corrediza-industrial.php,Q01,psi_categoria,category:11,0,CONFIRMED,RESOLVED_NO_PAGE,"Q01: contenido ya representado por category:11; no se crea Page independiente."
https://puertasyserviciosindustriales.com/operadores-para-puertas-ascendentes.php,page,php:operadores-para-puertas-ascendentes.php,Q01,psi_categoria,category:39,0,CONFIRMED,RESOLVED_NO_PAGE,"Q01: contenido ya representado por category:39; no se crea Page independiente."
https://puertasyserviciosindustriales.com/operadores-para-puertas-corredizas-residenciales.php,page,php:operadores-para-puertas-corredizas-residenciales.php,Q01,psi_categoria,category:37,0,CONFIRMED,RESOLVED_NO_PAGE,"Q01: contenido ya representado por category:37; no se crea Page independiente."
https://puertasyserviciosindustriales.com/operadores-para-puertas-de-mostrador-cdo.php,page,php:operadores-para-puertas-de-mostrador-cdo.php,Q01,psi_producto,sql:productos:85,0,STRONG_INFERENCE,RESOLVED_NO_PAGE,"Q01: contenido de operadores-para-puertas-de-mostrador-cdo.php ya es propiedad de sql:productos:85; no se crea Page independiente."
https://puertasyserviciosindustriales.com/operadores-puerta-abatible-industrial.php,page,php:operadores-puerta-abatible-industrial.php,Q01,psi_categoria,category:12,0,CONFIRMED,RESOLVED_NO_PAGE,"Q01: contenido ya representado por category:12; no se crea Page independiente."
https://puertasyserviciosindustriales.com/operadores-puertas-seccionales-cortinas.php,page,php:operadores-puertas-seccionales-cortinas.php,Q01,psi_categoria,category:13,0,CONFIRMED,RESOLVED_NO_PAGE,"Q01: contenido ya representado por category:13; no se crea Page independiente."
https://puertasyserviciosindustriales.com/overhead-door.php,page,php:overhead-door.php,Q01,psi_marca,brand:1,0,CONFIRMED,RESOLVED_NO_PAGE,"Q01: contenido ya representado por brand:1; no se crea Page independiente."
https://puertasyserviciosindustriales.com/p45-7-piston-hidraulico-para-puerta-abatible.php,page,php:p45-7-piston-hidraulico-para-puerta-abatible.php,,,,0,STRONG_INFERENCE,KEEP_REVIEW,"Clasificación PRODUCT_PAGE: conservar evidencia/URL; definir dueño sin duplicar producto, archivo o Page."
https://puertasyserviciosindustriales.com/pas-sensores-volumetricos.php,page,php:pas-sensores-volumetricos.php,Q04,psi_producto,static:pas-sensores-volumetricos.php,0,STRONG_INFERENCE,RESOLVED_NO_PAGE,"Q04: contenido ya es el producto static:pas-sensores-volumetricos.php; no se crea Page independiente."
https://puertasyserviciosindustriales.com/phobos-n-piston-electromecanico.php,page,php:phobos-n-piston-electromecanico.php,Q01,psi_producto,sql:productos:46,0,STRONG_INFERENCE,RESOLVED_NO_PAGE,"Q01: contenido de phobos-n-piston-electromecanico.php ya es propiedad de sql:productos:46 (Q02); no se crea Page independiente."
https://puertasyserviciosindustriales.com/predadoor-nxt-door.php,page,php:predadoor-nxt-door.php,Q01,psi_producto,sql:productos:37,0,STRONG_INFERENCE,RESOLVED_NO_PAGE,"Q01: contenido de predadoor-nxt-door.php ya es propiedad de sql:productos:37 (Q02); no se crea Page independiente."
https://puertasyserviciosindustriales.com/puert-seccional-de-acero-sin-aislamiento-430-uso-medio.php,page,php:puert-seccional-de-acero-sin-aislamiento-430-uso-medio.php,Q01,psi_producto,sql:productos:66,0,STRONG_INFERENCE,RESOLVED_NO_PAGE,"Q01: contenido de puert-seccional-de-acero-sin-aislamiento-430-uso-medio.php ya es propiedad de sql:productos:66; no se crea Page independiente."
https://puertasyserviciosindustriales.com/puerta-contra-explosion.php,page,php:puerta-contra-explosion.php,Q01,psi_producto,sql:productos:26,0,STRONG_INFERENCE,RESOLVED_NO_PAGE,"Q01: contenido de puerta-contra-explosion.php ya es propiedad de sql:productos:26 (Q02); no se crea Page independiente."
https://puertasyserviciosindustriales.com/puerta-contra-incendio.php,page,php:puerta-contra-incendio.php,Q01,psi_categoria,category:5,0,CONFIRMED,RESOLVED_NO_PAGE,"Q01: contenido ya representado por category:5; no se crea Page independiente."
https://puertasyserviciosindustriales.com/puerta-de-acero-acanalado-modelos-524.php,page,php:puerta-de-acero-acanalado-modelos-524.php,Q01,psi_producto,sql:productos:18,0,STRONG_INFERENCE,RESOLVED_NO_PAGE,"Q01: contenido de puerta-de-acero-acanalado-modelos-524.php ya es propiedad de sql:productos:18 (Q02); no se crea Page independiente."
https://puertasyserviciosindustriales.com/puerta-de-acero-acanalado.php,page,php:puerta-de-acero-acanalado.php,Q01,psi_producto,sql:productos:18,0,STRONG_INFERENCE,RESOLVED_NO_PAGE,"Q01: contenido de puerta-de-acero-acanalado-modelos-524.php ya es propiedad de sql:productos:18 (Q02); no se crea Page independiente."
https://puertasyserviciosindustriales.com/puerta-estandar-reforzada.php,page,php:puerta-estandar-reforzada.php,,,,0,STRONG_INFERENCE,KEEP_REVIEW,"Clasificación PRODUCT_PAGE: conservar evidencia/URL; definir dueño sin duplicar producto, archivo o Page."
https://puertasyserviciosindustriales.com/puerta-estandar.php,page,php:puerta-estandar.php,,,,0,STRONG_INFERENCE,KEEP_REVIEW,"Clasificación PRODUCT_PAGE: conservar evidencia/URL; definir dueño sin duplicar producto, archivo o Page."
https://puertasyserviciosindustriales.com/puerta-holandesa.php,page,php:puerta-holandesa.php,,,,0,STRONG_INFERENCE,KEEP_REVIEW,"Clasificación PRODUCT_PAGE: conservar evidencia/URL; definir dueño sin duplicar producto, archivo o Page."
https://puertasyserviciosindustriales.com/puerta-para-hospital.php,page,php:puerta-para-hospital.php,Q01,psi_producto,sql:productos:34,0,STRONG_INFERENCE,RESOLVED_NO_PAGE,"Q01: contenido de puerta-para-hospital.php ya es propiedad de sql:productos:34; no se crea Page independiente."
https://puertasyserviciosindustriales.com/puerta-seccionabl-acero-perfiles-422-uso-pesado.php,page,php:puerta-seccionabl-acero-perfiles-422-uso-pesado.php,Q01,psi_producto,sql:productos:69,0,STRONG_INFERENCE,RESOLVED_NO_PAGE,"Q01: contenido de puerta-seccionabl-acero-perfiles-422-uso-pesado.php ya es propiedad de sql:productos:69; no se crea Page independiente."
https://puertasyserviciosindustriales.com/puerta-seccional-de-acero-perfiles-418.php,page,php:puerta-seccional-de-acero-perfiles-418.php,Q01,psi_producto,sql:productos:68,0,STRONG_INFERENCE,RESOLVED_NO_PAGE,"Q01: contenido de puerta-seccional-de-acero-perfiles-418.php ya es propiedad de sql:productos:68; no se crea Page independiente."
https://puertasyserviciosindustriales.com/puerta-seccional-de-acero-perfiles-432-uso-medio.php,page,php:puerta-seccional-de-acero-perfiles-432-uso-medio.php,Q01,psi_producto,sql:productos:71,0,STRONG_INFERENCE,RESOLVED_NO_PAGE,"Q01: contenido de puerta-seccional-de-acero-perfiles-432-uso-medio.php ya es propiedad de sql:productos:71; no se crea Page independiente."
https://puertasyserviciosindustriales.com/puerta-seccional-de-acero-sin-aislamiento-416-uso-muy-pesado.php,page,php:puerta-seccional-de-acero-sin-aislamiento-416-uso-muy-pesado.php,Q01,psi_producto,sql:productos:63,0,STRONG_INFERENCE,RESOLVED_NO_PAGE,"Q01: contenido de puerta-seccional-de-acero-sin-aislamiento-416-uso-muy-pesado.php ya es propiedad de sql:productos:63; no se crea Page independiente."
https://puertasyserviciosindustriales.com/puerta-seccional-de-acero-sin-aislamiento-424-uso-pesado.php,page,php:puerta-seccional-de-acero-sin-aislamiento-424-uso-pesado.php,Q01,psi_producto,sql:productos:65,0,STRONG_INFERENCE,RESOLVED_NO_PAGE,"Q01: contenido de puerta-seccional-de-acero-sin-aislamiento-424-uso-pesado.php ya es propiedad de sql:productos:65; no se crea Page independiente."
https://puertasyserviciosindustriales.com/puerta-seccional-de-acero-thermacore-593-uso-medio.php,page,php:puerta-seccional-de-acero-thermacore-593-uso-medio.php,Q01,psi_producto,sql:productos:72,0,STRONG_INFERENCE,RESOLVED_NO_PAGE,"Q01: contenido de puerta-seccional-de-acero-thermacore-593-uso-medio.php ya es propiedad de sql:productos:72; no se crea Page independiente."
https://puertasyserviciosindustriales.com/puerta-seccional-de-acero-thermacore-594-uso-medio.php,page,php:puerta-seccional-de-acero-thermacore-594-uso-medio.php,Q01,psi_producto,sql:productos:73,0,STRONG_INFERENCE,RESOLVED_NO_PAGE,"Q01: contenido de puerta-seccional-de-acero-thermacore-594-uso-medio.php ya es propiedad de sql:productos:73; no se crea Page independiente."
https://puertasyserviciosindustriales.com/puerta-seccional-de-acero-thermacore-595-uso-pesado.php,page,php:puerta-seccional-de-acero-thermacore-595-uso-pesado.php,Q04,psi_producto,static:puerta-seccional-de-acero-thermacore-595-uso-pesado.php,0,STRONG_INFERENCE,RESOLVED_NO_PAGE,"Q04: contenido ya es el producto static:puerta-seccional-de-acero-thermacore-595-uso-pesado.php; no se crea Page independiente."
https://puertasyserviciosindustriales.com/puerta-seccional-de-acero-thermacore-599-uso-muy-pesado.php,page,php:puerta-seccional-de-acero-thermacore-599-uso-muy-pesado.php,Q01,psi_producto,sql:productos:75,0,STRONG_INFERENCE,RESOLVED_NO_PAGE,"Q01: contenido de puerta-seccional-de-acero-thermacore-599-uso-muy-pesado.php ya es propiedad de sql:productos:75; no se crea Page independiente."
https://puertasyserviciosindustriales.com/puerta-seccional-de-acero-thermacore-serie-592.php,page,php:puerta-seccional-de-acero-thermacore-serie-592.php,,,,0,STRONG_INFERENCE,KEEP_REVIEW,"Clasificación PRODUCT_PAGE: conservar evidencia/URL; definir dueño sin duplicar producto, archivo o Page."
https://puertasyserviciosindustriales.com/puerta-y-fijos-louver.php,page,php:puerta-y-fijos-louver.php,,,,0,STRONG_INFERENCE,KEEP_REVIEW,"Clasificación PRODUCT_PAGE: conservar evidencia/URL; definir dueño sin duplicar producto, archivo o Page."
https://puertasyserviciosindustriales.com/puertas-blindadas.php,page,php:puertas-blindadas.php,,,,0,STRONG_INFERENCE,KEEP_REVIEW,"Clasificación PRODUCT_PAGE: conservar evidencia/URL; definir dueño sin duplicar producto, archivo o Page."
https://puertasyserviciosindustriales.com/puertas-contra-incendio.php,page,php:puertas-contra-incendio.php,,,,0,STRONG_INFERENCE,KEEP_REVIEW,"Clasificación PRODUCT_PAGE: conservar evidencia/URL; definir dueño sin duplicar producto, archivo o Page."
https://puertasyserviciosindustriales.com/puertas-contra-rayos-x.php,page,php:puertas-contra-rayos-x.php,Q01,psi_producto,sql:productos:30,0,STRONG_INFERENCE,RESOLVED_NO_PAGE,"Q01: contenido de puertas-contra-rayos-x.php ya es propiedad de sql:productos:30 (Q02); no se crea Page independiente."
https://puertasyserviciosindustriales.com/puertas-industriales-dockman.php,page,php:puertas-industriales-dockman.php,,,,0,STRONG_INFERENCE,KEEP_REVIEW,"Clasificación PRODUCT_PAGE: conservar evidencia/URL; definir dueño sin duplicar producto, archivo o Page."
https://puertasyserviciosindustriales.com/puertas-peatonales-estandar-y-reforzada.php,page,php:puertas-peatonales-estandar-y-reforzada.php,,,,0,CONFIRMED,KEEP_REVIEW,"Clasificación CATEGORY_PAGE: conservar evidencia/URL; definir dueño sin duplicar producto, archivo o Page."
https://puertasyserviciosindustriales.com/puertas-peatonales-hospitales.php,page,php:puertas-peatonales-hospitales.php,Q01,psi_categoria,category:6,0,CONFIRMED,RESOLVED_NO_PAGE,"Q01: contenido ya representado por category:6; no se crea Page independiente."
https://puertasyserviciosindustriales.com/puertas-peatonales-rayos-x.php,page,php:puertas-peatonales-rayos-x.php,Q01,psi_categoria,category:34,0,CONFIRMED,RESOLVED_NO_PAGE,"Q01: contenido ya representado por category:34; no se crea Page independiente."
https://puertasyserviciosindustriales.com/puertas-peatonales-tipo-holandesa.php,page,php:puertas-peatonales-tipo-holandesa.php,Q01,psi_categoria,category:29,0,CONFIRMED,RESOLVED_NO_PAGE,"Q01: contenido ya representado por category:29; no se crea Page independiente."
https://puertasyserviciosindustriales.com/puertas-rapidas.php,page,php:puertas-rapidas.php,Q01,psi_categoria,category:17,0,CONFIRMED,RESOLVED_NO_PAGE,"Q01: contenido ya representado por category:17; no se crea Page independiente."
https://puertasyserviciosindustriales.com/puertas-salida-emergencia.php,page,php:puertas-salida-emergencia.php,Q01,psi_categoria,category:4,0,CONFIRMED,RESOLVED_NO_PAGE,"Q01: contenido ya representado por category:4; no se crea Page independiente."
https://puertasyserviciosindustriales.com/puertas-seccionales-de-acero-aisladas-thermospan-modelo-150.php,page,php:puertas-seccionales-de-acero-aisladas-thermospan-modelo-150.php,,,,0,STRONG_INFERENCE,KEEP_REVIEW,"Clasificación PRODUCT_PAGE: conservar evidencia/URL; definir dueño sin duplicar producto, archivo o Page."
https://puertasyserviciosindustriales.com/puertas-seccionales-de-acero-aisladas-thermospan.php,page,php:puertas-seccionales-de-acero-aisladas-thermospan.php,,,,0,STRONG_INFERENCE,KEEP_REVIEW,"Clasificación PRODUCT_PAGE: conservar evidencia/URL; definir dueño sin duplicar producto, archivo o Page."
https://puertasyserviciosindustriales.com/puertas-seccionales-de-acero-modelo-2415.php,page,php:puertas-seccionales-de-acero-modelo-2415.php,Q01,psi_producto,sql:productos:15,0,STRONG_INFERENCE,RESOLVED_NO_PAGE,"Q01: contenido de puertas-seccionales-de-acero-modelo-2415.php ya es propiedad de sql:productos:15 (Q02); no se crea Page independiente."
https://puertasyserviciosindustriales.com/puertas-seccionales-de-acero-perfiles-426.php,page,php:puertas-seccionales-de-acero-perfiles-426.php,Q01,psi_producto,sql:productos:70,0,STRONG_INFERENCE,RESOLVED_NO_PAGE,"Q01: contenido de puertas-seccionales-de-acero-perfiles-426.php ya es propiedad de sql:productos:70; no se crea Page independiente."
https://puertasyserviciosindustriales.com/puertas-seccionales-de-acero-sin-aislamiento-420-uso-pesado.php,page,php:puertas-seccionales-de-acero-sin-aislamiento-420-uso-pesado.php,Q01,psi_producto,sql:productos:64,0,STRONG_INFERENCE,RESOLVED_NO_PAGE,"Q01: contenido de puertas-seccionales-de-acero-sin-aislamiento-420-uso-pesado.php ya es propiedad de sql:productos:64; no se crea Page independiente."
https://puertasyserviciosindustriales.com/puertas-seccionales-de-acero-thermacore-598-uso-liviano.php,page,php:puertas-seccionales-de-acero-thermacore-598-uso-liviano.php,Q01,psi_producto,sql:productos:74,0,STRONG_INFERENCE,RESOLVED_NO_PAGE,"Q01: contenido de puertas-seccionales-de-acero-thermacore-598-uso-liviano.php ya es propiedad de sql:productos:74; no se crea Page independiente."
https://puertasyserviciosindustriales.com/puertas-seccionales-de-aluminio-521.php,page,php:puertas-seccionales-de-aluminio-521.php,,,,0,STRONG_INFERENCE,KEEP_REVIEW,"Clasificación PRODUCT_PAGE: conservar evidencia/URL; definir dueño sin duplicar producto, archivo o Page."
https://puertasyserviciosindustriales.com/puertas-seccionales-industriales.php,page,php:puertas-seccionales-industriales.php,Q01,psi_categoria,category:8,0,CONFIRMED,RESOLVED_NO_PAGE,"Q01: contenido ya representado por category:8; no se crea Page independiente."
https://puertasyserviciosindustriales.com/puertas-y-fijos-louver.php,page,php:puertas-y-fijos-louver.php,Q01,psi_categoria,category:30,0,CONFIRMED,RESOLVED_NO_PAGE,"Q01: contenido ya representado por category:30; no se crea Page independiente."
https://puertasyserviciosindustriales.com/puertasresidenciales.php,page,php:puertasresidenciales.php,Q01,psi_categoria,category:36,0,CONFIRMED,RESOLVED_NO_PAGE,"Q01: contenido ya representado por category:36; no se crea Page independiente."
https://puertasyserviciosindustriales.com/q-silent-max-eagle-3-4-hp.php,page,php:q-silent-max-eagle-3-4-hp.php,,,,0,STRONG_INFERENCE,KEEP_REVIEW,"Clasificación PRODUCT_PAGE: conservar evidencia/URL; definir dueño sin duplicar producto, archivo o Page."
https://puertasyserviciosindustriales.com/qik-barreras-automaticas-de-hasta-58-m.php,page,php:qik-barreras-automaticas-de-hasta-58-m.php,Q04,psi_producto,static:qik-barreras-automaticas-de-hasta-58-m.php,0,STRONG_INFERENCE,RESOLVED_NO_PAGE,"Q04: contenido ya es el producto static:qik-barreras-automaticas-de-hasta-58-m.php; no se crea Page independiente."
https://puertasyserviciosindustriales.com/rampa-niveladora-mecanica-blue-giant.php,page,php:rampa-niveladora-mecanica-blue-giant.php,Q01,psi_producto,sql:productos:23,0,STRONG_INFERENCE,RESOLVED_NO_PAGE,"Q01: contenido de rampa-niveladora-mecanica-blue-giant.php ya es propiedad de sql:productos:23 (Q02); no se crea Page independiente."
https://puertasyserviciosindustriales.com/rampa-niveladora.php,page,php:rampa-niveladora.php,Q01,psi_categoria,category:10,0,CONFIRMED,RESOLVED_NO_PAGE,"Q01: contenido ya representado por category:10; no se crea Page independiente."
https://puertasyserviciosindustriales.com/rampas-de-anden-hidraulicas-kelley.php,page,php:rampas-de-anden-hidraulicas-kelley.php,,,,0,STRONG_INFERENCE,KEEP_REVIEW,"Clasificación PRODUCT_PAGE: conservar evidencia/URL; definir dueño sin duplicar producto, archivo o Page."
https://puertasyserviciosindustriales.com/rampas-de-anden-hidraulicas.php,page,php:rampas-de-anden-hidraulicas.php,Q01,psi_producto,sql:productos:53,0,STRONG_INFERENCE,RESOLVED_NO_PAGE,"Q01: contenido de rampas-de-anden-hidraulicas.php ya es propiedad de sql:productos:53 (Q02); no se crea Page independiente."
https://puertasyserviciosindustriales.com/rampas-de-anden-mecanicas.php,page,php:rampas-de-anden-mecanicas.php,Q01,psi_producto,sql:productos:56,0,STRONG_INFERENCE,RESOLVED_NO_PAGE,"Q01: contenido de rampas-de-anden-mecanicas.php ya es propiedad de sql:productos:56 (Q02); no se crea Page independiente."
https://puertasyserviciosindustriales.com/rapida-apilable.php,page,php:rapida-apilable.php,,,,0,STRONG_INFERENCE,KEEP_REVIEW,"Clasificación PRODUCT_PAGE: conservar evidencia/URL; definir dueño sin duplicar producto, archivo o Page."
https://puertasyserviciosindustriales.com/rapida-enrollable-industrial.php,page,php:rapida-enrollable-industrial.php,Q01,psi_producto,sql:productos:38,0,STRONG_INFERENCE,RESOLVED_NO_PAGE,"Q01: contenido de rapida-enrollable-industrial.php ya es propiedad de sql:productos:38 (Q02); no se crea Page independiente."
https://puertasyserviciosindustriales.com/receptor-para-control-vehiculos.php,page,php:receptor-para-control-vehiculos.php,Q01,psi_categoria,category:20,0,CONFIRMED,RESOLVED_NO_PAGE,"Q01: contenido ya representado por category:20; no se crea Page independiente."
https://puertasyserviciosindustriales.com/residencial.php,page,php:residencial.php,Q01,psi_categoria,category:7,0,CONFIRMED,RESOLVED_NO_PAGE,"Q01: contenido ya representado por category:7; no se crea Page independiente."
https://puertasyserviciosindustriales.com/retenedor-de-vehiculos.php,page,php:retenedor-de-vehiculos.php,Q01,psi_producto,sql:productos:22,0,STRONG_INFERENCE,RESOLVED_NO_PAGE,"Q01: contenido de retenedor-de-vehiculos.php ya es propiedad de sql:productos:22 (Q02); no se crea Page independiente."
https://puertasyserviciosindustriales.com/retenedor-vehiculos-hvr303.php,page,php:retenedor-vehiculos-hvr303.php,Q01,psi_producto,sql:productos:146,0,STRONG_INFERENCE,RESOLVED_NO_PAGE,"Q01: contenido de retenedor-vehiculos-hvr303.php ya es propiedad de sql:productos:146; no se crea Page independiente."
https://puertasyserviciosindustriales.com/retenedores-de-vehiculos-automatico.php,page,php:retenedores-de-vehiculos-automatico.php,Q04,psi_producto,static:retenedores-de-vehiculos-automatico.php,0,STRONG_INFERENCE,RESOLVED_NO_PAGE,"Q04: contenido ya es el producto static:retenedores-de-vehiculos-automatico.php; no se crea Page independiente."
https://puertasyserviciosindustriales.com/retenedores-de-vehiculos.php,page,php:retenedores-de-vehiculos.php,Q01,psi_categoria,category:22,0,CONFIRMED,RESOLVED_NO_PAGE,"Q01: contenido ya representado por category:22; no se crea Page independiente."
https://puertasyserviciosindustriales.com/rolli-zip.php,page,php:rolli-zip.php,,,,0,STRONG_INFERENCE,KEEP_REVIEW,"Clasificación PRODUCT_PAGE: conservar evidencia/URL; definir dueño sin duplicar producto, archivo o Page."
https://puertasyserviciosindustriales.com/rytec.php,page,php:rytec.php,Q01,psi_marca,brand:7,0,CONFIRMED,RESOLVED_NO_PAGE,"Q01: contenido ya representado por brand:7; no se crea Page independiente."
https://puertasyserviciosindustriales.com/sector-puertas-rapidas-enrollables-de-sectores-intercambiables-y-contrapesos.php,page,php:sector-puertas-rapidas-enrollables-de-sectores-intercambiables-y-contrapesos.php,Q04,psi_producto,static:sector-puertas-rapidas-enrollables-de-sectores-intercambiables-y-contrapesos.php,0,STRONG_INFERENCE,RESOLVED_NO_PAGE,"Q04: contenido ya es el producto static:sector-puertas-rapidas-enrollables-de-sectores-intercambiables-y-contrapesos.php; no se crea Page independiente."
https://puertasyserviciosindustriales.com/sector-reset.php,page,php:sector-reset.php,Q04,psi_producto,static:sector-reset.php,0,STRONG_INFERENCE,RESOLVED_NO_PAGE,"Q04: contenido ya es el producto static:sector-reset.php; no se crea Page independiente."
https://puertasyserviciosindustriales.com/sellos-de-anden.php,page,php:sellos-de-anden.php,Q01,psi_producto,sql:productos:52,0,STRONG_INFERENCE,RESOLVED_NO_PAGE,"Q01: contenido de sellos-de-anden.php ya es propiedad de sql:productos:52 (Q02); no se crea Page independiente."
https://puertasyserviciosindustriales.com/sellos-nacionales.php,page,php:sellos-nacionales.php,,,,0,STRONG_INFERENCE,KEEP_REVIEW,"Clasificación PRODUCT_PAGE: conservar evidencia/URL; definir dueño sin duplicar producto, archivo o Page."
https://puertasyserviciosindustriales.com/sellos-para-anden-shelter-de-soporte-flexible.php,page,php:sellos-para-anden-shelter-de-soporte-flexible.php,Q01,psi_producto,sql:productos:148,0,STRONG_INFERENCE,RESOLVED_NO_PAGE,"Q01: contenido de sellos-para-anden-shelter-de-soporte-flexible.php ya es propiedad de sql:productos:148; no se crea Page independiente."
https://puertasyserviciosindustriales.com/sellos-para-anden.php,page,php:sellos-para-anden.php,Q01,psi_categoria,category:23,0,CONFIRMED,RESOLVED_NO_PAGE,"Q01: contenido ya representado por category:23; no se crea Page independiente."
https://puertasyserviciosindustriales.com/semaforos-senalizaciones-para-anden.php,page,php:semaforos-senalizaciones-para-anden.php,Q01,psi_categoria,category:24,0,CONFIRMED,RESOLVED_NO_PAGE,"Q01: contenido ya representado por category:24; no se crea Page independiente."
https://puertasyserviciosindustriales.com/serie-620.php,page,php:serie-620.php,Q01,psi_producto,sql:productos:7,0,STRONG_INFERENCE,RESOLVED_NO_PAGE,"Q01: contenido de cortina-serie-620.php ya es propiedad de sql:productos:7 (Q02); no se crea Page independiente."
https://puertasyserviciosindustriales.com/serie-x130-motor-para-cortina-oculto.php,page,php:serie-x130-motor-para-cortina-oculto.php,Q01,psi_producto,sql:productos:45,0,STRONG_INFERENCE,RESOLVED_NO_PAGE,"Q01: contenido de serie-x130-motor-para-cortina-oculto.php ya es propiedad de sql:productos:45 (Q02); no se crea Page independiente."
https://puertasyserviciosindustriales.com/sg-onixx-600.php,page,php:sg-onixx-600.php,Q04,psi_producto,static:sg-onixx-600.php,0,STRONG_INFERENCE,RESOLVED_NO_PAGE,"Q04: contenido ya es el producto static:sg-onixx-600.php; no se crea Page independiente."
https://puertasyserviciosindustriales.com/shelter-abrigo-estacionario-blue-giant.php,page,php:shelter-abrigo-estacionario-blue-giant.php,Q01,psi_producto,sql:productos:21,0,STRONG_INFERENCE,RESOLVED_NO_PAGE,"Q01: contenido de shelter-abrigo-estacionario-blue-giant.php ya es propiedad de sql:productos:21 (Q02); no se crea Page independiente."
https://puertasyserviciosindustriales.com/smart-puertas-rapidas-enrollables-de-sectores-intercambiables-con-motor-externo.php,page,php:smart-puertas-rapidas-enrollables-de-sectores-intercambiables-con-motor-externo.php,Q04,psi_producto,static:smart-puertas-rapidas-enrollables-de-sectores-intercambiables-con-motor-externo.php,0,STRONG_INFERENCE,RESOLVED_NO_PAGE,"Q04: contenido ya es el producto static:smart-puertas-rapidas-enrollables-de-sectores-intercambiables-con-motor-externo.php; no se crea Page independiente."
https://puertasyserviciosindustriales.com/soluciones.php,page,php:soluciones.php,,,,0,CONFIRMED,KEEP_REVIEW,"Clasificación CATEGORY_PAGE: conservar evidencia/URL; definir dueño sin duplicar producto, archivo o Page."
https://puertasyserviciosindustriales.com/sprint-automatizaciones-para-puertas-peatonales-pequenas-dimensiones.php,page,php:sprint-automatizaciones-para-puertas-peatonales-pequenas-dimensiones.php,Q04,psi_producto,static:sprint-automatizaciones-para-puertas-peatonales-pequenas-dimensiones.php,0,STRONG_INFERENCE,RESOLVED_NO_PAGE,"Q04: contenido ya es el producto static:sprint-automatizaciones-para-puertas-peatonales-pequenas-dimensiones.php; no se crea Page independiente."
https://puertasyserviciosindustriales.com/star1000-receptor-comercial.php,page,php:star1000-receptor-comercial.php,Q04,psi_producto,static:star1000-receptor-comercial.php,0,STRONG_INFERENCE,RESOLVED_NO_PAGE,"Q04: contenido ya es el producto static:star1000-receptor-comercial.php; no se crea Page independiente."
https://puertasyserviciosindustriales.com/star4-vehicle-restraint.php,page,php:star4-vehicle-restraint.php,Q01,psi_producto,sql:productos:25,0,STRONG_INFERENCE,RESOLVED_NO_PAGE,"Q01: contenido de star4-vehicle-restraint.php ya es propiedad de sql:productos:25 (Q02); no se crea Page independiente."
https://puertasyserviciosindustriales.com/tiras-plasticas.php,page,php:tiras-plasticas.php,Q01,psi_categoria,category:16,0,CONFIRMED,RESOLVED_NO_PAGE,"Q01: contenido ya representado por category:16; no se crea Page independiente."
https://puertasyserviciosindustriales.com/traffic.php,page,php:traffic.php,Q04,psi_producto,static:traffic.php,0,STRONG_INFERENCE,RESOLVED_NO_PAGE,"Q04: contenido ya es el producto static:traffic.php; no se crea Page independiente."
https://puertasyserviciosindustriales.com/upper-up8e-barreras-automaticas-de-hasta-8-m.php,page,php:upper-up8e-barreras-automaticas-de-hasta-8-m.php,Q04,psi_producto,static:upper-up8e-barreras-automaticas-de-hasta-8-m.php,0,STRONG_INFERENCE,RESOLVED_NO_PAGE,"Q04: contenido ya es el producto static:upper-up8e-barreras-automaticas-de-hasta-8-m.php; no se crea Page independiente."
https://puertasyserviciosindustriales.com/vertigo.php,page,php:vertigo.php,Q01,psi_producto,sql:productos:42,0,STRONG_INFERENCE,RESOLVED_NO_PAGE,"Q01: contenido de vertigo.php ya es propiedad de sql:productos:42 (Q02); no se crea Page independiente."
https://puertasyserviciosindustriales.com/wayne-dalton.php,page,php:wayne-dalton.php,Q01,psi_marca,brand:2,0,CONFIRMED,RESOLVED_NO_PAGE,"Q01: contenido ya representado por brand:2; no se crea Page independiente."
https://puertasyserviciosindustriales.com/wel-aotmatizacion-de-puertas-peatonales-pequena-y-robusta.php,page,php:wel-aotmatizacion-de-puertas-peatonales-pequena-y-robusta.php,Q04,psi_producto,static:wel-aotmatizacion-de-puertas-peatonales-pequena-y-robusta.php,0,STRONG_INFERENCE,RESOLVED_NO_PAGE,"Q04: contenido ya es el producto static:wel-aotmatizacion-de-puertas-peatonales-pequena-y-robusta.php; no se crea Page independiente."
https://puertasyserviciosindustriales.com/xel-5-selector-de-llave.php,page,php:xel-5-selector-de-llave.php,Q04,psi_producto,static:xel-5-selector-de-llave.php,0,STRONG_INFERENCE,RESOLVED_NO_PAGE,"Q04: contenido ya es el producto static:xel-5-selector-de-llave.php; no se crea Page independiente."
https://puertasyserviciosindustriales.com/1500-revolving-door.php,static_product,static:1500-revolving-door.php,Q04,psi_producto,static:1500-revolving-door.php,0,,RESOLVED_NO_PAGE,"Q04: ficha sin correspondencia SQL fuerte; producto real, sin categoria ni marca asignada (pendiente decision editorial posterior, no deducida por nombre/menu/semejanza)."
https://puertasyserviciosindustriales.com/automatismos-para-cancelas-cubic.php,static_product,static:automatismos-para-cancelas-cubic.php,Q04,psi_producto,static:automatismos-para-cancelas-cubic.php,0,,RESOLVED_NO_PAGE,"Ensayo técnico privado autorizado en Prompt 6; no aprobación del catálogo productivo. Texto CUBIC extraído del PHP; marca/categoría permanecen vacías según suplemento."
https://puertasyserviciosindustriales.com/bix-al-antena-externa-433-mhz.php,static_product,static:bix-al-antena-externa-433-mhz.php,Q04,psi_producto,static:bix-al-antena-externa-433-mhz.php,0,,RESOLVED_NO_PAGE,"Q04: ficha sin correspondencia SQL fuerte; producto real, sin categoria ni marca asignada (pendiente decision editorial posterior, no deducida por nombre/menu/semejanza)."
https://puertasyserviciosindustriales.com/com-programadores-digitales-y-rotativos.php,static_product,static:com-programadores-digitales-y-rotativos.php,Q04,psi_producto,static:com-programadores-digitales-y-rotativos.php,0,,RESOLVED_NO_PAGE,"Q04: ficha sin correspondencia SQL fuerte; producto real, sin categoria ni marca asignada (pendiente decision editorial posterior, no deducida por nombre/menu/semejanza)."
https://puertasyserviciosindustriales.com/cross-3e.php,static_product,static:cross-3e.php,Q04,psi_producto,static:cross-3e.php,0,,RESOLVED_NO_PAGE,"Q04: ficha sin correspondencia SQL fuerte; producto real, sin categoria ni marca asignada (pendiente decision editorial posterior, no deducida por nombre/menu/semejanza)."
https://puertasyserviciosindustriales.com/detector-de-masas-max-eagle.php,static_product,static:detector-de-masas-max-eagle.php,Q04,psi_producto,static:detector-de-masas-max-eagle.php,0,,RESOLVED_NO_PAGE,"Q04: ficha sin correspondencia SQL fuerte; producto real, sin categoria ni marca asignada (pendiente decision editorial posterior, no deducida por nombre/menu/semejanza)."
https://puertasyserviciosindustriales.com/ditec-neos-y-neos.php,static_product,static:ditec-neos-y-neos.php,Q04,psi_producto,static:ditec-neos-y-neos.php,0,,RESOLVED_NO_PAGE,"Q04: ficha sin correspondencia SQL fuerte; producto real, sin categoria ni marca asignada (pendiente decision editorial posterior, no deducida por nombre/menu/semejanza)."
https://puertasyserviciosindustriales.com/dod-automatizacion-compacto-y-potente-para-portones-seccionales-correderos-y-enrollables.php,static_product,static:dod-automatizacion-compacto-y-potente-para-portones-seccionales-correderos-y-enrollables.php,Q04,psi_producto,static:dod-automatizacion-compacto-y-potente-para-portones-seccionales-correderos-y-enrollables.php,0,,RESOLVED_NO_PAGE,"Q04: ficha sin correspondencia SQL fuerte; producto real, sin categoria ni marca asignada (pendiente decision editorial posterior, no deducida por nombre/menu/semejanza)."
https://puertasyserviciosindustriales.com/dura-glide-20003000-puerta.php,static_product,static:dura-glide-20003000-puerta.php,,,,0,,KEEP_REVIEW,"Ficha/familia estática: decidir entidad y contenido; no convertir automáticamente a producto."
https://puertasyserviciosindustriales.com/fotoceldas.php,static_product,static:fotoceldas.php,Q04,psi_producto,static:fotoceldas.php,0,,RESOLVED_NO_PAGE,"Q04: ficha sin correspondencia SQL fuerte; producto real, sin categoria ni marca asignada (pendiente decision editorial posterior, no deducida por nombre/menu/semejanza)."
https://puertasyserviciosindustriales.com/gol-transmisores-de-cuatro-canales.php,static_product,static:gol-transmisores-de-cuatro-canales.php,Q04,psi_producto,static:gol-transmisores-de-cuatro-canales.php,0,,RESOLVED_NO_PAGE,"Q04: ficha sin correspondencia SQL fuerte; producto real, sin categoria ni marca asignada (pendiente decision editorial posterior, no deducida por nombre/menu/semejanza)."
https://puertasyserviciosindustriales.com/lab-4-fotocelulas-de-rayos-infrarrojos.php,static_product,static:lab-4-fotocelulas-de-rayos-infrarrojos.php,Q04,psi_producto,static:lab-4-fotocelulas-de-rayos-infrarrojos.php,0,,RESOLVED_NO_PAGE,"Q04: ficha sin correspondencia SQL fuerte; producto real, sin categoria ni marca asignada (pendiente decision editorial posterior, no deducida por nombre/menu/semejanza)."
https://puertasyserviciosindustriales.com/lab-9-detectores-de-volumen-de-metal-loop.php,static_product,static:lab-9-detectores-de-volumen-de-metal-loop.php,Q04,psi_producto,static:lab-9-detectores-de-volumen-de-metal-loop.php,0,,RESOLVED_NO_PAGE,"Q04: ficha sin correspondencia SQL fuerte; producto real, sin categoria ni marca asignada (pendiente decision editorial posterior, no deducida por nombre/menu/semejanza)."
https://puertasyserviciosindustriales.com/lan-4-sistema-de-teclado-con-combinacion-digital.php,static_product,static:lan-4-sistema-de-teclado-con-combinacion-digital.php,Q04,psi_producto,static:lan-4-sistema-de-teclado-con-combinacion-digital.php,0,,RESOLVED_NO_PAGE,"Q04: ficha sin correspondencia SQL fuerte; producto real, sin categoria ni marca asignada (pendiente decision editorial posterior, no deducida por nombre/menu/semejanza)."
https://puertasyserviciosindustriales.com/lan-7-sistema-de-mando-de-proximidad-de-tarjetas-con-tecnologia-transponder.php,static_product,static:lan-7-sistema-de-mando-de-proximidad-de-tarjetas-con-tecnologia-transponder.php,Q04,psi_producto,static:lan-7-sistema-de-mando-de-proximidad-de-tarjetas-con-tecnologia-transponder.php,0,,RESOLVED_NO_PAGE,"Q04: ficha sin correspondencia SQL fuerte; producto real, sin categoria ni marca asignada (pendiente decision editorial posterior, no deducida por nombre/menu/semejanza)."
https://puertasyserviciosindustriales.com/light-communication-system-lcs.php,static_product,static:light-communication-system-lcs.php,Q04,psi_producto,static:light-communication-system-lcs.php,0,,RESOLVED_NO_PAGE,"Q04: ficha sin correspondencia SQL fuerte; producto real, sin categoria ni marca asignada (pendiente decision editorial posterior, no deducida por nombre/menu/semejanza)."
https://puertasyserviciosindustriales.com/luxo-robusto-e-incansable-para-servicios-intensivos-para-hojas-de-hasta-5-m.php,static_product,static:luxo-robusto-e-incansable-para-servicios-intensivos-para-hojas-de-hasta-5-m.php,Q04,psi_producto,static:luxo-robusto-e-incansable-para-servicios-intensivos-para-hojas-de-hasta-5-m.php,0,,RESOLVED_NO_PAGE,"Q04: ficha sin correspondencia SQL fuerte; producto real, sin categoria ni marca asignada (pendiente decision editorial posterior, no deducida por nombre/menu/semejanza)."
https://puertasyserviciosindustriales.com/magic-fuerza-del-operador.php,static_product,static:magic-fuerza-del-operador.php,,,,0,,KEEP_REVIEW,"Ficha/familia estática: decidir entidad y contenido; no convertir automáticamente a producto."
https://puertasyserviciosindustriales.com/pas-sensores-volumetricos.php,static_product,static:pas-sensores-volumetricos.php,Q04,psi_producto,static:pas-sensores-volumetricos.php,0,,RESOLVED_NO_PAGE,"Q04: ficha sin correspondencia SQL fuerte; producto real, sin categoria ni marca asignada (pendiente decision editorial posterior, no deducida por nombre/menu/semejanza)."
https://puertasyserviciosindustriales.com/puerta-seccional-de-acero-thermacore-595-uso-pesado.php,static_product,static:puerta-seccional-de-acero-thermacore-595-uso-pesado.php,Q04,psi_producto,static:puerta-seccional-de-acero-thermacore-595-uso-pesado.php,0,,RESOLVED_NO_PAGE,"Q04: ficha sin correspondencia SQL fuerte; producto real, sin categoria ni marca asignada (pendiente decision editorial posterior, no deducida por nombre/menu/semejanza)."
https://puertasyserviciosindustriales.com/qik-barreras-automaticas-de-hasta-58-m.php,static_product,static:qik-barreras-automaticas-de-hasta-58-m.php,Q04,psi_producto,static:qik-barreras-automaticas-de-hasta-58-m.php,0,,RESOLVED_NO_PAGE,"Q04: ficha sin correspondencia SQL fuerte; producto real, sin categoria ni marca asignada (pendiente decision editorial posterior, no deducida por nombre/menu/semejanza)."
https://puertasyserviciosindustriales.com/retenedores-de-vehiculos-automatico.php,static_product,static:retenedores-de-vehiculos-automatico.php,Q04,psi_producto,static:retenedores-de-vehiculos-automatico.php,0,,RESOLVED_NO_PAGE,"Q04: ficha sin correspondencia SQL fuerte; producto real, sin categoria ni marca asignada (pendiente decision editorial posterior, no deducida por nombre/menu/semejanza)."
https://puertasyserviciosindustriales.com/sector-puertas-rapidas-enrollables-de-sectores-intercambiables-y-contrapesos.php,static_product,static:sector-puertas-rapidas-enrollables-de-sectores-intercambiables-y-contrapesos.php,Q04,psi_producto,static:sector-puertas-rapidas-enrollables-de-sectores-intercambiables-y-contrapesos.php,0,,RESOLVED_NO_PAGE,"Q04: ficha sin correspondencia SQL fuerte; producto real, sin categoria ni marca asignada (pendiente decision editorial posterior, no deducida por nombre/menu/semejanza)."
https://puertasyserviciosindustriales.com/sector-reset.php,static_product,static:sector-reset.php,Q04,psi_producto,static:sector-reset.php,0,,RESOLVED_NO_PAGE,"Q04: ficha sin correspondencia SQL fuerte; producto real, sin categoria ni marca asignada (pendiente decision editorial posterior, no deducida por nombre/menu/semejanza)."
https://puertasyserviciosindustriales.com/sg-onixx-600.php,static_product,static:sg-onixx-600.php,Q04,psi_producto,static:sg-onixx-600.php,0,,RESOLVED_NO_PAGE,"Q04: ficha sin correspondencia SQL fuerte; producto real, sin categoria ni marca asignada (pendiente decision editorial posterior, no deducida por nombre/menu/semejanza)."
https://puertasyserviciosindustriales.com/smart-puertas-rapidas-enrollables-de-sectores-intercambiables-con-motor-externo.php,static_product,static:smart-puertas-rapidas-enrollables-de-sectores-intercambiables-con-motor-externo.php,Q04,psi_producto,static:smart-puertas-rapidas-enrollables-de-sectores-intercambiables-con-motor-externo.php,0,,RESOLVED_NO_PAGE,"Q04: ficha sin correspondencia SQL fuerte; producto real, sin categoria ni marca asignada (pendiente decision editorial posterior, no deducida por nombre/menu/semejanza)."
https://puertasyserviciosindustriales.com/sprint-automatizaciones-para-puertas-peatonales-pequenas-dimensiones.php,static_product,static:sprint-automatizaciones-para-puertas-peatonales-pequenas-dimensiones.php,Q04,psi_producto,static:sprint-automatizaciones-para-puertas-peatonales-pequenas-dimensiones.php,0,,RESOLVED_NO_PAGE,"Q04: ficha sin correspondencia SQL fuerte; producto real, sin categoria ni marca asignada (pendiente decision editorial posterior, no deducida por nombre/menu/semejanza)."
https://puertasyserviciosindustriales.com/star1000-receptor-comercial.php,static_product,static:star1000-receptor-comercial.php,Q04,psi_producto,static:star1000-receptor-comercial.php,0,,RESOLVED_NO_PAGE,"Q04: ficha sin correspondencia SQL fuerte; producto real, sin categoria ni marca asignada (pendiente decision editorial posterior, no deducida por nombre/menu/semejanza)."
https://puertasyserviciosindustriales.com/traffic.php,static_product,static:traffic.php,Q04,psi_producto,static:traffic.php,0,,RESOLVED_NO_PAGE,"Q04: ficha sin correspondencia SQL fuerte; producto real, sin categoria ni marca asignada (pendiente decision editorial posterior, no deducida por nombre/menu/semejanza)."
https://puertasyserviciosindustriales.com/upper-up8e-barreras-automaticas-de-hasta-8-m.php,static_product,static:upper-up8e-barreras-automaticas-de-hasta-8-m.php,Q04,psi_producto,static:upper-up8e-barreras-automaticas-de-hasta-8-m.php,0,,RESOLVED_NO_PAGE,"Q04: ficha sin correspondencia SQL fuerte; producto real, sin categoria ni marca asignada (pendiente decision editorial posterior, no deducida por nombre/menu/semejanza)."
https://puertasyserviciosindustriales.com/wel-aotmatizacion-de-puertas-peatonales-pequena-y-robusta.php,static_product,static:wel-aotmatizacion-de-puertas-peatonales-pequena-y-robusta.php,Q04,psi_producto,static:wel-aotmatizacion-de-puertas-peatonales-pequena-y-robusta.php,0,,RESOLVED_NO_PAGE,"Q04: ficha sin correspondencia SQL fuerte; producto real, sin categoria ni marca asignada (pendiente decision editorial posterior, no deducida por nombre/menu/semejanza)."
https://puertasyserviciosindustriales.com/xel-5-selector-de-llave.php,static_product,static:xel-5-selector-de-llave.php,Q04,psi_producto,static:xel-5-selector-de-llave.php,0,,RESOLVED_NO_PAGE,"Q04: ficha sin correspondencia SQL fuerte; producto real, sin categoria ni marca asignada (pendiente decision editorial posterior, no deducida por nombre/menu/semejanza)."
