legacy_path,source_sha256,bucket,approval_type,classification_or_rule,products_pmr,entity_action,entity_still_review_reason,notes
fichas/puerta-424.pdf,0a7193edcd8929ac114043fcbffb8e53109ce4363f062cb269f2062ce9e1b4f8,A,sanitized,PDF-SANITIZE-EMBEDDEDFILE-V1,,REVIEW,VALID_BYTES_REQUIRES_APPROVAL,"Q05: gemelo binario exacto (mismo SHA-256) de system/files/images/productos/639b9801..., ya aprobado y saneado arriba; misma ficha (producto 65) alcanzada por la ruta estatica de pagina en vez de la ruta derivada de SQL. Reutiliza el mismo saneado por contenido; no se regenera."
fichas/puerta-430.pdf,0a7193edcd8929ac114043fcbffb8e53109ce4363f062cb269f2062ce9e1b4f8,A,sanitized,PDF-SANITIZE-EMBEDDEDFILE-V1,,REVIEW,VALID_BYTES_REQUIRES_APPROVAL,"Q05: gemelo binario exacto de system/files/images/productos/639b9801... (producto 66), misma logica que puerta-424.pdf. Reutiliza el mismo saneado por contenido."
fichas/puerta-seccional-418.pdf,a922b6ce9f9ca80b565a3b24be27a086f555aa305db9b9135443c079d93255df,A,sanitized,PDF-SANITIZE-EMBEDDEDFILE-V1,,REVIEW,VALID_BYTES_REQUIRES_APPROVAL,"Q05: gemelo binario exacto de system/files/images/productos/7ab52eec... (producto 68). Reutiliza el mismo saneado por contenido."
fichas/puerta-seccional-422.pdf,a922b6ce9f9ca80b565a3b24be27a086f555aa305db9b9135443c079d93255df,A,sanitized,PDF-SANITIZE-EMBEDDEDFILE-V1,,REVIEW,VALID_BYTES_REQUIRES_APPROVAL,"Q05: gemelo binario exacto de system/files/images/productos/7ab52eec... (producto 69). Reutiliza el mismo saneado por contenido."
fichas/puerta-seccional-426.pdf,703eb6311aaedddf3dd24a8e6b75089463317352f174f672c8d5002e3dfd574f,A,sanitized,PDF-SANITIZE-EMBEDDEDFILE-V1,,REVIEW,VALID_BYTES_REQUIRES_APPROVAL,"Q05: gemelo binario exacto de system/files/images/productos/3af12bf1... (producto 70). Reutiliza el mismo saneado por contenido."
fichas/puerta-seccional-432.pdf,703eb6311aaedddf3dd24a8e6b75089463317352f174f672c8d5002e3dfd574f,A,sanitized,PDF-SANITIZE-EMBEDDEDFILE-V1,,REVIEW,VALID_BYTES_REQUIRES_APPROVAL,"Q05: gemelo binario exacto de system/files/images/productos/3af12bf1... (producto 71). Reutiliza el mismo saneado por contenido."
fichas/puerta-thermacore-593.pdf,7e501c26a5bfc0c02da8899de34a0b6a2bef31bbb42c2124a5c3995ad803a3ee,A,sanitized,PDF-SANITIZE-EMBEDDEDFILE-V1,,REVIEW,VALID_BYTES_REQUIRES_APPROVAL,"Q05: gemelo binario exacto de system/files/images/productos/7baea774... (producto 72). Reutiliza el mismo saneado por contenido."
fichas/puerta-thermacore-594.pdf,7e501c26a5bfc0c02da8899de34a0b6a2bef31bbb42c2124a5c3995ad803a3ee,A,sanitized,PDF-SANITIZE-EMBEDDEDFILE-V1,,REVIEW,VALID_BYTES_REQUIRES_APPROVAL,"Q05: gemelo binario exacto de system/files/images/productos/7baea774... (producto 73). Reutiliza el mismo saneado por contenido."
fichas/puerta-521.pdf,e8ac9a72e867f60aa21665abd004640f2fac4e477b025eae8b7b9a8ae7222e01,A,sanitized,PDF-SANITIZE-EMBEDDEDFILE-V1,,REVIEW,VALID_BYTES_REQUIRES_APPROVAL,"Q05: gemelo binario exacto de system/files/images/productos/7cf4babf... (producto 67), ruta estatica de pagina del mismo archivo. Reutiliza el mismo saneado por contenido."
fichas/puerta-thermacore-595.pdf,8e4b232791099c29a4616cae17d42ee1c8c9637af06f83e25a640505a91026b2,A,sanitized,PDF-SANITIZE-EMBEDDEDFILE-V1,,REVIEW,VALID_BYTES_REQUIRES_APPROVAL,"Q05: contenido nuevo (no es gemelo de ningun hash ya aprobado), pero mismo perfil estructural que el Grupo A: unico objeto /EmbeddedFile pasivo (ajuste de conversion Adobe Distiller, texto plano), sin /OpenAction, /AA, /AcroForm ni /Names/JavaScript (verificado con pikepdf, recorrido estructural completo). Sin producto propietario documentado en product-master.csv ni product-media-relations.csv (permanece en el grupo de medios sin referencia, fuera del alcance de Q05/Q02/Q06). Se autoriza copia sanitizada igual que el resto del Grupo A."
fichas/rhx-commercial-operator-brochure.pdf,525617851dbf6430bb53100d0fdef5a95b0a048b0bc20f3778005bb48cd788ca,B,exception,SAFE_PDF_FALSE_POSITIVE,,REVIEW,VALID_BYTES_REQUIRES_APPROVAL,"Q05: gemelo binario exacto de system/files/images/productos/3e620ed8... (mismo producto 77, alcanzado por la ruta estatica de pagina). Misma excepcion, gateada por este hash y esta ruta exactos."
fichas/Cortina-serie-610-620.pdf,da92b4c85c86a66b1cae255adcb4c0b61f75d37d36ef5272696bc922cd6ca838,B,exception,SAFE_PDF_FALSE_POSITIVE,,REVIEW,VALID_BYTES_REQUIRES_APPROVAL,"Q05: gemelo binario exacto de system/files/images/productos/98b07de6... (mismo producto 95, ruta estatica de pagina). Misma excepcion, gateada por este hash y esta ruta exactos."
fichas/Icaro-smart-AC-Aes.pdf,59e03db70ddceee5c79478129ceeedde4a469893d60f00afe83c8c836040f6f4,B,exception,SAFE_PDF_BENIGN_INTERNAL_ACTION,,REVIEW,VALID_BYTES_REQUIRES_APPROVAL,"Q05: la coincidencia es /OpenAction real (no casual), pero su valor es un destino de vista explicito ([pagina /Fit], sin diccionario /S de accion) que solo indica con que zoom/pagina abrir el documento -- no ejecuta nada. Recorrido completo del grafo de objetos con pikepdf: cero acciones peligrosas (/Launch, /URI, /JavaScript, /SubmitForm, /ImportData, /GoToR, /GoToE, /Sound, /Movie, /Rendition, /Hide) en todo el archivo; sin /EmbeddedFile, /AcroForm ni /Names/JavaScript. Sin producto propietario documentado (medio sin referencia, fuera del alcance de Q02/Q06)."
fichas/Clopay-3720-07.pdf,4b1e655cb7fe72789212f01e6578fba7773cfd0f2c7d4f03d968e666d3a82638,B,exception,SAFE_PDF_BENIGN_INTERNAL_ACTION,,MIGRATE,,"Q05: /OpenAction real con /S /GoTo. El destino ([0] del arreglo) es un objeto /Page dentro del MISMO documento (verificado con pikepdf; no es referencia remota ni a archivo externo). Recorrido completo del grafo de objetos: cero acciones peligrosas en todo el archivo (ver system/files/images/productos/b6b8d27d..., mismo contenido). Sin /EmbeddedFile, /AcroForm ni /Names/JavaScript."
system/files/images/productos/b6b8d27db846f68a7050c59a82b2e31ff137b7e4,4b1e655cb7fe72789212f01e6578fba7773cfd0f2c7d4f03d968e666d3a82638,B,exception,SAFE_PDF_BENIGN_INTERNAL_ACTION,19|61,REVIEW,VALID_BYTES_REQUIRES_APPROVAL,"Q05: gemelo binario exacto de fichas/Clopay-3720-07.pdf (mismos productos 19/61, ruta derivada de SQL). Misma excepcion, gateada por este hash y esta ruta exactos."
fichas/CMDC-0524SP-14-1.pdf,4c0e907d3846a72f5bea4da1e2f2d67d2afdaab66211045725eee9b430bdbf4e,B,exception,SAFE_PDF_BENIGN_INTERNAL_ACTION,,MIGRATE,,"Q05: /OpenAction real con /S /GoTo hacia un /Page del mismo documento (verificado con pikepdf). Recorrido completo del grafo de objetos: cero acciones peligrosas. Sin /EmbeddedFile, /AcroForm ni /Names/JavaScript."
system/files/images/productos/e1fc3c722338060ac5bc7cf2ece07503d6bc4a0c,4c0e907d3846a72f5bea4da1e2f2d67d2afdaab66211045725eee9b430bdbf4e,B,exception,SAFE_PDF_BENIGN_INTERNAL_ACTION,18|58,REVIEW,VALID_BYTES_REQUIRES_APPROVAL,"Q05: gemelo binario exacto de fichas/CMDC-0524SP-14-1.pdf (mismos productos 18/58, ruta derivada de SQL). Misma excepcion, gateada por este hash y esta ruta exactos."
fichas/CMDC-3717-3718-11.pdf,56136ae68c00fd76ee16c50cbaefabd8eb5ea8e581142f59287b5b05ab9c2ec1,B,exception,SAFE_PDF_BENIGN_INTERNAL_ACTION,,REVIEW,VALID_BYTES_REQUIRES_APPROVAL,"Q05: /OpenAction real con /S /GoTo hacia un /Page del mismo documento (verificado con pikepdf). Recorrido completo del grafo de objetos: cero acciones peligrosas. Sin /EmbeddedFile, /AcroForm ni /Names/JavaScript."
system/files/images/productos/74237414514c37fbc6273d2d8ed63ba0af98464d,56136ae68c00fd76ee16c50cbaefabd8eb5ea8e581142f59287b5b05ab9c2ec1,B,exception,SAFE_PDF_BENIGN_INTERNAL_ACTION,2|17,REVIEW,VALID_BYTES_REQUIRES_APPROVAL,"Q05: gemelo binario exacto de fichas/CMDC-3717-3718-11.pdf (mismos productos 2/17, ruta derivada de SQL). Misma excepcion, gateada por este hash y esta ruta exactos."
fichas/lisos.pdf,9f243ab6101cecf78a08deb6c11900c1a017d409e6baa53c958cd13dc2f532e0,B,exception,SAFE_PDF_BENIGN_INTERNAL_ACTION,,REVIEW,VALID_BYTES_REQUIRES_APPROVAL,"Q05: /OpenAction real con /S /GoTo hacia un /Page del mismo documento (verificado con pikepdf). Recorrido completo del grafo de objetos: cero acciones peligrosas. Sin /EmbeddedFile, /AcroForm ni /Names/JavaScript. Productos 6/16/20/107 son el registro de conflicto de fabricante D03 (ver Policy.php BRAND_CONFLICT_PRODUCTS); esta excepcion resuelve unicamente el bloqueo de seguridad del PDF, no el conflicto de marca, que sigue REVIEW por su propia causa."
system/files/images/productos/1bc8deceeea60e7d404142cf859897e4e36ccc86,9f243ab6101cecf78a08deb6c11900c1a017d409e6baa53c958cd13dc2f532e0,B,exception,SAFE_PDF_BENIGN_INTERNAL_ACTION,6|16|20|107,REVIEW,VALID_BYTES_REQUIRES_APPROVAL,"Q05: gemelo binario exacto de fichas/lisos.pdf (ruta derivada de SQL). Misma excepcion, gateada por este hash y esta ruta exactos. Mismo conflicto de marca D03 pendiente por causa separada."
fichas/commercial-aluminum-door-systems-brochure.pdf,8dc41cef299a6fff42f35586d57cadf6d24bacbe36c327467c91a69dc4c6a8b3,B,exception,SAFE_PDF_FALSE_POSITIVE,,REVIEW,VALID_BYTES_REQUIRES_APPROVAL,"Q05: sin /EmbeddedFile, /OpenAction, /AA ni /Names/JavaScript en todo el documento (verificado con pikepdf, recorrido estructural completo); la coincidencia con la expresion de deteccion es casual dentro de un stream binario comprimido. Se autoriza como excepcion puntual gateada por este hash y esta ruta exactos."
system/files/images/productos/282c6618830434da376551106d0722c97a5f2416,8dc41cef299a6fff42f35586d57cadf6d24bacbe36c327467c91a69dc4c6a8b3,B,exception,SAFE_PDF_FALSE_POSITIVE,5|88,REVIEW,VALID_BYTES_REQUIRES_APPROVAL,"Q05: gemelo binario exacto de fichas/commercial-aluminum-door-systems-brochure.pdf (ruta derivada de SQL). Misma excepcion, gateada por este hash y esta ruta exactos."
fichas/Kelley-Hydraulic-Dock-Leveler-Brochure_web.pdf,d1af1d5b7a74f8bdda6761f7b3b30ccecec3bfd93fc5d966b2bb6bd202d0de27,B,exception,SAFE_PDF_FALSE_POSITIVE,,REVIEW,VALID_BYTES_REQUIRES_APPROVAL,"Q05: sin /EmbeddedFile, /OpenAction, /AA ni /Names/JavaScript en todo el documento (verificado con pikepdf, recorrido estructural completo); coincidencia casual. Se autoriza como excepcion puntual gateada por este hash y esta ruta exactos. Producto 3 es el registro de conflicto de categoria D06 (Policy.php CATEGORY_CONFLICT_PRODUCTS); esta excepcion resuelve unicamente el bloqueo de seguridad del PDF, no ese conflicto."
system/files/images/productos/270dc5e4c6c6812ee093439acca26905e68f7d8d,d1af1d5b7a74f8bdda6761f7b3b30ccecec3bfd93fc5d966b2bb6bd202d0de27,B,exception,SAFE_PDF_FALSE_POSITIVE,3|24|139,REVIEW,VALID_BYTES_REQUIRES_APPROVAL,"Q05: gemelo binario exacto de fichas/Kelley-Hydraulic-Dock-Leveler-Brochure_web.pdf (ruta derivada de SQL). Misma excepcion, gateada por este hash y esta ruta exactos."
fichas/moovi50rm.pdf,b40a5af2a94250cc800336c668821dd1f54f3f28f1c6ef3ed8f4a35beb3ed1cd,B,exception,SAFE_PDF_FALSE_POSITIVE,,REVIEW,VALID_BYTES_REQUIRES_APPROVAL,"Q05: sin /EmbeddedFile, /OpenAction, /AA ni /Names/JavaScript en todo el documento (verificado con pikepdf, recorrido estructural completo); coincidencia casual. Se autoriza como excepcion puntual gateada por este hash y esta ruta exactos."
system/files/images/productos/9950f4930279c555f7be5fcc6d4382d10784836b,b40a5af2a94250cc800336c668821dd1f54f3f28f1c6ef3ed8f4a35beb3ed1cd,B,exception,SAFE_PDF_FALSE_POSITIVE,44|123|125|135,REVIEW,VALID_BYTES_REQUIRES_APPROVAL,"Q05: gemelo binario exacto de fichas/moovi50rm.pdf (ruta derivada de SQL). Misma excepcion, gateada por este hash y esta ruta exactos."
fichas/rolling-steel-doors-610-620-brochure.pdf,9baa5d63b37b5e11e3877d383c1c6a1d79d45e9cac57495fad648de204da0883,B,exception,SAFE_PDF_FALSE_POSITIVE,,MIGRATE,,"Q05: sin /EmbeddedFile, /OpenAction, /AA ni /Names/JavaScript en todo el documento (verificado con pikepdf, recorrido estructural completo); coincidencia casual. Se autoriza como excepcion puntual gateada por este hash y esta ruta exactos."
system/files/images/productos/6e1ed3d9b7cfc7e53a9396670b592b8e0a0aa2da,9baa5d63b37b5e11e3877d383c1c6a1d79d45e9cac57495fad648de204da0883,B,exception,SAFE_PDF_FALSE_POSITIVE,7|91,REVIEW,VALID_BYTES_REQUIRES_APPROVAL,"Q05: gemelo binario exacto de fichas/rolling-steel-doors-610-620-brochure.pdf (ruta derivada de SQL). Misma excepcion, gateada por este hash y esta ruta exactos."
fichas/StrongArm_HVR303_Brochure_Spanish.pdf,63b50f31f52cad064dfabe524ec2fee7c18a088ac99d5792ca34fb7fe7c09353,B,exception,SAFE_PDF_FALSE_POSITIVE,,MIGRATE,,"Q05: sin /EmbeddedFile, /OpenAction, /AA ni /Names/JavaScript en todo el documento (verificado con pikepdf, recorrido estructural completo); coincidencia casual. Se autoriza como excepcion puntual gateada por este hash y esta ruta exactos."
system/files/images/productos/f23e43600d8606ddea73c29f700d164d5afc0552,63b50f31f52cad064dfabe524ec2fee7c18a088ac99d5792ca34fb7fe7c09353,B,exception,SAFE_PDF_FALSE_POSITIVE,22|144,REVIEW,VALID_BYTES_REQUIRES_APPROVAL,"Q05: gemelo binario exacto de fichas/StrongArm_HVR303_Brochure_Spanish.pdf (ruta derivada de SQL). Misma excepcion, gateada por este hash y esta ruta exactos."
system/files/images/productos/800c352920fab91fa561da8cbc0cda7af293ddbf,06654d8d65cc09ccf19d04453a004c20c4fe50b1b011f433f9daa977b71b8694,B,exception,SAFE_PDF_FALSE_POSITIVE,165,SKIP,,"Q05: sin /EmbeddedFile, /OpenAction, /AA ni /Names/JavaScript en todo el documento (verificado con pikepdf, recorrido estructural completo); coincidencia casual. Se autoriza como excepcion puntual gateada por este hash y esta ruta exactos. NOTA: unico propietario en product-media-relations.csv es el producto SQL 165 ('Prueba'), excluido por Q06 (opcion A, registros vacios/prueba). Esta excepcion resuelve el bloqueo de seguridad del archivo; su destino final de migracion sigue siendo SKIP por Q06, no CREATE -- ver docs/implementation/review-resolution/implementation/03-q06-empty-record-resolution.md."
