legacy_file,legacy_url,action,target_type,image_count,pdf_count,images,pdfs,notes
cortinas-enrollables-de-aluminio.php,https://puertasyserviciosindustriales.com/cortinas-enrollables-de-aluminio.php,MIGRATE,page,1,0,asset:images/cortinas.jpg,,"Q07: landing SEO preservada como Page en borrador, con su propio contenido; ver 13-q07-landings.md."
operadores-puerta-abatible.php,https://puertasyserviciosindustriales.com/operadores-puerta-abatible.php,MIGRATE,page,2,0,asset:images/access.jpg|asset:images/silent.jpg,,"Q07: landing SEO preservada como Page en borrador, con su propio contenido; ver 13-q07-landings.md."
operadores-puerta-corrediza-residencial.php,https://puertasyserviciosindustriales.com/operadores-puerta-corrediza-residencial.php,MIGRATE,page,3,0,asset:images/access.jpg|asset:images/silent.jpg|asset:images/residencial.jpg,,"Q07: landing SEO preservada como Page en borrador, con su propio contenido; ver 13-q07-landings.md."
operadores-puertas-ascendentes.php,https://puertasyserviciosindustriales.com/operadores-puertas-ascendentes.php,MIGRATE,page,2,0,asset:images/access.jpg|asset:images/silent.jpg,,"Q07: landing SEO preservada como Page en borrador, con su propio contenido; ver 13-q07-landings.md."
puertas-de-garaje-aisladas.php,https://puertasyserviciosindustriales.com/puertas-de-garaje-aisladas.php,MIGRATE,page,1,0,asset:images/aisladas.jpg,,"Q07: landing SEO preservada como Page en borrador, con su propio contenido; ver 13-q07-landings.md."
puertas-enrollables-de-garage.php,https://puertasyserviciosindustriales.com/puertas-enrollables-de-garage.php,MIGRATE,page,2,0,asset:images/enrollable.jpg|asset:images/enrollable2.jpg,,"Q07: landing SEO preservada como Page en borrador, con su propio contenido; ver 13-q07-landings.md."
puertas-rapidas-enrollables.php,https://puertasyserviciosindustriales.com/puertas-rapidas-enrollables.php,MIGRATE,page,1,0,asset:images/industrial32.jpg,,"Q07: landing SEO preservada como Page en borrador, con su propio contenido; ver 13-q07-landings.md."
puertas-residenciales.php,https://puertasyserviciosindustriales.com/puertas-residenciales.php,MIGRATE,page,0,0,,,"Q07: landing SEO preservada como Page en borrador, con su propio contenido; ver 13-q07-landings.md."
tiras-plasticas-hawaianas.php,https://puertasyserviciosindustriales.com/tiras-plasticas-hawaianas.php,MIGRATE,page,0,0,,,"Q07: landing SEO preservada como Page en borrador, con su propio contenido; ver 13-q07-landings.md."
