entity,id,field,value,issue
producto,1,categoria,0,referencia ausente
producto,2,marca,0,referencia ausente
producto,3,marca,0,referencia ausente
producto,4,categoria,0,referencia ausente
producto,5,categoria,0,referencia ausente
producto,6,categoria,0,referencia ausente
producto,7,categoria,0,referencia ausente
producto,8,categoria,0,referencia ausente
producto,9,categoria,0,referencia ausente
producto,10,categoria,0,referencia ausente
producto,11,categoria,0,referencia ausente
producto,12,categoria,0,referencia ausente
producto,13,categoria,0,referencia ausente
producto,14,categoria,0,referencia ausente
producto,15,categoria,0,referencia ausente
producto,16,categoria,0,referencia ausente
producto,17,categoria,0,referencia ausente
producto,18,categoria,0,referencia ausente
producto,19,categoria,0,referencia ausente
producto,20,categoria,0,referencia ausente
producto,21,categoria,0,referencia ausente
producto,22,categoria,0,referencia ausente
producto,23,categoria,0,referencia ausente
producto,24,categoria,0,referencia ausente
producto,25,categoria,0,referencia ausente
producto,26,categoria,0,referencia ausente
producto,27,categoria,0,referencia ausente
producto,28,categoria,0,referencia ausente
producto,29,categoria,0,referencia ausente
producto,30,categoria,0,referencia ausente
producto,31,categoria,0,referencia ausente
producto,32,categoria,0,referencia ausente
producto,33,categoria,0,referencia ausente
producto,34,categoria,0,referencia ausente
producto,35,categoria,0,referencia ausente
producto,36,categoria,0,referencia ausente
producto,37,categoria,0,referencia ausente
producto,38,categoria,0,referencia ausente
producto,39,categoria,0,referencia ausente
producto,40,categoria,0,referencia ausente
producto,41,categoria,0,referencia ausente
producto,42,categoria,0,referencia ausente
producto,43,categoria,0,referencia ausente
producto,44,categoria,0,referencia ausente
producto,45,categoria,0,referencia ausente
producto,46,categoria,0,referencia ausente
producto,47,categoria,0,referencia ausente
producto,48,categoria,0,referencia ausente
producto,49,categoria,0,referencia ausente
producto,50,categoria,0,referencia ausente
producto,51,categoria,0,referencia ausente
producto,52,categoria,0,referencia ausente
producto,53,categoria,0,referencia ausente
producto,54,categoria,0,referencia ausente
producto,55,categoria,0,referencia ausente
producto,56,categoria,0,referencia ausente
producto,57,marca,0,referencia ausente
producto,58,marca,0,referencia ausente
producto,59,marca,0,referencia ausente
producto,60,marca,0,referencia ausente
producto,61,marca,0,referencia ausente
producto,62,marca,0,referencia ausente
producto,63,marca,0,referencia ausente
producto,64,marca,0,referencia ausente
producto,65,marca,0,referencia ausente
producto,66,marca,0,referencia ausente
producto,67,marca,0,referencia ausente
producto,68,marca,0,referencia ausente
producto,69,marca,0,referencia ausente
producto,70,marca,0,referencia ausente
producto,71,marca,0,referencia ausente
producto,72,marca,0,referencia ausente
producto,73,marca,0,referencia ausente
producto,74,marca,0,referencia ausente
producto,75,marca,0,referencia ausente
producto,76,marca,0,referencia ausente
producto,77,marca,0,referencia ausente
producto,78,marca,0,referencia ausente
producto,79,marca,0,referencia ausente
producto,80,marca,0,referencia ausente
producto,81,marca,0,referencia ausente
producto,82,marca,0,referencia ausente
producto,83,marca,0,referencia ausente
producto,84,marca,0,referencia ausente
producto,85,marca,0,referencia ausente
producto,86,marca,0,referencia ausente
producto,87,marca,0,referencia ausente
producto,88,marca,0,referencia ausente
producto,89,marca,0,referencia ausente
producto,90,marca,0,referencia ausente
producto,91,marca,0,referencia ausente
producto,92,marca,0,referencia ausente
producto,93,marca,0,referencia ausente
producto,94,marca,0,referencia ausente
producto,95,marca,0,referencia ausente
producto,96,marca,0,referencia ausente
producto,97,marca,0,referencia ausente
producto,98,marca,0,referencia ausente
producto,99,marca,0,referencia ausente
producto,100,marca,0,referencia ausente
producto,101,marca,0,referencia ausente
producto,102,marca,0,referencia ausente
producto,103,marca,0,referencia ausente
producto,104,marca,0,referencia ausente
producto,105,marca,0,referencia ausente
producto,106,marca,0,referencia ausente
producto,107,marca,0,referencia ausente
producto,108,marca,0,referencia ausente
producto,109,marca,0,referencia ausente
producto,110,marca,0,referencia ausente
producto,111,marca,0,referencia ausente
producto,112,marca,0,referencia ausente
producto,113,marca,0,referencia ausente
producto,114,marca,0,referencia ausente
producto,115,marca,0,referencia ausente
producto,116,marca,0,referencia ausente
producto,117,marca,0,referencia ausente
producto,118,marca,0,referencia ausente
producto,119,marca,0,referencia ausente
producto,120,marca,0,referencia ausente
producto,121,marca,0,referencia ausente
producto,122,marca,0,referencia ausente
producto,123,marca,0,referencia ausente
producto,124,marca,0,referencia ausente
producto,125,marca,0,referencia ausente
producto,126,marca,0,referencia ausente
producto,127,marca,0,referencia ausente
producto,128,marca,0,referencia ausente
producto,129,marca,0,referencia ausente
producto,130,marca,0,referencia ausente
producto,131,marca,0,referencia ausente
producto,132,marca,0,referencia ausente
producto,133,marca,0,referencia ausente
producto,134,marca,0,referencia ausente
producto,135,marca,0,referencia ausente
producto,136,marca,0,referencia ausente
producto,137,marca,0,referencia ausente
producto,138,marca,0,referencia ausente
producto,139,marca,0,referencia ausente
producto,140,marca,0,referencia ausente
producto,141,marca,0,referencia ausente
producto,142,marca,0,referencia ausente
producto,143,marca,0,referencia ausente
producto,144,marca,0,referencia ausente
producto,145,marca,0,referencia ausente
producto,146,marca,0,referencia ausente
producto,147,marca,0,referencia ausente
producto,148,marca,0,referencia ausente
producto,149,marca,0,referencia ausente
producto,150,marca,0,referencia ausente
producto,151,marca,0,referencia ausente
producto,152,marca,0,referencia ausente
producto,153,marca,0,referencia ausente
producto,154,marca,0,referencia ausente
producto,155,marca,0,referencia ausente
producto,156,marca,0,referencia ausente
producto,157,marca,0,referencia ausente
producto,158,marca,0,referencia ausente
producto,159,marca,0,referencia ausente
producto,160,marca,0,referencia ausente
producto,161,marca,0,referencia ausente
producto,162,marca,0,referencia ausente
producto,163,marca,0,referencia ausente
producto,164,marca,0,referencia ausente
