table,file,line,evidence_kind
marcas,accesorios.php,2,símbolo de clase/tabla; no necesariamente consulta directa
productos,accesorios.php,3,símbolo de clase/tabla; no necesariamente consulta directa
marcas,accesspro-fs1000speed.php,2,símbolo de clase/tabla; no necesariamente consulta directa
productos,accesspro-fs1000speed.php,3,símbolo de clase/tabla; no necesariamente consulta directa
marcas,barreras-estacionamiento-moovi50rm.php,2,símbolo de clase/tabla; no necesariamente consulta directa
productos,barreras-estacionamiento-moovi50rm.php,3,símbolo de clase/tabla; no necesariamente consulta directa
productos,barreras-estacionamiento-moovi50rm.php,13,símbolo de clase/tabla; no necesariamente consulta directa
productos,bft-resp.php,10,símbolo de clase/tabla; no necesariamente consulta directa
marcas,bft.php,2,símbolo de clase/tabla; no necesariamente consulta directa
productos,bft.php,3,símbolo de clase/tabla; no necesariamente consulta directa
marcas,bft.php,16,símbolo de clase/tabla; no necesariamente consulta directa
productos,bix-al-antena-externa-433-mhz.php,13,símbolo de clase/tabla; no necesariamente consulta directa
marcas,blue-giant.php,2,símbolo de clase/tabla; no necesariamente consulta directa
productos,blue-giant.php,3,símbolo de clase/tabla; no necesariamente consulta directa
marcas,blue-giant.php,16,símbolo de clase/tabla; no necesariamente consulta directa
productos,blue-giant.php,106,símbolo de clase/tabla; no necesariamente consulta directa
categorias,categorias.php,3,símbolo de clase/tabla; no necesariamente consulta directa
marcas,clopay.php,2,símbolo de clase/tabla; no necesariamente consulta directa
productos,clopay.php,3,símbolo de clase/tabla; no necesariamente consulta directa
marcas,clopay.php,16,símbolo de clase/tabla; no necesariamente consulta directa
marcas,coleccion-classic.php,2,símbolo de clase/tabla; no necesariamente consulta directa
productos,coleccion-classic.php,3,símbolo de clase/tabla; no necesariamente consulta directa
marcas,coleccion-modern-steel.php,2,símbolo de clase/tabla; no necesariamente consulta directa
productos,coleccion-modern-steel.php,3,símbolo de clase/tabla; no necesariamente consulta directa
productos,com-programadores-digitales-y-rotativos.php,13,símbolo de clase/tabla; no necesariamente consulta directa
productos,comercial.php,3,símbolo de clase/tabla; no necesariamente consulta directa
marcas,cortina-de-seguridad-670.php,2,símbolo de clase/tabla; no necesariamente consulta directa
productos,cortina-de-seguridad-670.php,3,símbolo de clase/tabla; no necesariamente consulta directa
marcas,cortina-de-seguridad-671.php,2,símbolo de clase/tabla; no necesariamente consulta directa
productos,cortina-de-seguridad-671.php,3,símbolo de clase/tabla; no necesariamente consulta directa
marcas,cortina-en-aluminio-serie-511-521.php,2,símbolo de clase/tabla; no necesariamente consulta directa
productos,cortina-en-aluminio-serie-511-521.php,3,símbolo de clase/tabla; no necesariamente consulta directa
marcas,cortina-europea.php,2,símbolo de clase/tabla; no necesariamente consulta directa
productos,cortina-europea.php,3,símbolo de clase/tabla; no necesariamente consulta directa
marcas,cortina-plana.php,2,símbolo de clase/tabla; no necesariamente consulta directa
productos,cortina-plana.php,3,símbolo de clase/tabla; no necesariamente consulta directa
marcas,cortina-serie-600.php,2,símbolo de clase/tabla; no necesariamente consulta directa
productos,cortina-serie-600.php,3,símbolo de clase/tabla; no necesariamente consulta directa
marcas,cortina-serie-610.php,2,símbolo de clase/tabla; no necesariamente consulta directa
productos,cortina-serie-610.php,3,símbolo de clase/tabla; no necesariamente consulta directa
marcas,cortina-serie-620.php,2,símbolo de clase/tabla; no necesariamente consulta directa
productos,cortina-serie-620.php,3,símbolo de clase/tabla; no necesariamente consulta directa
marcas,cortina-serie-625.php,2,símbolo de clase/tabla; no necesariamente consulta directa
productos,cortina-serie-625.php,3,símbolo de clase/tabla; no necesariamente consulta directa
marcas,cortina-serie-630.php,2,símbolo de clase/tabla; no necesariamente consulta directa
productos,cortina-serie-630.php,3,símbolo de clase/tabla; no necesariamente consulta directa
marcas,cortina-serie-790-cw.php,2,símbolo de clase/tabla; no necesariamente consulta directa
productos,cortina-serie-790-cw.php,3,símbolo de clase/tabla; no necesariamente consulta directa
productos,cortinas-enrollables-industriales.php,3,símbolo de clase/tabla; no necesariamente consulta directa
marcas,cortinas-ventiladas-685.php,2,símbolo de clase/tabla; no necesariamente consulta directa
productos,cortinas-ventiladas-685.php,3,símbolo de clase/tabla; no necesariamente consulta directa
productos,cortinas-ventiladas-685.php,37,símbolo de clase/tabla; no necesariamente consulta directa
productos,detector-de-masas-max-eagle.php,13,símbolo de clase/tabla; no necesariamente consulta directa
marcas,dockman.php,2,símbolo de clase/tabla; no necesariamente consulta directa
productos,dockman.php,3,símbolo de clase/tabla; no necesariamente consulta directa
marcas,dockman.php,16,símbolo de clase/tabla; no necesariamente consulta directa
marcas,doorlock.php,2,símbolo de clase/tabla; no necesariamente consulta directa
productos,doorlock.php,3,símbolo de clase/tabla; no necesariamente consulta directa
marcas,doorlock.php,16,símbolo de clase/tabla; no necesariamente consulta directa
marcas,energy-series-with-intellicore-37171-3-4.php,2,símbolo de clase/tabla; no necesariamente consulta directa
productos,energy-series-with-intellicore-37171-3-4.php,3,símbolo de clase/tabla; no necesariamente consulta directa
marcas,energy-series-with-intellicore-3720-3724-3722.php,2,símbolo de clase/tabla; no necesariamente consulta directa
productos,energy-series-with-intellicore-3720-3724-3722.php,3,símbolo de clase/tabla; no necesariamente consulta directa
marcas,fast-seal-high-performance-door.php,2,símbolo de clase/tabla; no necesariamente consulta directa
productos,fast-seal-high-performance-door.php,3,símbolo de clase/tabla; no necesariamente consulta directa
marcas,fire-rated-doors-firestar-models-700-700c.php,2,símbolo de clase/tabla; no necesariamente consulta directa
productos,fire-rated-doors-firestar-models-700-700c.php,3,símbolo de clase/tabla; no necesariamente consulta directa
categorias,footerv1.php,37,símbolo de clase/tabla; no necesariamente consulta directa
productos,fotoceldas.php,13,símbolo de clase/tabla; no necesariamente consulta directa
productos,fraccionamientos-y-condominios.php,3,símbolo de clase/tabla; no necesariamente consulta directa
marcas,glg-porte-industriali.php,2,símbolo de clase/tabla; no necesariamente consulta directa
productos,glg-porte-industriali.php,3,símbolo de clase/tabla; no necesariamente consulta directa
marcas,glg-porte-industriali.php,16,símbolo de clase/tabla; no necesariamente consulta directa
productos,gol-transmisores-de-cuatro-canales.php,13,símbolo de clase/tabla; no necesariamente consulta directa
categorias,headerv1.php,78,símbolo de clase/tabla; no necesariamente consulta directa
marcas,icaro-smart.php,2,símbolo de clase/tabla; no necesariamente consulta directa
productos,icaro-smart.php,3,símbolo de clase/tabla; no necesariamente consulta directa
marcas,iconos-marcasv1.php,1,símbolo de clase/tabla; no necesariamente consulta directa
marcas,index-estatico.php,90,símbolo de clase/tabla; no necesariamente consulta directa
marcas,index-estatico.php,106,símbolo de clase/tabla; no necesariamente consulta directa
categorias,index.php,2,símbolo de clase/tabla; no necesariamente consulta directa
categorias,index.php,3,símbolo de clase/tabla; no necesariamente consulta directa
categorias,index.php,4,símbolo de clase/tabla; no necesariamente consulta directa
categorias,index.php,5,símbolo de clase/tabla; no necesariamente consulta directa
categorias,index.php,6,símbolo de clase/tabla; no necesariamente consulta directa
categorias,index.php,7,símbolo de clase/tabla; no necesariamente consulta directa
categorias,index.php,8,símbolo de clase/tabla; no necesariamente consulta directa
marcas,index.php,98,símbolo de clase/tabla; no necesariamente consulta directa
marcas,index.php,114,símbolo de clase/tabla; no necesariamente consulta directa
productos,industrial.php,3,símbolo de clase/tabla; no necesariamente consulta directa
marcas,infraca-quality-doors.php,2,símbolo de clase/tabla; no necesariamente consulta directa
productos,infraca-quality-doors.php,3,símbolo de clase/tabla; no necesariamente consulta directa
marcas,infraca-quality-doors.php,16,símbolo de clase/tabla; no necesariamente consulta directa
marcas,kelley.php,2,símbolo de clase/tabla; no necesariamente consulta directa
productos,kelley.php,3,símbolo de clase/tabla; no necesariamente consulta directa
marcas,kelley.php,16,símbolo de clase/tabla; no necesariamente consulta directa
marcas,kronos-puertas-rapidas-de-sectores-modulares-autorreparable.php,2,símbolo de clase/tabla; no necesariamente consulta directa
productos,kronos-puertas-rapidas-de-sectores-modulares-autorreparable.php,3,símbolo de clase/tabla; no necesariamente consulta directa
productos,lab-4-fotocelulas-de-rayos-infrarrojos.php,13,símbolo de clase/tabla; no necesariamente consulta directa
productos,lab-9-detectores-de-volumen-de-metal-loop.php,13,símbolo de clase/tabla; no necesariamente consulta directa
marcas,labio-de-elevacion-mecanico-dockman.php,2,símbolo de clase/tabla; no necesariamente consulta directa
productos,labio-de-elevacion-mecanico-dockman.php,3,símbolo de clase/tabla; no necesariamente consulta directa
productos,lan-4-sistema-de-teclado-con-combinacion-digital.php,13,símbolo de clase/tabla; no necesariamente consulta directa
productos,lan-7-sistema-de-mando-de-proximidad-de-tarjetas-con-tecnologia-transponder.php,13,símbolo de clase/tabla; no necesariamente consulta directa
marcas,lift-master-mod-h.php,2,símbolo de clase/tabla; no necesariamente consulta directa
productos,lift-master-mod-h.php,3,símbolo de clase/tabla; no necesariamente consulta directa
productos,lift-master-mod-h.php,54,símbolo de clase/tabla; no necesariamente consulta directa
marcas,lift-master.php,2,símbolo de clase/tabla; no necesariamente consulta directa
productos,lift-master.php,3,símbolo de clase/tabla; no necesariamente consulta directa
marcas,lift-master.php,16,símbolo de clase/tabla; no necesariamente consulta directa
productos,liftmaster-modh.php,50,símbolo de clase/tabla; no necesariamente consulta directa
marcas,links-menu-marcasv1.php,1,símbolo de clase/tabla; no necesariamente consulta directa
categorias,links-menuv1.php,1,símbolo de clase/tabla; no necesariamente consulta directa
marcas,lux-2b-y-lux-gv-piston-hidraulico-para-puerta-abatible.php,2,símbolo de clase/tabla; no necesariamente consulta directa
productos,lux-2b-y-lux-gv-piston-hidraulico-para-puerta-abatible.php,3,símbolo de clase/tabla; no necesariamente consulta directa
marcas,marcas.php,15,símbolo de clase/tabla; no necesariamente consulta directa
marcas,marcasv1.php,2,símbolo de clase/tabla; no necesariamente consulta directa
marcas,marcasv1.php,18,símbolo de clase/tabla; no necesariamente consulta directa
productos,nosotros.php,29,símbolo de clase/tabla; no necesariamente consulta directa
marcas,operador-comercial-rhx.php,2,símbolo de clase/tabla; no necesariamente consulta directa
productos,operador-comercial-rhx.php,3,símbolo de clase/tabla; no necesariamente consulta directa
marcas,operador-para-cortina-enrrollable-rsx.php,2,símbolo de clase/tabla; no necesariamente consulta directa
productos,operador-para-cortina-enrrollable-rsx.php,3,símbolo de clase/tabla; no necesariamente consulta directa
marcas,operador-para-perfilados-comerciales-jst.php,2,símbolo de clase/tabla; no necesariamente consulta directa
productos,operador-para-perfilados-comerciales-jst.php,3,símbolo de clase/tabla; no necesariamente consulta directa
marcas,operador-para-perfilados-comerciales-sel.php,2,símbolo de clase/tabla; no necesariamente consulta directa
productos,operador-para-perfilados-comerciales-sel.php,3,símbolo de clase/tabla; no necesariamente consulta directa
productos,operadores-para-puerta-abatible.php,3,símbolo de clase/tabla; no necesariamente consulta directa
productos,operadores-para-puerta-corrediza-industrial.php,3,símbolo de clase/tabla; no necesariamente consulta directa
productos,operadores-para-puertas-ascendentes.php,3,símbolo de clase/tabla; no necesariamente consulta directa
productos,operadores-para-puertas-corredizas-residenciales.php,3,símbolo de clase/tabla; no necesariamente consulta directa
marcas,operadores-para-puertas-de-mostrador-cdo.php,2,símbolo de clase/tabla; no necesariamente consulta directa
productos,operadores-para-puertas-de-mostrador-cdo.php,3,símbolo de clase/tabla; no necesariamente consulta directa
productos,operadores-puerta-abatible-industrial.php,3,símbolo de clase/tabla; no necesariamente consulta directa
marcas,operadores-puerta-abatible.php,2,símbolo de clase/tabla; no necesariamente consulta directa
productos,operadores-puerta-abatible.php,3,símbolo de clase/tabla; no necesariamente consulta directa
marcas,operadores-puerta-corrediza-residencial.php,2,símbolo de clase/tabla; no necesariamente consulta directa
productos,operadores-puerta-corrediza-residencial.php,3,símbolo de clase/tabla; no necesariamente consulta directa
marcas,operadores-puertas-ascendentes.php,2,símbolo de clase/tabla; no necesariamente consulta directa
productos,operadores-puertas-ascendentes.php,3,símbolo de clase/tabla; no necesariamente consulta directa
productos,operadores-puertas-seccionales-cortinas.php,3,símbolo de clase/tabla; no necesariamente consulta directa
marcas,overhead-door.php,2,símbolo de clase/tabla; no necesariamente consulta directa
productos,overhead-door.php,3,símbolo de clase/tabla; no necesariamente consulta directa
marcas,overhead-door.php,16,símbolo de clase/tabla; no necesariamente consulta directa
marcas,p45-7-piston-hidraulico-para-puerta-abatible.php,2,símbolo de clase/tabla; no necesariamente consulta directa
productos,p45-7-piston-hidraulico-para-puerta-abatible.php,3,símbolo de clase/tabla; no necesariamente consulta directa
productos,pas-sensores-volumetricos.php,13,símbolo de clase/tabla; no necesariamente consulta directa
marcas,phobos-n-piston-electromecanico.php,2,símbolo de clase/tabla; no necesariamente consulta directa
productos,phobos-n-piston-electromecanico.php,3,símbolo de clase/tabla; no necesariamente consulta directa
productos,politica-privacidad.php,32,símbolo de clase/tabla; no necesariamente consulta directa
productos,politica-privacidad.php,40,símbolo de clase/tabla; no necesariamente consulta directa
productos,politica-privacidad.php,75,símbolo de clase/tabla; no necesariamente consulta directa
marcas,predadoor-nxt-door.php,2,símbolo de clase/tabla; no necesariamente consulta directa
productos,predadoor-nxt-door.php,3,símbolo de clase/tabla; no necesariamente consulta directa
productos,productos.php,4,símbolo de clase/tabla; no necesariamente consulta directa
productos,productos.php,9,símbolo de clase/tabla; no necesariamente consulta directa
marcas,productos.php,10,símbolo de clase/tabla; no necesariamente consulta directa
productos,productos.php,11,símbolo de clase/tabla; no necesariamente consulta directa
marcas,productos.php,22,símbolo de clase/tabla; no necesariamente consulta directa
marcas,puert-seccional-de-acero-sin-aislamiento-430-uso-medio.php,2,símbolo de clase/tabla; no necesariamente consulta directa
productos,puert-seccional-de-acero-sin-aislamiento-430-uso-medio.php,3,símbolo de clase/tabla; no necesariamente consulta directa
marcas,puerta-contra-explosion.php,2,símbolo de clase/tabla; no necesariamente consulta directa
productos,puerta-contra-explosion.php,3,símbolo de clase/tabla; no necesariamente consulta directa
productos,puerta-contra-incendio.php,3,símbolo de clase/tabla; no necesariamente consulta directa
marcas,puerta-de-acero-acanalado-modelos-524.php,2,símbolo de clase/tabla; no necesariamente consulta directa
productos,puerta-de-acero-acanalado-modelos-524.php,3,símbolo de clase/tabla; no necesariamente consulta directa
marcas,puerta-estandar-reforzada.php,2,símbolo de clase/tabla; no necesariamente consulta directa
productos,puerta-estandar-reforzada.php,3,símbolo de clase/tabla; no necesariamente consulta directa
marcas,puerta-estandar.php,2,símbolo de clase/tabla; no necesariamente consulta directa
productos,puerta-estandar.php,3,símbolo de clase/tabla; no necesariamente consulta directa
marcas,puerta-holandesa.php,2,símbolo de clase/tabla; no necesariamente consulta directa
productos,puerta-holandesa.php,3,símbolo de clase/tabla; no necesariamente consulta directa
marcas,puerta-para-hospital.php,2,símbolo de clase/tabla; no necesariamente consulta directa
productos,puerta-para-hospital.php,3,símbolo de clase/tabla; no necesariamente consulta directa
marcas,puerta-seccionabl-acero-perfiles-422-uso-pesado.php,2,símbolo de clase/tabla; no necesariamente consulta directa
productos,puerta-seccionabl-acero-perfiles-422-uso-pesado.php,3,símbolo de clase/tabla; no necesariamente consulta directa
marcas,puerta-seccional-de-acero-perfiles-418.php,2,símbolo de clase/tabla; no necesariamente consulta directa
productos,puerta-seccional-de-acero-perfiles-418.php,3,símbolo de clase/tabla; no necesariamente consulta directa
marcas,puerta-seccional-de-acero-perfiles-432-uso-medio.php,2,símbolo de clase/tabla; no necesariamente consulta directa
productos,puerta-seccional-de-acero-perfiles-432-uso-medio.php,3,símbolo de clase/tabla; no necesariamente consulta directa
marcas,puerta-seccional-de-acero-sin-aislamiento-416-uso-muy-pesado.php,2,símbolo de clase/tabla; no necesariamente consulta directa
productos,puerta-seccional-de-acero-sin-aislamiento-416-uso-muy-pesado.php,3,símbolo de clase/tabla; no necesariamente consulta directa
marcas,puerta-seccional-de-acero-sin-aislamiento-424-uso-pesado.php,2,símbolo de clase/tabla; no necesariamente consulta directa
productos,puerta-seccional-de-acero-sin-aislamiento-424-uso-pesado.php,3,símbolo de clase/tabla; no necesariamente consulta directa
marcas,puerta-seccional-de-acero-thermacore-593-uso-medio.php,2,símbolo de clase/tabla; no necesariamente consulta directa
productos,puerta-seccional-de-acero-thermacore-593-uso-medio.php,3,símbolo de clase/tabla; no necesariamente consulta directa
marcas,puerta-seccional-de-acero-thermacore-594-uso-medio.php,2,símbolo de clase/tabla; no necesariamente consulta directa
productos,puerta-seccional-de-acero-thermacore-594-uso-medio.php,3,símbolo de clase/tabla; no necesariamente consulta directa
marcas,puerta-seccional-de-acero-thermacore-595-uso-pesado.php,2,símbolo de clase/tabla; no necesariamente consulta directa
productos,puerta-seccional-de-acero-thermacore-595-uso-pesado.php,3,símbolo de clase/tabla; no necesariamente consulta directa
marcas,puerta-seccional-de-acero-thermacore-599-uso-muy-pesado.php,2,símbolo de clase/tabla; no necesariamente consulta directa
productos,puerta-seccional-de-acero-thermacore-599-uso-muy-pesado.php,3,símbolo de clase/tabla; no necesariamente consulta directa
marcas,puerta-seccional-de-acero-thermacore-serie-592.php,2,símbolo de clase/tabla; no necesariamente consulta directa
productos,puerta-seccional-de-acero-thermacore-serie-592.php,3,símbolo de clase/tabla; no necesariamente consulta directa
productos,puerta-seccional-de-acero-thermacore-serie-592.php,47,símbolo de clase/tabla; no necesariamente consulta directa
marcas,puerta-y-fijos-louver.php,2,símbolo de clase/tabla; no necesariamente consulta directa
productos,puerta-y-fijos-louver.php,3,símbolo de clase/tabla; no necesariamente consulta directa
marcas,puertas-blindadas.php,2,símbolo de clase/tabla; no necesariamente consulta directa
productos,puertas-blindadas.php,3,símbolo de clase/tabla; no necesariamente consulta directa
marcas,puertas-contra-incendio.php,2,símbolo de clase/tabla; no necesariamente consulta directa
productos,puertas-contra-incendio.php,3,símbolo de clase/tabla; no necesariamente consulta directa
marcas,puertas-contra-rayos-x.php,2,símbolo de clase/tabla; no necesariamente consulta directa
productos,puertas-contra-rayos-x.php,3,símbolo de clase/tabla; no necesariamente consulta directa
marcas,puertas-industriales-dockman.php,2,símbolo de clase/tabla; no necesariamente consulta directa
productos,puertas-industriales-dockman.php,3,símbolo de clase/tabla; no necesariamente consulta directa
productos,puertas-rapidas-enrollables.php,3,símbolo de clase/tabla; no necesariamente consulta directa
productos,puertas-rapidas.php,3,símbolo de clase/tabla; no necesariamente consulta directa
marcas,puertas-seccionales-de-acero-aisladas-thermospan-modelo-150.php,2,símbolo de clase/tabla; no necesariamente consulta directa
productos,puertas-seccionales-de-acero-aisladas-thermospan-modelo-150.php,3,símbolo de clase/tabla; no necesariamente consulta directa
marcas,puertas-seccionales-de-acero-aisladas-thermospan.php,2,símbolo de clase/tabla; no necesariamente consulta directa
productos,puertas-seccionales-de-acero-aisladas-thermospan.php,3,símbolo de clase/tabla; no necesariamente consulta directa
marcas,puertas-seccionales-de-acero-modelo-2415.php,2,símbolo de clase/tabla; no necesariamente consulta directa
productos,puertas-seccionales-de-acero-modelo-2415.php,3,símbolo de clase/tabla; no necesariamente consulta directa
marcas,puertas-seccionales-de-acero-perfiles-426.php,2,símbolo de clase/tabla; no necesariamente consulta directa
productos,puertas-seccionales-de-acero-perfiles-426.php,3,símbolo de clase/tabla; no necesariamente consulta directa
marcas,puertas-seccionales-de-acero-sin-aislamiento-420-uso-pesado.php,2,símbolo de clase/tabla; no necesariamente consulta directa
productos,puertas-seccionales-de-acero-sin-aislamiento-420-uso-pesado.php,3,símbolo de clase/tabla; no necesariamente consulta directa
marcas,puertas-seccionales-de-acero-thermacore-598-uso-liviano.php,2,símbolo de clase/tabla; no necesariamente consulta directa
productos,puertas-seccionales-de-acero-thermacore-598-uso-liviano.php,3,símbolo de clase/tabla; no necesariamente consulta directa
marcas,puertas-seccionales-de-aluminio-521.php,2,símbolo de clase/tabla; no necesariamente consulta directa
productos,puertas-seccionales-de-aluminio-521.php,3,símbolo de clase/tabla; no necesariamente consulta directa
productos,puertas-seccionales-industriales.php,3,símbolo de clase/tabla; no necesariamente consulta directa
marcas,q-silent-max-eagle-3-4-hp.php,2,símbolo de clase/tabla; no necesariamente consulta directa
productos,q-silent-max-eagle-3-4-hp.php,3,símbolo de clase/tabla; no necesariamente consulta directa
marcas,rampa-niveladora-mecanica-blue-giant.php,2,símbolo de clase/tabla; no necesariamente consulta directa
productos,rampa-niveladora-mecanica-blue-giant.php,3,símbolo de clase/tabla; no necesariamente consulta directa
productos,rampa-niveladora.php,3,símbolo de clase/tabla; no necesariamente consulta directa
marcas,rampas-de-anden-hidraulicas-kelley.php,2,símbolo de clase/tabla; no necesariamente consulta directa
productos,rampas-de-anden-hidraulicas-kelley.php,3,símbolo de clase/tabla; no necesariamente consulta directa
marcas,rampas-de-anden-hidraulicas.php,2,símbolo de clase/tabla; no necesariamente consulta directa
productos,rampas-de-anden-hidraulicas.php,3,símbolo de clase/tabla; no necesariamente consulta directa
marcas,rampas-de-anden-mecanicas.php,2,símbolo de clase/tabla; no necesariamente consulta directa
productos,rampas-de-anden-mecanicas.php,3,símbolo de clase/tabla; no necesariamente consulta directa
marcas,rapida-apilable.php,2,símbolo de clase/tabla; no necesariamente consulta directa
productos,rapida-apilable.php,3,símbolo de clase/tabla; no necesariamente consulta directa
marcas,rapida-enrollable-industrial.php,2,símbolo de clase/tabla; no necesariamente consulta directa
productos,rapida-enrollable-industrial.php,3,símbolo de clase/tabla; no necesariamente consulta directa
productos,residencial.php,3,símbolo de clase/tabla; no necesariamente consulta directa
marcas,retenedor-de-vehiculos.php,2,símbolo de clase/tabla; no necesariamente consulta directa
productos,retenedor-de-vehiculos.php,3,símbolo de clase/tabla; no necesariamente consulta directa
marcas,retenedores-de-vehiculos-automatico.php,2,símbolo de clase/tabla; no necesariamente consulta directa
productos,retenedores-de-vehiculos-automatico.php,3,símbolo de clase/tabla; no necesariamente consulta directa
marcas,rolli-zip.php,2,símbolo de clase/tabla; no necesariamente consulta directa
productos,rolli-zip.php,3,símbolo de clase/tabla; no necesariamente consulta directa
productos,rolli-zip.php,41,símbolo de clase/tabla; no necesariamente consulta directa
marcas,rytec.php,2,símbolo de clase/tabla; no necesariamente consulta directa
productos,rytec.php,3,símbolo de clase/tabla; no necesariamente consulta directa
marcas,rytec.php,16,símbolo de clase/tabla; no necesariamente consulta directa
marcas,sellos-de-anden.php,2,símbolo de clase/tabla; no necesariamente consulta directa
productos,sellos-de-anden.php,3,símbolo de clase/tabla; no necesariamente consulta directa
marcas,sellos-nacionales.php,2,símbolo de clase/tabla; no necesariamente consulta directa
productos,sellos-nacionales.php,3,símbolo de clase/tabla; no necesariamente consulta directa
marcas,sellos-para-anden-shelter-de-soporte-flexible.php,2,símbolo de clase/tabla; no necesariamente consulta directa
productos,sellos-para-anden-shelter-de-soporte-flexible.php,3,símbolo de clase/tabla; no necesariamente consulta directa
marcas,serie-x130-motor-para-cortina-oculto.php,2,símbolo de clase/tabla; no necesariamente consulta directa
productos,serie-x130-motor-para-cortina-oculto.php,3,símbolo de clase/tabla; no necesariamente consulta directa
marcas,shelter-abrigo-estacionario-blue-giant.php,2,símbolo de clase/tabla; no necesariamente consulta directa
productos,shelter-abrigo-estacionario-blue-giant.php,3,símbolo de clase/tabla; no necesariamente consulta directa
marcas,soluciones.php,2,símbolo de clase/tabla; no necesariamente consulta directa
productos,soluciones.php,3,símbolo de clase/tabla; no necesariamente consulta directa
productos,star1000-receptor-comercial.php,13,símbolo de clase/tabla; no necesariamente consulta directa
marcas,star4-vehicle-restraint.php,2,símbolo de clase/tabla; no necesariamente consulta directa
productos,star4-vehicle-restraint.php,3,símbolo de clase/tabla; no necesariamente consulta directa
marcas,vertigo.php,2,símbolo de clase/tabla; no necesariamente consulta directa
productos,vertigo.php,3,símbolo de clase/tabla; no necesariamente consulta directa
marcas,wayne-dalton.php,2,símbolo de clase/tabla; no necesariamente consulta directa
productos,wayne-dalton.php,3,símbolo de clase/tabla; no necesariamente consulta directa
marcas,wayne-dalton.php,16,símbolo de clase/tabla; no necesariamente consulta directa
productos,xel-5-selector-de-llave.php,13,símbolo de clase/tabla; no necesariamente consulta directa
productos,xel-5-selector-de-llave.php,30,símbolo de clase/tabla; no necesariamente consulta directa
file,PHPMailer/language/phpmailer.lang-it.php,17,símbolo de clase/tabla; no necesariamente consulta directa
file,PHPMailer/language/phpmailer.lang-mg.php,16,símbolo de clase/tabla; no necesariamente consulta directa
file,PHPMailer/language/phpmailer.lang-nl.php,10,símbolo de clase/tabla; no necesariamente consulta directa
file,PHPMailer/language/phpmailer.lang-si.php,17,símbolo de clase/tabla; no necesariamente consulta directa
file,PHPMailer/language/phpmailer.lang-si.php,18,símbolo de clase/tabla; no necesariamente consulta directa
file,PHPMailer/language/phpmailer.lang-sk.php,17,símbolo de clase/tabla; no necesariamente consulta directa
file,PHPMailer/language/phpmailer.lang-tl.php,17,símbolo de clase/tabla; no necesariamente consulta directa
user,PHPMailer/src/DSNConfigurator.php,154,símbolo de clase/tabla; no necesariamente consulta directa
user,PHPMailer/src/DSNConfigurator.php,156,símbolo de clase/tabla; no necesariamente consulta directa
user,PHPMailer/src/DSNConfigurator.php,157,símbolo de clase/tabla; no necesariamente consulta directa
file,PHPMailer/src/PHPMailer.php,2342,símbolo de clase/tabla; no necesariamente consulta directa
user,PHPMailer/src/POP3.php,321,símbolo de clase/tabla; no necesariamente consulta directa
user,PHPMailer/src/SMTP.php,582,símbolo de clase/tabla; no necesariamente consulta directa
user,PHPMailer/src/SMTP.php,1161,símbolo de clase/tabla; no necesariamente consulta directa
categorias,system/Categorias.php,6,símbolo de clase/tabla; no necesariamente consulta directa
marcas,system/Marcas.php,6,símbolo de clase/tabla; no necesariamente consulta directa
productos,system/Productos.php,6,símbolo de clase/tabla; no necesariamente consulta directa
categorias,system/backoffice/Categorias.php,6,símbolo de clase/tabla; no necesariamente consulta directa
user,system/backoffice/header.php,10,símbolo de clase/tabla; no necesariamente consulta directa
marcas,system/backoffice/Marcas.php,7,símbolo de clase/tabla; no necesariamente consulta directa
productos,system/backoffice/Productos.php,7,símbolo de clase/tabla; no necesariamente consulta directa
user,system/backoffice/user.php,6,símbolo de clase/tabla; no necesariamente consulta directa
categorias,system/backoffice/Categorias/list.php,50,símbolo de clase/tabla; no necesariamente consulta directa
user,system/backoffice/Categorias/list.php,69,símbolo de clase/tabla; no necesariamente consulta directa
user,system/backoffice/Categorias/list.php,75,símbolo de clase/tabla; no necesariamente consulta directa
categorias,system/backoffice/Categorias/list.php,86,símbolo de clase/tabla; no necesariamente consulta directa
user,system/backoffice/includes/header.php,19,símbolo de clase/tabla; no necesariamente consulta directa
categorias,system/backoffice/includes/header.php,20,símbolo de clase/tabla; no necesariamente consulta directa
productos,system/backoffice/includes/header.php,22,símbolo de clase/tabla; no necesariamente consulta directa
user,system/backoffice/includes/header.php,121,símbolo de clase/tabla; no necesariamente consulta directa
user,system/backoffice/includes/header.php,122,símbolo de clase/tabla; no necesariamente consulta directa
user,system/backoffice/includes/header.php,124,símbolo de clase/tabla; no necesariamente consulta directa
user,system/backoffice/includes/plugins/datatables/extensions/Scroller/examples/data/ssp.php,41,símbolo de clase/tabla; no necesariamente consulta directa
user,system/backoffice/Marcas/list.php,65,símbolo de clase/tabla; no necesariamente consulta directa
user,system/backoffice/Marcas/list.php,71,símbolo de clase/tabla; no necesariamente consulta directa
marcas,system/backoffice/Marcas/list.php,81,símbolo de clase/tabla; no necesariamente consulta directa
categorias,system/backoffice/Productos/list.php,34,símbolo de clase/tabla; no necesariamente consulta directa
marcas,system/backoffice/Productos/list.php,43,símbolo de clase/tabla; no necesariamente consulta directa
productos,system/backoffice/Productos/list.php,118,símbolo de clase/tabla; no necesariamente consulta directa
user,system/backoffice/user/list.php,43,símbolo de clase/tabla; no necesariamente consulta directa
user,system/backoffice/user/list.php,49,símbolo de clase/tabla; no necesariamente consulta directa
user,system/backoffice/user/list.php,50,símbolo de clase/tabla; no necesariamente consulta directa
user,system/backoffice/user/list.php,63,símbolo de clase/tabla; no necesariamente consulta directa
user,system/libs/CoreLibrary/Authentification.class.php,53,símbolo de clase/tabla; no necesariamente consulta directa
user,system/libs/CoreLibrary/Authentification.class.php,54,símbolo de clase/tabla; no necesariamente consulta directa
user,system/libs/CoreLibrary/Authentification.class.php,55,símbolo de clase/tabla; no necesariamente consulta directa
user,system/libs/CoreLibrary/Authentification.class.php,56,símbolo de clase/tabla; no necesariamente consulta directa
file,system/libs/CoreLibrary/Mailer.class.php,140,símbolo de clase/tabla; no necesariamente consulta directa
user,system/libs/CoreLibrary/PermissionStrategy.class.php,18,símbolo de clase/tabla; no necesariamente consulta directa
user,system/libs/CoreLibrary/PermissionStrategy.class.php,19,símbolo de clase/tabla; no necesariamente consulta directa
user,system/libs/CoreLibrary/PermissionStrategy.class.php,20,símbolo de clase/tabla; no necesariamente consulta directa
user,system/libs/CoreLibrary/PermissionStrategy.class.php,21,símbolo de clase/tabla; no necesariamente consulta directa
user,system/libs/CoreLibrary/PermissionStrategy.class.php,22,símbolo de clase/tabla; no necesariamente consulta directa
user,system/libs/CoreLibrary/PermissionStrategy.class.php,23,símbolo de clase/tabla; no necesariamente consulta directa
file,system/libs/CoreLibrary/Validator.class.php,71,símbolo de clase/tabla; no necesariamente consulta directa
file,system/libs/CoreLibrary/Validator.class.php,89,símbolo de clase/tabla; no necesariamente consulta directa
file,system/libs/CoreLibrary/Validator.class.php,143,símbolo de clase/tabla; no necesariamente consulta directa
file,system/libs/CoreLibrary/DB/DAO/FileDAO.class.php,4,símbolo de clase/tabla; no necesariamente consulta directa
file,system/libs/CoreLibrary/DB/DAO/FileDAO.class.php,39,símbolo de clase/tabla; no necesariamente consulta directa
file,system/libs/CoreLibrary/DB/DAO/_FileDAO.class.php,4,símbolo de clase/tabla; no necesariamente consulta directa
file,system/libs/CoreLibrary/DB/DAO/_FileDAO.class.php,39,símbolo de clase/tabla; no necesariamente consulta directa
file,system/libs/CoreLibrary/IO/FileSaver.class.php,49,símbolo de clase/tabla; no necesariamente consulta directa
file,system/libs/CoreLibrary/IO/FileSaver.class.php,56,símbolo de clase/tabla; no necesariamente consulta directa
file,system/libs/CoreLibrary/IO/FileViewer.class.php,21,símbolo de clase/tabla; no necesariamente consulta directa
file,system/libs/CoreLibrary/IO/FileViewer.class.php,27,símbolo de clase/tabla; no necesariamente consulta directa
file,system/libs/CoreLibrary/IO/FileViewer.class.php,52,símbolo de clase/tabla; no necesariamente consulta directa
user,system/libs/CoreLibrary/PaymentGateway/PayFlow/Pro.class.php,70,símbolo de clase/tabla; no necesariamente consulta directa
file,system/libs/CoreLibrary/Validator/FileTester.class.php,6,símbolo de clase/tabla; no necesariamente consulta directa
file,system/libs/CoreLibrary/Validator/FileTester.class.php,7,símbolo de clase/tabla; no necesariamente consulta directa
file,system/libs/CoreLibrary/Validator/FileTester.class.php,8,símbolo de clase/tabla; no necesariamente consulta directa
file,system/libs/CoreLibrary/Validator/FileTester.class.php,9,símbolo de clase/tabla; no necesariamente consulta directa
file,system/libs/CoreLibrary/Validator/FileTester.class.php,10,símbolo de clase/tabla; no necesariamente consulta directa
file,system/libs/CoreLibrary/Validator/FileTester.class.php,11,símbolo de clase/tabla; no necesariamente consulta directa
user,system/libs/HTTP/Request2.php,448,símbolo de clase/tabla; no necesariamente consulta directa
file,system/libs/HTTP/Request2.php,995,símbolo de clase/tabla; no necesariamente consulta directa
file,system/libs/HTTP/Net/URL2.php,709,símbolo de clase/tabla; no necesariamente consulta directa
file,system/libs/HTTP/Request2/MultipartBody.php,187,símbolo de clase/tabla; no necesariamente consulta directa
user,system/libs/HTTP/Request2/Adapter/Curl.php,351,símbolo de clase/tabla; no necesariamente consulta directa
user,system/libs/HTTP/Request2/Adapter/Socket.php,748,símbolo de clase/tabla; no necesariamente consulta directa
user,system/libs/HTTP/Request2/Adapter/Socket.php,761,símbolo de clase/tabla; no necesariamente consulta directa
user,system/libs/Nusoap/nusoap-respaldo.php,2231,símbolo de clase/tabla; no necesariamente consulta directa
user,system/libs/Nusoap/nusoap-respaldo.php,2232,símbolo de clase/tabla; no necesariamente consulta directa
file,system/libs/Nusoap/nusoap-respaldo.php,3616,símbolo de clase/tabla; no necesariamente consulta directa
file,system/libs/Nusoap/nusoap-respaldo.php,4688,símbolo de clase/tabla; no necesariamente consulta directa
file,system/libs/Nusoap/nusoap-respaldo.php,4693,símbolo de clase/tabla; no necesariamente consulta directa
file,system/libs/Nusoap/nusoap-respaldo.php,4701,símbolo de clase/tabla; no necesariamente consulta directa
user,system/libs/Nusoap/nusoap.php,2261,símbolo de clase/tabla; no necesariamente consulta directa
user,system/libs/Nusoap/nusoap.php,2262,símbolo de clase/tabla; no necesariamente consulta directa
file,system/libs/Nusoap/nusoap.php,4768,símbolo de clase/tabla; no necesariamente consulta directa
file,system/libs/Nusoap/nusoap.php,4773,símbolo de clase/tabla; no necesariamente consulta directa
file,system/libs/Nusoap/nusoap.php,4782,símbolo de clase/tabla; no necesariamente consulta directa
user,system/libs/Nusoap/nusoap0.7.3.php,2261,símbolo de clase/tabla; no necesariamente consulta directa
user,system/libs/Nusoap/nusoap0.7.3.php,2262,símbolo de clase/tabla; no necesariamente consulta directa
file,system/libs/Nusoap/nusoap0.7.3.php,4762,símbolo de clase/tabla; no necesariamente consulta directa
file,system/libs/Nusoap/nusoap0.7.3.php,4767,símbolo de clase/tabla; no necesariamente consulta directa
file,system/libs/Nusoap/nusoap0.7.3.php,4776,símbolo de clase/tabla; no necesariamente consulta directa
file,system/libs/PEAR/DB.php,479,símbolo de clase/tabla; no necesariamente consulta directa
file,system/libs/PEAR/DB.php,556,símbolo de clase/tabla; no necesariamente consulta directa
file,system/libs/PEAR/DB/dbase.php,225,símbolo de clase/tabla; no necesariamente consulta directa
file,system/libs/PEAR/DB/dbase.php,235,símbolo de clase/tabla; no necesariamente consulta directa
permission,system/libs/PEAR/DB/ibase.php,933,símbolo de clase/tabla; no necesariamente consulta directa
user,system/libs/PEAR/DB/mysql.php,1018,símbolo de clase/tabla; no necesariamente consulta directa
user,system/libs/PEAR/DB/mysqli.php,1091,símbolo de clase/tabla; no necesariamente consulta directa
user,system/libs/PEAR/DB/sybase.php,676,símbolo de clase/tabla; no necesariamente consulta directa
permission,system/libs/PEAR/DB/sybase.php,678,símbolo de clase/tabla; no necesariamente consulta directa
permission,system/libs/PEAR/DB/sybase.php,680,símbolo de clase/tabla; no necesariamente consulta directa
user,system/libs/PhpMailer/class.PHPMailer.php,83,símbolo de clase/tabla; no necesariamente consulta directa
file,system/libs/PhpMailer/class.PHPMailer.php,664,símbolo de clase/tabla; no necesariamente consulta directa
user,system/libs/PhpMailer/class.pop3.php,274,símbolo de clase/tabla; no necesariamente consulta directa
file,system/libs/PhpMailer/language/phpmailer.lang-en.php,20,símbolo de clase/tabla; no necesariamente consulta directa
permission,system/libs/ProjectLibrary/Access.class.php,21,símbolo de clase/tabla; no necesariamente consulta directa
user,system/libs/ProjectLibrary/Access.class.php,41,símbolo de clase/tabla; no necesariamente consulta directa
categorias,system/libs/ProjectLibrary/Access/Categorias.class.php,3,símbolo de clase/tabla; no necesariamente consulta directa
marcas,system/libs/ProjectLibrary/Access/Marcas.class.php,3,símbolo de clase/tabla; no necesariamente consulta directa
productos,system/libs/ProjectLibrary/Access/Productos.class.php,3,símbolo de clase/tabla; no necesariamente consulta directa
user,system/libs/ProjectLibrary/Access/User.class.php,3,símbolo de clase/tabla; no necesariamente consulta directa
user,system/libs/ProjectLibrary/Access/User.class.php,23,símbolo de clase/tabla; no necesariamente consulta directa
user,system/libs/ProjectLibrary/Access/User.class.php,37,símbolo de clase/tabla; no necesariamente consulta directa
user,system/libs/ProjectLibrary/Access/User.class.php,41,símbolo de clase/tabla; no necesariamente consulta directa
user,system/libs/ProjectLibrary/Access/User.class.php,45,símbolo de clase/tabla; no necesariamente consulta directa
user,system/libs/ProjectLibrary/Access/User.class.php,64,símbolo de clase/tabla; no necesariamente consulta directa
user,system/libs/ProjectLibrary/Access/User.class.php,79,símbolo de clase/tabla; no necesariamente consulta directa
categorias,system/libs/ProjectLibrary/Entity/Categorias.class.php,2,símbolo de clase/tabla; no necesariamente consulta directa
categorias,system/libs/ProjectLibrary/Entity/Categorias.class.php,118,símbolo de clase/tabla; no necesariamente consulta directa
categorias,system/libs/ProjectLibrary/Entity/Categorias.class.php,119,símbolo de clase/tabla; no necesariamente consulta directa
marcas,system/libs/ProjectLibrary/Entity/Marcas.class.php,2,símbolo de clase/tabla; no necesariamente consulta directa
marcas,system/libs/ProjectLibrary/Entity/Marcas.class.php,99,símbolo de clase/tabla; no necesariamente consulta directa
productos,system/libs/ProjectLibrary/Entity/Productos.class.php,2,símbolo de clase/tabla; no necesariamente consulta directa
productos,system/libs/ProjectLibrary/Entity/Productos.class.php,156,símbolo de clase/tabla; no necesariamente consulta directa
user,system/libs/ProjectLibrary/Entity/User.class.php,2,símbolo de clase/tabla; no necesariamente consulta directa
categorias,system/libs/ProjectLibrary/Entity/Search/Result/Categorias.class.php,2,símbolo de clase/tabla; no necesariamente consulta directa
marcas,system/libs/ProjectLibrary/Entity/Search/Result/Marcas.class.php,2,símbolo de clase/tabla; no necesariamente consulta directa
productos,system/libs/ProjectLibrary/Entity/Search/Result/Productos.class.php,2,símbolo de clase/tabla; no necesariamente consulta directa
user,system/libs/ProjectLibrary/Entity/Search/Result/User.class.php,2,símbolo de clase/tabla; no necesariamente consulta directa
file,system/libs/ProjectLibrary/Entity/Util/File.class.php,3,símbolo de clase/tabla; no necesariamente consulta directa
file,system/libs/ProjectLibrary/Entity/Util/FileUpload.class.php,46,símbolo de clase/tabla; no necesariamente consulta directa
user,system/libs/ProjectLibrary/FrontEnd/BO/Authentification.class.php,5,símbolo de clase/tabla; no necesariamente consulta directa
user,system/libs/ProjectLibrary/FrontEnd/BO/Authentification.class.php,75,símbolo de clase/tabla; no necesariamente consulta directa
user,system/libs/ProjectLibrary/FrontEnd/BO/Authentification.class.php,76,símbolo de clase/tabla; no necesariamente consulta directa
categorias,system/libs/ProjectLibrary/FrontEnd/BO/Categorias.class.php,2,símbolo de clase/tabla; no necesariamente consulta directa
categorias,system/libs/ProjectLibrary/FrontEnd/BO/Categorias.class.php,6,símbolo de clase/tabla; no necesariamente consulta directa
categorias,system/libs/ProjectLibrary/FrontEnd/BO/Categorias.class.php,70,símbolo de clase/tabla; no necesariamente consulta directa
categorias,system/libs/ProjectLibrary/FrontEnd/BO/Categorias.class.php,71,símbolo de clase/tabla; no necesariamente consulta directa
categorias,system/libs/ProjectLibrary/FrontEnd/BO/Categorias.class.php,100,símbolo de clase/tabla; no necesariamente consulta directa
categorias,system/libs/ProjectLibrary/FrontEnd/BO/Categorias.class.php,101,símbolo de clase/tabla; no necesariamente consulta directa
categorias,system/libs/ProjectLibrary/FrontEnd/BO/Categorias.class.php,123,símbolo de clase/tabla; no necesariamente consulta directa
categorias,system/libs/ProjectLibrary/FrontEnd/BO/Categorias.class.php,142,símbolo de clase/tabla; no necesariamente consulta directa
categorias,system/libs/ProjectLibrary/FrontEnd/BO/Categorias.class.php,151,símbolo de clase/tabla; no necesariamente consulta directa
categorias,system/libs/ProjectLibrary/FrontEnd/BO/Categorias.class.php,160,símbolo de clase/tabla; no necesariamente consulta directa
categorias,system/libs/ProjectLibrary/FrontEnd/BO/Categorias.class.php,246,símbolo de clase/tabla; no necesariamente consulta directa
categorias,system/libs/ProjectLibrary/FrontEnd/BO/Categorias.class.php,263,símbolo de clase/tabla; no necesariamente consulta directa
categorias,system/libs/ProjectLibrary/FrontEnd/BO/Categorias.class.php,267,símbolo de clase/tabla; no necesariamente consulta directa
categorias,system/libs/ProjectLibrary/FrontEnd/BO/Categorias.class.php,283,símbolo de clase/tabla; no necesariamente consulta directa
categorias,system/libs/ProjectLibrary/FrontEnd/BO/Categorias.class.php,284,símbolo de clase/tabla; no necesariamente consulta directa
categorias,system/libs/ProjectLibrary/FrontEnd/BO/Categorias.class.php,318,símbolo de clase/tabla; no necesariamente consulta directa
categorias,system/libs/ProjectLibrary/FrontEnd/BO/Categorias.class.php,320,símbolo de clase/tabla; no necesariamente consulta directa
marcas,system/libs/ProjectLibrary/FrontEnd/BO/Marcas.class.php,2,símbolo de clase/tabla; no necesariamente consulta directa
marcas,system/libs/ProjectLibrary/FrontEnd/BO/Marcas.class.php,6,símbolo de clase/tabla; no necesariamente consulta directa
marcas,system/libs/ProjectLibrary/FrontEnd/BO/Marcas.class.php,71,símbolo de clase/tabla; no necesariamente consulta directa
marcas,system/libs/ProjectLibrary/FrontEnd/BO/Marcas.class.php,72,símbolo de clase/tabla; no necesariamente consulta directa
marcas,system/libs/ProjectLibrary/FrontEnd/BO/Marcas.class.php,101,símbolo de clase/tabla; no necesariamente consulta directa
marcas,system/libs/ProjectLibrary/FrontEnd/BO/Marcas.class.php,102,símbolo de clase/tabla; no necesariamente consulta directa
marcas,system/libs/ProjectLibrary/FrontEnd/BO/Marcas.class.php,124,símbolo de clase/tabla; no necesariamente consulta directa
marcas,system/libs/ProjectLibrary/FrontEnd/BO/Marcas.class.php,155,símbolo de clase/tabla; no necesariamente consulta directa
marcas,system/libs/ProjectLibrary/FrontEnd/BO/Marcas.class.php,161,símbolo de clase/tabla; no necesariamente consulta directa
marcas,system/libs/ProjectLibrary/FrontEnd/BO/Marcas.class.php,250,símbolo de clase/tabla; no necesariamente consulta directa
categorias,system/libs/ProjectLibrary/FrontEnd/BO/Marcas.class.php,267,símbolo de clase/tabla; no necesariamente consulta directa
marcas,system/libs/ProjectLibrary/FrontEnd/BO/Marcas.class.php,271,símbolo de clase/tabla; no necesariamente consulta directa
marcas,system/libs/ProjectLibrary/FrontEnd/BO/Marcas.class.php,285,símbolo de clase/tabla; no necesariamente consulta directa
marcas,system/libs/ProjectLibrary/FrontEnd/BO/Marcas.class.php,286,símbolo de clase/tabla; no necesariamente consulta directa
marcas,system/libs/ProjectLibrary/FrontEnd/BO/Marcas.class.php,320,símbolo de clase/tabla; no necesariamente consulta directa
marcas,system/libs/ProjectLibrary/FrontEnd/BO/Marcas.class.php,322,símbolo de clase/tabla; no necesariamente consulta directa
productos,system/libs/ProjectLibrary/FrontEnd/BO/Productos.class.php,2,símbolo de clase/tabla; no necesariamente consulta directa
productos,system/libs/ProjectLibrary/FrontEnd/BO/Productos.class.php,6,símbolo de clase/tabla; no necesariamente consulta directa
productos,system/libs/ProjectLibrary/FrontEnd/BO/Productos.class.php,71,símbolo de clase/tabla; no necesariamente consulta directa
productos,system/libs/ProjectLibrary/FrontEnd/BO/Productos.class.php,72,símbolo de clase/tabla; no necesariamente consulta directa
productos,system/libs/ProjectLibrary/FrontEnd/BO/Productos.class.php,101,símbolo de clase/tabla; no necesariamente consulta directa
productos,system/libs/ProjectLibrary/FrontEnd/BO/Productos.class.php,124,símbolo de clase/tabla; no necesariamente consulta directa
categorias,system/libs/ProjectLibrary/FrontEnd/BO/Productos.class.php,150,símbolo de clase/tabla; no necesariamente consulta directa
marcas,system/libs/ProjectLibrary/FrontEnd/BO/Productos.class.php,151,símbolo de clase/tabla; no necesariamente consulta directa
productos,system/libs/ProjectLibrary/FrontEnd/BO/Productos.class.php,163,símbolo de clase/tabla; no necesariamente consulta directa
productos,system/libs/ProjectLibrary/FrontEnd/BO/Productos.class.php,252,símbolo de clase/tabla; no necesariamente consulta directa
productos,system/libs/ProjectLibrary/FrontEnd/BO/Productos.class.php,271,símbolo de clase/tabla; no necesariamente consulta directa
categorias,system/libs/ProjectLibrary/FrontEnd/BO/Productos.class.php,275,símbolo de clase/tabla; no necesariamente consulta directa
productos,system/libs/ProjectLibrary/FrontEnd/BO/Productos.class.php,288,símbolo de clase/tabla; no necesariamente consulta directa
categorias,system/libs/ProjectLibrary/FrontEnd/BO/Productos.class.php,292,símbolo de clase/tabla; no necesariamente consulta directa
productos,system/libs/ProjectLibrary/FrontEnd/BO/Productos.class.php,299,símbolo de clase/tabla; no necesariamente consulta directa
productos,system/libs/ProjectLibrary/FrontEnd/BO/Productos.class.php,300,símbolo de clase/tabla; no necesariamente consulta directa
productos,system/libs/ProjectLibrary/FrontEnd/BO/Productos.class.php,339,símbolo de clase/tabla; no necesariamente consulta directa
productos,system/libs/ProjectLibrary/FrontEnd/BO/Productos.class.php,341,símbolo de clase/tabla; no necesariamente consulta directa
user,system/libs/ProjectLibrary/FrontEnd/BO/User.class.php,2,símbolo de clase/tabla; no necesariamente consulta directa
user,system/libs/ProjectLibrary/FrontEnd/BO/User.class.php,54,símbolo de clase/tabla; no necesariamente consulta directa
user,system/libs/ProjectLibrary/FrontEnd/BO/User.class.php,57,símbolo de clase/tabla; no necesariamente consulta directa
user,system/libs/ProjectLibrary/FrontEnd/BO/User.class.php,61,símbolo de clase/tabla; no necesariamente consulta directa
user,system/libs/ProjectLibrary/FrontEnd/BO/User.class.php,83,símbolo de clase/tabla; no necesariamente consulta directa
user,system/libs/ProjectLibrary/FrontEnd/BO/User.class.php,97,símbolo de clase/tabla; no necesariamente consulta directa
user,system/libs/ProjectLibrary/FrontEnd/BO/User.class.php,130,símbolo de clase/tabla; no necesariamente consulta directa
user,system/libs/ProjectLibrary/FrontEnd/BO/User.class.php,153,símbolo de clase/tabla; no necesariamente consulta directa
user,system/libs/ProjectLibrary/FrontEnd/BO/User.class.php,180,símbolo de clase/tabla; no necesariamente consulta directa
user,system/libs/ProjectLibrary/FrontEnd/BO/User.class.php,204,símbolo de clase/tabla; no necesariamente consulta directa
user,system/libs/ProjectLibrary/FrontEnd/BO/User.class.php,256,símbolo de clase/tabla; no necesariamente consulta directa
user,system/libs/ProjectLibrary/FrontEnd/BO/User.class.php,270,símbolo de clase/tabla; no necesariamente consulta directa
productos,system/libs/ProjectLibrary/FrontEnd/BO/User.class.php,274,símbolo de clase/tabla; no necesariamente consulta directa
user,system/libs/ProjectLibrary/FrontEnd/BO/User.class.php,288,símbolo de clase/tabla; no necesariamente consulta directa
user,system/libs/ProjectLibrary/FrontEnd/BO/User.class.php,312,símbolo de clase/tabla; no necesariamente consulta directa
user,system/libs/ProjectLibrary/FrontEnd/BO/User.class.php,313,símbolo de clase/tabla; no necesariamente consulta directa
user,system/libs/ProjectLibrary/FrontEnd/BO/User.class.php,325,símbolo de clase/tabla; no necesariamente consulta directa
user,system/libs/ProjectLibrary/FrontEnd/BO/User.class.php,334,símbolo de clase/tabla; no necesariamente consulta directa
user,system/libs/ProjectLibrary/FrontEnd/BO/User.class.php,342,símbolo de clase/tabla; no necesariamente consulta directa
user,system/libs/ProjectLibrary/FrontEnd/BO/User.class.php,363,símbolo de clase/tabla; no necesariamente consulta directa
user,system/libs/ProjectLibrary/FrontEnd/BO/User.class.php,364,símbolo de clase/tabla; no necesariamente consulta directa
user,system/libs/ProjectLibrary/FrontEnd/FO/Authentification.class.php,4,símbolo de clase/tabla; no necesariamente consulta directa
user,system/libs/ProjectLibrary/FrontEnd/FO/Authentification.class.php,108,símbolo de clase/tabla; no necesariamente consulta directa
user,system/libs/ProjectLibrary/FrontEnd/FO/Authentification.class.php,124,símbolo de clase/tabla; no necesariamente consulta directa
user,system/libs/ProjectLibrary/FrontEnd/FO/Authentification.class.php,157,símbolo de clase/tabla; no necesariamente consulta directa
user,system/libs/ProjectLibrary/FrontEnd/FO/Authentification.class.php,159,símbolo de clase/tabla; no necesariamente consulta directa
categorias,system/libs/ProjectLibrary/FrontEnd/FO/Categorias.class.php,2,símbolo de clase/tabla; no necesariamente consulta directa
categorias,system/libs/ProjectLibrary/FrontEnd/FO/Categorias.class.php,34,símbolo de clase/tabla; no necesariamente consulta directa
categorias,system/libs/ProjectLibrary/FrontEnd/FO/Categorias.class.php,37,símbolo de clase/tabla; no necesariamente consulta directa
categorias,system/libs/ProjectLibrary/FrontEnd/FO/Categorias.class.php,51,símbolo de clase/tabla; no necesariamente consulta directa
categorias,system/libs/ProjectLibrary/FrontEnd/FO/Categorias.class.php,52,símbolo de clase/tabla; no necesariamente consulta directa
categorias,system/libs/ProjectLibrary/FrontEnd/FO/Categorias.class.php,68,símbolo de clase/tabla; no necesariamente consulta directa
categorias,system/libs/ProjectLibrary/FrontEnd/FO/Categorias.class.php,111,símbolo de clase/tabla; no necesariamente consulta directa
categorias,system/libs/ProjectLibrary/FrontEnd/FO/Categorias.class.php,146,símbolo de clase/tabla; no necesariamente consulta directa
marcas,system/libs/ProjectLibrary/FrontEnd/FO/Marcas.class.php,2,símbolo de clase/tabla; no necesariamente consulta directa
marcas,system/libs/ProjectLibrary/FrontEnd/FO/Marcas.class.php,34,símbolo de clase/tabla; no necesariamente consulta directa
marcas,system/libs/ProjectLibrary/FrontEnd/FO/Marcas.class.php,37,símbolo de clase/tabla; no necesariamente consulta directa
marcas,system/libs/ProjectLibrary/FrontEnd/FO/Marcas.class.php,51,símbolo de clase/tabla; no necesariamente consulta directa
marcas,system/libs/ProjectLibrary/FrontEnd/FO/Marcas.class.php,67,símbolo de clase/tabla; no necesariamente consulta directa
marcas,system/libs/ProjectLibrary/FrontEnd/FO/Marcas.class.php,110,símbolo de clase/tabla; no necesariamente consulta directa
marcas,system/libs/ProjectLibrary/FrontEnd/FO/Marcas.class.php,145,símbolo de clase/tabla; no necesariamente consulta directa
productos,system/libs/ProjectLibrary/FrontEnd/FO/Productos.class.php,2,símbolo de clase/tabla; no necesariamente consulta directa
productos,system/libs/ProjectLibrary/FrontEnd/FO/Productos.class.php,33,símbolo de clase/tabla; no necesariamente consulta directa
productos,system/libs/ProjectLibrary/FrontEnd/FO/Productos.class.php,34,símbolo de clase/tabla; no necesariamente consulta directa
categorias,system/libs/ProjectLibrary/FrontEnd/FO/Productos.class.php,49,símbolo de clase/tabla; no necesariamente consulta directa
marcas,system/libs/ProjectLibrary/FrontEnd/FO/Productos.class.php,67,símbolo de clase/tabla; no necesariamente consulta directa
productos,system/libs/ProjectLibrary/FrontEnd/FO/Productos.class.php,70,símbolo de clase/tabla; no necesariamente consulta directa
productos,system/libs/ProjectLibrary/FrontEnd/FO/Productos.class.php,87,símbolo de clase/tabla; no necesariamente consulta directa
productos,system/libs/ProjectLibrary/FrontEnd/FO/Productos.class.php,130,símbolo de clase/tabla; no necesariamente consulta directa
productos,system/libs/ProjectLibrary/FrontEnd/FO/Productos.class.php,165,símbolo de clase/tabla; no necesariamente consulta directa
user,system/libs/ProjectLibrary/FrontEnd/Util/UserSession.class.php,8,símbolo de clase/tabla; no necesariamente consulta directa
user,system/libs/ProjectLibrary/FrontEnd/Util/UserSession.class.php,37,símbolo de clase/tabla; no necesariamente consulta directa
categorias,system/libs/ProjectLibrary/SDO/Categorias.class.php,2,símbolo de clase/tabla; no necesariamente consulta directa
categorias,system/libs/ProjectLibrary/SDO/Categorias.class.php,13,símbolo de clase/tabla; no necesariamente consulta directa
categorias,system/libs/ProjectLibrary/SDO/Categorias.class.php,24,símbolo de clase/tabla; no necesariamente consulta directa
categorias,system/libs/ProjectLibrary/SDO/Categorias.class.php,34,símbolo de clase/tabla; no necesariamente consulta directa
categorias,system/libs/ProjectLibrary/SDO/Categorias.class.php,36,símbolo de clase/tabla; no necesariamente consulta directa
categorias,system/libs/ProjectLibrary/SDO/Categorias.class.php,47,símbolo de clase/tabla; no necesariamente consulta directa
categorias,system/libs/ProjectLibrary/SDO/Categorias.class.php,56,símbolo de clase/tabla; no necesariamente consulta directa
categorias,system/libs/ProjectLibrary/SDO/Categorias.class.php,60,símbolo de clase/tabla; no necesariamente consulta directa
user,system/libs/ProjectLibrary/SDO/ImageHandler.class.php,101,símbolo de clase/tabla; no necesariamente consulta directa
user,system/libs/ProjectLibrary/SDO/ImageHandler.class.php,114,símbolo de clase/tabla; no necesariamente consulta directa
file,system/libs/ProjectLibrary/SDO/ImageHandler.class.php,125,símbolo de clase/tabla; no necesariamente consulta directa
marcas,system/libs/ProjectLibrary/SDO/Marcas.class.php,2,símbolo de clase/tabla; no necesariamente consulta directa
marcas,system/libs/ProjectLibrary/SDO/Marcas.class.php,13,símbolo de clase/tabla; no necesariamente consulta directa
marcas,system/libs/ProjectLibrary/SDO/Marcas.class.php,24,símbolo de clase/tabla; no necesariamente consulta directa
marcas,system/libs/ProjectLibrary/SDO/Marcas.class.php,34,símbolo de clase/tabla; no necesariamente consulta directa
marcas,system/libs/ProjectLibrary/SDO/Marcas.class.php,36,símbolo de clase/tabla; no necesariamente consulta directa
marcas,system/libs/ProjectLibrary/SDO/Marcas.class.php,47,símbolo de clase/tabla; no necesariamente consulta directa
marcas,system/libs/ProjectLibrary/SDO/Marcas.class.php,56,símbolo de clase/tabla; no necesariamente consulta directa
marcas,system/libs/ProjectLibrary/SDO/Marcas.class.php,60,símbolo de clase/tabla; no necesariamente consulta directa
productos,system/libs/ProjectLibrary/SDO/Productos.class.php,2,símbolo de clase/tabla; no necesariamente consulta directa
productos,system/libs/ProjectLibrary/SDO/Productos.class.php,13,símbolo de clase/tabla; no necesariamente consulta directa
productos,system/libs/ProjectLibrary/SDO/Productos.class.php,24,símbolo de clase/tabla; no necesariamente consulta directa
productos,system/libs/ProjectLibrary/SDO/Productos.class.php,34,símbolo de clase/tabla; no necesariamente consulta directa
productos,system/libs/ProjectLibrary/SDO/Productos.class.php,36,símbolo de clase/tabla; no necesariamente consulta directa
productos,system/libs/ProjectLibrary/SDO/Productos.class.php,47,símbolo de clase/tabla; no necesariamente consulta directa
productos,system/libs/ProjectLibrary/SDO/Productos.class.php,56,símbolo de clase/tabla; no necesariamente consulta directa
productos,system/libs/ProjectLibrary/SDO/Productos.class.php,60,símbolo de clase/tabla; no necesariamente consulta directa
user,system/libs/ProjectLibrary/SDO/User.class.php,2,símbolo de clase/tabla; no necesariamente consulta directa
user,system/libs/ProjectLibrary/SDO/User.class.php,3,símbolo de clase/tabla; no necesariamente consulta directa
user,system/libs/ProjectLibrary/SDO/User.class.php,4,símbolo de clase/tabla; no necesariamente consulta directa
user,system/libs/ProjectLibrary/SDO/User.class.php,5,símbolo de clase/tabla; no necesariamente consulta directa
user,system/libs/ProjectLibrary/SDO/User.class.php,6,símbolo de clase/tabla; no necesariamente consulta directa
user,system/libs/ProjectLibrary/SDO/User.class.php,21,símbolo de clase/tabla; no necesariamente consulta directa
user,system/libs/ProjectLibrary/SDO/User.class.php,31,símbolo de clase/tabla; no necesariamente consulta directa
user,system/libs/ProjectLibrary/SDO/User.class.php,35,símbolo de clase/tabla; no necesariamente consulta directa
user,system/libs/ProjectLibrary/SDO/User.class.php,47,símbolo de clase/tabla; no necesariamente consulta directa
user,system/libs/ProjectLibrary/SDO/User.class.php,48,símbolo de clase/tabla; no necesariamente consulta directa
user,system/libs/ProjectLibrary/SDO/User.class.php,59,símbolo de clase/tabla; no necesariamente consulta directa
file,system/libs/ProjectLibrary/SDO/User.class.php,76,símbolo de clase/tabla; no necesariamente consulta directa
file,system/libs/ProjectLibrary/SDO/User.class.php,85,símbolo de clase/tabla; no necesariamente consulta directa
categorias,system/libs/ProjectLibrary/SDO/Core/Application/Categorias.class.php,6,símbolo de clase/tabla; no necesariamente consulta directa
categorias,system/libs/ProjectLibrary/SDO/Core/Application/Categorias.class.php,13,símbolo de clase/tabla; no necesariamente consulta directa
categorias,system/libs/ProjectLibrary/SDO/Core/Application/Categorias.class.php,16,símbolo de clase/tabla; no necesariamente consulta directa
categorias,system/libs/ProjectLibrary/SDO/Core/Application/Categorias.class.php,24,símbolo de clase/tabla; no necesariamente consulta directa
categorias,system/libs/ProjectLibrary/SDO/Core/Application/Categorias.class.php,34,símbolo de clase/tabla; no necesariamente consulta directa
user,system/libs/ProjectLibrary/SDO/Core/Application/Categorias.class.php,234,símbolo de clase/tabla; no necesariamente consulta directa
file,system/libs/ProjectLibrary/SDO/Core/Application/FileManagement.class.php,13,símbolo de clase/tabla; no necesariamente consulta directa
file,system/libs/ProjectLibrary/SDO/Core/Application/FileManagement.class.php,27,símbolo de clase/tabla; no necesariamente consulta directa
file,system/libs/ProjectLibrary/SDO/Core/Application/FileManagement.class.php,61,símbolo de clase/tabla; no necesariamente consulta directa
file,system/libs/ProjectLibrary/SDO/Core/Application/FileManagement.class.php,62,símbolo de clase/tabla; no necesariamente consulta directa
file,system/libs/ProjectLibrary/SDO/Core/Application/FileManagement.class.php,139,símbolo de clase/tabla; no necesariamente consulta directa
file,system/libs/ProjectLibrary/SDO/Core/Application/FileManagement.class.php,227,símbolo de clase/tabla; no necesariamente consulta directa
file,system/libs/ProjectLibrary/SDO/Core/Application/Form.class.php,324,símbolo de clase/tabla; no necesariamente consulta directa
file,system/libs/ProjectLibrary/SDO/Core/Application/Form.class.php,325,símbolo de clase/tabla; no necesariamente consulta directa
file,system/libs/ProjectLibrary/SDO/Core/Application/ImageHandler.class.php,27,símbolo de clase/tabla; no necesariamente consulta directa
file,system/libs/ProjectLibrary/SDO/Core/Application/ImageHandler.class.php,112,símbolo de clase/tabla; no necesariamente consulta directa
file,system/libs/ProjectLibrary/SDO/Core/Application/ImageHandler.class.php,122,símbolo de clase/tabla; no necesariamente consulta directa
file,system/libs/ProjectLibrary/SDO/Core/Application/ImageHandler.class.php,123,símbolo de clase/tabla; no necesariamente consulta directa
marcas,system/libs/ProjectLibrary/SDO/Core/Application/Marcas.class.php,6,símbolo de clase/tabla; no necesariamente consulta directa
marcas,system/libs/ProjectLibrary/SDO/Core/Application/Marcas.class.php,13,símbolo de clase/tabla; no necesariamente consulta directa
marcas,system/libs/ProjectLibrary/SDO/Core/Application/Marcas.class.php,16,símbolo de clase/tabla; no necesariamente consulta directa
marcas,system/libs/ProjectLibrary/SDO/Core/Application/Marcas.class.php,24,símbolo de clase/tabla; no necesariamente consulta directa
marcas,system/libs/ProjectLibrary/SDO/Core/Application/Marcas.class.php,34,símbolo de clase/tabla; no necesariamente consulta directa
user,system/libs/ProjectLibrary/SDO/Core/Application/Marcas.class.php,234,símbolo de clase/tabla; no necesariamente consulta directa
productos,system/libs/ProjectLibrary/SDO/Core/Application/Productos.class.php,6,símbolo de clase/tabla; no necesariamente consulta directa
productos,system/libs/ProjectLibrary/SDO/Core/Application/Productos.class.php,13,símbolo de clase/tabla; no necesariamente consulta directa
productos,system/libs/ProjectLibrary/SDO/Core/Application/Productos.class.php,16,símbolo de clase/tabla; no necesariamente consulta directa
productos,system/libs/ProjectLibrary/SDO/Core/Application/Productos.class.php,24,símbolo de clase/tabla; no necesariamente consulta directa
productos,system/libs/ProjectLibrary/SDO/Core/Application/Productos.class.php,34,símbolo de clase/tabla; no necesariamente consulta directa
user,system/libs/ProjectLibrary/SDO/Core/Application/Productos.class.php,234,símbolo de clase/tabla; no necesariamente consulta directa
user,system/libs/ProjectLibrary/SDO/Core/Application/User.class.php,3,símbolo de clase/tabla; no necesariamente consulta directa
user,system/libs/ProjectLibrary/SDO/Core/Application/User.class.php,5,símbolo de clase/tabla; no necesariamente consulta directa
user,system/libs/ProjectLibrary/SDO/Core/Application/User.class.php,20,símbolo de clase/tabla; no necesariamente consulta directa
user,system/libs/ProjectLibrary/SDO/Core/Application/User.class.php,39,símbolo de clase/tabla; no necesariamente consulta directa
user,system/libs/ProjectLibrary/SDO/Core/Application/User.class.php,56,símbolo de clase/tabla; no necesariamente consulta directa
user,system/libs/ProjectLibrary/SDO/Core/Application/User.class.php,80,símbolo de clase/tabla; no necesariamente consulta directa
user,system/libs/ProjectLibrary/SDO/Core/Application/User.class.php,139,símbolo de clase/tabla; no necesariamente consulta directa
user,system/libs/ProjectLibrary/SDO/Core/Application/User.class.php,164,símbolo de clase/tabla; no necesariamente consulta directa
user,system/libs/ProjectLibrary/SDO/Core/Application/User.class.php,215,símbolo de clase/tabla; no necesariamente consulta directa
user,system/libs/ProjectLibrary/SDO/Core/Application/User.class.php,218,símbolo de clase/tabla; no necesariamente consulta directa
user,system/libs/ProjectLibrary/SDO/Core/Application/User.class.php,231,símbolo de clase/tabla; no necesariamente consulta directa
user,system/libs/ProjectLibrary/SDO/Core/Application/User.class.php,243,símbolo de clase/tabla; no necesariamente consulta directa
user,system/libs/ProjectLibrary/SDO/Core/Application/Security/Authentication.class.php,14,símbolo de clase/tabla; no necesariamente consulta directa
user,system/libs/ProjectLibrary/SDO/Core/Application/Security/Authentication.class.php,23,símbolo de clase/tabla; no necesariamente consulta directa
file,system/libs/ProjectLibrary/SDO/Core/Application/Security/Authentication.class.php,84,símbolo de clase/tabla; no necesariamente consulta directa
file,system/libs/ProjectLibrary/SDO/Core/Application/Security/Authentication.class.php,96,símbolo de clase/tabla; no necesariamente consulta directa
categorias,system/libs/ProjectLibrary/SDO/Core/DAO/Categorias.class.php,2,símbolo de clase/tabla; no necesariamente consulta directa
categorias,system/libs/ProjectLibrary/SDO/Core/DAO/Categorias.class.php,4,símbolo de clase/tabla; no necesariamente consulta directa
file,system/libs/ProjectLibrary/SDO/Core/DAO/File.class.php,2,símbolo de clase/tabla; no necesariamente consulta directa
marcas,system/libs/ProjectLibrary/SDO/Core/DAO/Marcas.class.php,2,símbolo de clase/tabla; no necesariamente consulta directa
marcas,system/libs/ProjectLibrary/SDO/Core/DAO/Marcas.class.php,4,símbolo de clase/tabla; no necesariamente consulta directa
permission,system/libs/ProjectLibrary/SDO/Core/DAO/Permission.class.php,2,símbolo de clase/tabla; no necesariamente consulta directa
permission,system/libs/ProjectLibrary/SDO/Core/DAO/Permission.class.php,4,símbolo de clase/tabla; no necesariamente consulta directa
productos,system/libs/ProjectLibrary/SDO/Core/DAO/Productos.class.php,2,símbolo de clase/tabla; no necesariamente consulta directa
productos,system/libs/ProjectLibrary/SDO/Core/DAO/Productos.class.php,4,símbolo de clase/tabla; no necesariamente consulta directa
user,system/libs/ProjectLibrary/SDO/Core/DAO/User.class.php,2,símbolo de clase/tabla; no necesariamente consulta directa
user,system/libs/ProjectLibrary/SDO/Core/DAO/User.class.php,4,símbolo de clase/tabla; no necesariamente consulta directa
categorias,system/libs/ProjectLibrary/SDO/Core/Validator/Categorias.class.php,2,símbolo de clase/tabla; no necesariamente consulta directa
categorias,system/libs/ProjectLibrary/SDO/Core/Validator/Categorias.class.php,9,símbolo de clase/tabla; no necesariamente consulta directa
user,system/libs/ProjectLibrary/SDO/Core/Validator/Categorias.class.php,79,símbolo de clase/tabla; no necesariamente consulta directa
file,system/libs/ProjectLibrary/SDO/Core/Validator/File.class.php,2,símbolo de clase/tabla; no necesariamente consulta directa
file,system/libs/ProjectLibrary/SDO/Core/Validator/File.class.php,23,símbolo de clase/tabla; no necesariamente consulta directa
marcas,system/libs/ProjectLibrary/SDO/Core/Validator/Marcas.class.php,2,símbolo de clase/tabla; no necesariamente consulta directa
marcas,system/libs/ProjectLibrary/SDO/Core/Validator/Marcas.class.php,9,símbolo de clase/tabla; no necesariamente consulta directa
user,system/libs/ProjectLibrary/SDO/Core/Validator/Marcas.class.php,79,símbolo de clase/tabla; no necesariamente consulta directa
productos,system/libs/ProjectLibrary/SDO/Core/Validator/Productos.class.php,2,símbolo de clase/tabla; no necesariamente consulta directa
productos,system/libs/ProjectLibrary/SDO/Core/Validator/Productos.class.php,9,símbolo de clase/tabla; no necesariamente consulta directa
user,system/libs/ProjectLibrary/SDO/Core/Validator/Productos.class.php,79,símbolo de clase/tabla; no necesariamente consulta directa
user,system/libs/ProjectLibrary/SDO/Core/Validator/User.class.php,2,símbolo de clase/tabla; no necesariamente consulta directa
user,system/libs/ProjectLibrary/SDO/Core/Validator/User.class.php,9,símbolo de clase/tabla; no necesariamente consulta directa
file,system/libs/ProjectLibrary/SDO/Core/Validator/File/Excel.class.php,2,símbolo de clase/tabla; no necesariamente consulta directa
file,system/libs/ProjectLibrary/SDO/Core/Validator/File/Excel.class.php,5,símbolo de clase/tabla; no necesariamente consulta directa
file,system/libs/ProjectLibrary/SDO/Core/Validator/File/Image.class.php,2,símbolo de clase/tabla; no necesariamente consulta directa
file,system/libs/ProjectLibrary/SDO/Core/Validator/File/Image.class.php,5,símbolo de clase/tabla; no necesariamente consulta directa
file,system/libs/ProjectLibrary/SDO/Core/Validator/File/MP3.class.php,2,símbolo de clase/tabla; no necesariamente consulta directa
file,system/libs/ProjectLibrary/SDO/Core/Validator/File/MP3.class.php,5,símbolo de clase/tabla; no necesariamente consulta directa
file,system/libs/ProjectLibrary/SDO/Core/Validator/File/Pdf.class.php,2,símbolo de clase/tabla; no necesariamente consulta directa
file,system/libs/ProjectLibrary/SDO/Core/Validator/File/Pdf.class.php,5,símbolo de clase/tabla; no necesariamente consulta directa
file,system/libs/ProjectLibrary/SDO/Core/Validator/File/Word.class.php,2,símbolo de clase/tabla; no necesariamente consulta directa
file,system/libs/ProjectLibrary/SDO/Core/Validator/File/Word.class.php,5,símbolo de clase/tabla; no necesariamente consulta directa
user,system/libs/ProjectLibrary/SDO/Core/Validator/Test/UniqueProfileEmail.class.php,12,símbolo de clase/tabla; no necesariamente consulta directa
user,system/libs/ProjectLibrary/SDO/Core/Validator/Test/UniqueProfileEmail.class.php,21,símbolo de clase/tabla; no necesariamente consulta directa
file,system/libs/Zend/Loader.php,91,símbolo de clase/tabla; no necesariamente consulta directa
file,system/libs/Zend/Loader/PluginLoader.php,316,símbolo de clase/tabla; no necesariamente consulta directa
file,system/libs/Zend/Locale/Data.php,146,símbolo de clase/tabla; no necesariamente consulta directa
file,system/libs/Zend/Translate/Adapter/Array.php,69,símbolo de clase/tabla; no necesariamente consulta directa
file,system/libs/Zend/Translate/Adapter/Csv.php,71,símbolo de clase/tabla; no necesariamente consulta directa
file,system/libs/Zend/Translate/Adapter/Gettext.php,91,símbolo de clase/tabla; no necesariamente consulta directa
file,system/libs/Zend/Translate/Adapter/Gettext.php,95,símbolo de clase/tabla; no necesariamente consulta directa
file,system/libs/Zend/Translate/Adapter/Gettext.php,106,símbolo de clase/tabla; no necesariamente consulta directa
file,system/libs/Zend/Translate/Adapter/Qt.php,82,símbolo de clase/tabla; no necesariamente consulta directa
file,system/libs/Zend/Translate/Adapter/Tbx.php,84,símbolo de clase/tabla; no necesariamente consulta directa
file,system/libs/Zend/Translate/Adapter/Tmx.php,84,símbolo de clase/tabla; no necesariamente consulta directa
file,system/libs/Zend/Translate/Adapter/Xliff.php,82,símbolo de clase/tabla; no necesariamente consulta directa
file,system/libs/Zend/Translate/Adapter/Xliff.php,117,símbolo de clase/tabla; no necesariamente consulta directa
file,system/libs/Zend/Translate/Adapter/XmlTm.php,79,símbolo de clase/tabla; no necesariamente consulta directa
productos,system/view/CategoriasMain.php,5,símbolo de clase/tabla; no necesariamente consulta directa
productos,system/view/ProductosMain.php,5,símbolo de clase/tabla; no necesariamente consulta directa
productos,system/view/ProductosMain.php,7,símbolo de clase/tabla; no necesariamente consulta directa
categorias,system/view/ProductosView.php,8,símbolo de clase/tabla; no necesariamente consulta directa
marcas,system/view/ProductosView.php,10,símbolo de clase/tabla; no necesariamente consulta directa
productos,system/view/ProductosView.php,12,símbolo de clase/tabla; no necesariamente consulta directa
