source,line,kind,expression
1500-revolving-door.php,1,include,'header.php'
1500-revolving-door.php,26,include,'menu-soluciones.php'
1500-revolving-door.php,48,include,'footer.php'
accesorios.php,4,include,'header.php'
accesorios.php,29,include,'menu-seccionales.php'
accesorios.php,45,include,'footer.php'
accesspro-fs1000speed.php,4,include,'header.php'
accesspro-fs1000speed.php,29,include,'menu-soluciones.php'
accesspro-fs1000speed.php,54,include,'footer.php'
automatismos-para-cancelas-cubic.php,1,include,'header.php'
automatismos-para-cancelas-cubic.php,31,include,'menu-soluciones.php'
automatismos-para-cancelas-cubic.php,50,include,'footer.php'
barreras-estacionamiento-moovi50rm.php,4,include,'header.php'
barreras-estacionamiento-moovi50rm.php,26,include,'menu-soluciones.php'
barreras-estacionamiento-moovi50rm.php,81,include,'footer.php'
bft-resp.php,1,include,'header.php'
bft-resp.php,145,include,'footer.php'
bft.php,4,include,'header.php'
bft.php,29,include,'menu-marcas.php'
bft.php,151,include,'footer.php'
bix-al-antena-externa-433-mhz.php,1,include,'header.php'
bix-al-antena-externa-433-mhz.php,26,include,'menu-soluciones.php'
bix-al-antena-externa-433-mhz.php,44,include,'footer.php'
blindadas.php,4,include,'header.php'
blindadas.php,58,include,'footer.php'
blue-giant.php,4,include,'header.php'
blue-giant.php,29,include,'menu-marcas.php'
blue-giant.php,98,include,'footer.php'
blue-giant.php,241,include,'footer.php'
categorias.php,2,require_once,"""system/common.php"")"
centros-comerciales.php,4,include,'header.php'
centros-comerciales.php,29,include,'menu-soluciones.php'
centros-comerciales.php,383,include,'footer.php'
clopay.php,4,include,'header.php'
clopay.php,29,include,'menu-marcas.php'
clopay.php,116,include,'footer.php'
coleccion-classic.php,4,include,'header.php'
coleccion-classic.php,25,include,'menu-soluciones.php'
coleccion-classic.php,50,include,'footer.php'
coleccion-modern-steel.php,4,include,'header.php'
coleccion-modern-steel.php,34,include,'menu-seccionales.php'
coleccion-modern-steel.php,67,include,'footer.php'
com-programadores-digitales-y-rotativos.php,1,include,'header.php'
com-programadores-digitales-y-rotativos.php,26,include,'menu-soluciones.php'
com-programadores-digitales-y-rotativos.php,44,include,'footer.php'
comercial.php,4,include,'header.php'
comercial.php,111,include,'footer.php'
contacto.php,1,include,'headerv1.php'
contacto.php,2,include_once,"""enviaContacto.php"""
contacto.php,85,require,"d"" type=""text"" name=""entity[Nombre]""  value=""<?=getValue('Nombre')?>"" placeholder=""Introduce tu nombre*"" />"
contacto.php,89,require,"d"" type=""email"" name=""entity[Email]""  value=""<?=getValue('Email')?>""  placeholder=""Introduce tu email*"" />"
contacto.php,125,include,'footer.php'
contra-exposion.php,4,include,'header.php'
contra-exposion.php,58,include,'footer.php'
contra-incendio.php,4,include,'header.php'
contra-incendio.php,58,include,'footer.php'
cortina-de-seguridad-670.php,4,include,'header.php'
cortina-de-seguridad-670.php,29,include,'menu-seccionales.php'
cortina-de-seguridad-670.php,52,include,'footer.php'
cortina-de-seguridad-671.php,4,include,'header.php'
cortina-de-seguridad-671.php,29,include,'menu-seccionales.php'
cortina-de-seguridad-671.php,54,include,'footer.php'
cortina-en-aluminio-serie-511-521.php,4,include,'header.php'
cortina-en-aluminio-serie-511-521.php,29,include,'menu-seccionales.php'
cortina-en-aluminio-serie-511-521.php,46,include,'footer.php'
cortina-europea.php,4,include,'header.php'
cortina-europea.php,29,include,'menu-seccionales.php'
cortina-europea.php,54,include,'footer.php'
cortina-plana.php,4,include,'header.php'
cortina-plana.php,26,include,'menu-soluciones.php'
cortina-plana.php,48,include,'footer.php'
cortina-serie-600.php,4,include,'header.php'
cortina-serie-600.php,29,include,'menu-seccionales.php'
cortina-serie-600.php,61,include,'footer.php'
cortina-serie-610.php,4,include,'header.php'
cortina-serie-610.php,29,include,'menu-seccionales.php'
cortina-serie-610.php,85,include,'footer.php'
cortina-serie-620.php,4,include,'header.php'
cortina-serie-620.php,29,include,'menu-seccionales.php'
cortina-serie-620.php,63,include,'footer.php'
cortina-serie-625.php,4,include,'header.php'
cortina-serie-625.php,29,include,'menu-seccionales.php'
cortina-serie-625.php,47,include,'footer.php'
cortina-serie-630.php,4,include,'header.php'
cortina-serie-630.php,29,include,'menu-seccionales.php'
cortina-serie-630.php,60,include,'footer.php'
cortina-serie-790-cw.php,4,include,'header.php'
cortina-serie-790-cw.php,29,include,'menu-seccionales.php'
cortina-serie-790-cw.php,62,include,'footer.php'
cortinas-enrollables-de-aluminio.php,1,include,'header.php'
cortinas-enrollables-de-aluminio.php,26,include,'menu-soluciones.php'
cortinas-enrollables-de-aluminio.php,45,include,'footer.php'
cortinas-enrollables-industriales.php,4,include,'header.php'
cortinas-enrollables-industriales.php,328,include,'footer.php'
cortinas-ventiladas-685.php,4,include,'header.php'
cortinas-ventiladas-685.php,29,include,'menu-seccionales.php'
cortinas-ventiladas-685.php,66,include,'footer.php'
cross-3e.php,1,include,'header.php'
cross-3e.php,26,include,'menu-seccionales.php'
cross-3e.php,45,include,'footer.php'
detector-de-masas-max-eagle.php,1,include,'header.php'
detector-de-masas-max-eagle.php,26,include,'menu-soluciones.php'
detector-de-masas-max-eagle.php,44,include,'footer.php'
ditec-neos-y-neos.php,1,include,'header.php'
ditec-neos-y-neos.php,26,include,'menu-seccionales.php'
ditec-neos-y-neos.php,49,include,'footer.php'
dockman.php,4,include,'header.php'
dockman.php,29,include,'menu-marcas.php'
dockman.php,227,include,'footer.php'
dod-automatizacion-compacto-y-potente-para-portones-seccionales-correderos-y-enrollables.php,1,include,'header.php'
dod-automatizacion-compacto-y-potente-para-portones-seccionales-correderos-y-enrollables.php,31,include,'menu-soluciones.php'
dod-automatizacion-compacto-y-potente-para-portones-seccionales-correderos-y-enrollables.php,52,include,'footer.php'
doorlock.php,4,include,'header.php'
doorlock.php,29,include,'menu-marcas.php'
doorlock.php,227,include,'footer.php'
dura-glide-20003000-puerta.php,1,include,'header.php'
dura-glide-20003000-puerta.php,26,include,'menu-soluciones.php'
dura-glide-20003000-puerta.php,48,include,'footer.php'
energy-series-with-intellicore-37171-3-4.php,4,include,'header.php'
energy-series-with-intellicore-37171-3-4.php,29,include,'menu-seccionales.php'
energy-series-with-intellicore-37171-3-4.php,60,include,'footer.php'
energy-series-with-intellicore-3720-3724-3722.php,4,include,'header.php'
energy-series-with-intellicore-3720-3724-3722.php,29,include,'menu-seccionales.php'
energy-series-with-intellicore-3720-3724-3722.php,54,include,'footer.php'
enviaContacto.php,5,include_once,'sendMail/sendMail.php'
enviaContacto.php,18,require,"d"" => true)"
enviaContacto.php,19,require,"d"" => true)"
enviaContacto.php,20,require,"d"" => false)"
equipos-y-accesorios-para-anden-de-carga.php,4,include,'header.php'
equipos-y-accesorios-para-anden-de-carga.php,29,include,'menu-soluciones.php'
equipos-y-accesorios-para-anden-de-carga.php,137,include,'footer.php'
estacionamientos.php,4,include,'header.php'
estacionamientos.php,29,include,'menu-soluciones.php'
estacionamientos.php,149,include,'footer.php'
fast-seal-high-performance-door.php,4,include,'header.php'
fast-seal-high-performance-door.php,29,include,'menu-seccionales.php'
fast-seal-high-performance-door.php,62,include,'footer.php'
fire-rated-doors-firestar-models-700-700c.php,4,include,'header.php'
fire-rated-doors-firestar-models-700-700c.php,29,include,'menu-seccionales.php'
fire-rated-doors-firestar-models-700-700c.php,68,include,'footer.php'
fotoceldas.php,1,include,'header.php'
fotoceldas.php,26,include,'menu-soluciones.php'
fotoceldas.php,44,include,'footer.php'
fraccionamientos-y-condominios.php,4,include,'header.php'
fraccionamientos-y-condominios.php,29,include,'menu-soluciones.php'
fraccionamientos-y-condominios.php,149,include,'footer.php'
glg-porte-industriali.php,4,include,'header.php'
glg-porte-industriali.php,29,include,'menu-marcas.php'
glg-porte-industriali.php,98,include,'footer.php'
gol-transmisores-de-cuatro-canales.php,1,include,'header.php'
gol-transmisores-de-cuatro-canales.php,26,include,'menu-soluciones.php'
gol-transmisores-de-cuatro-canales.php,47,include,'footer.php'
headerv1.php,2,include_once,"""system/common.php"""
icaro-smart.php,4,include,'header.php'
icaro-smart.php,29,include,'menu-seccionales.php'
icaro-smart.php,54,include,'footer.php'
index-estatico.php,1,include,'header.php'
index-estatico.php,101,include,'iconos-marcas.php'
index-estatico.php,366,include,'footer.php'
index-resp.php,1,include,'header.php'
index-resp.php,464,include,'footer.php'
index.php,1,include,'headerv1.php'
index.php,109,include,'iconos-marcasv1.php'
index.php,388,include,'footerv1.php'
industrial.php,4,include,'header.php'
industrial.php,165,include,'footer.php'
infraca-quality-doors.php,4,include,'header.php'
infraca-quality-doors.php,29,include,'menu-marcas.php'
infraca-quality-doors.php,81,include,'footer.php'
kelley.php,4,include,'header.php'
kelley.php,29,include,'menu-marcas.php'
kelley.php,100,include,'footer.php'
kronos-puertas-rapidas-de-sectores-modulares-autorreparable.php,4,include,'header.php'
kronos-puertas-rapidas-de-sectores-modulares-autorreparable.php,29,include,'menu-seccionales.php'
kronos-puertas-rapidas-de-sectores-modulares-autorreparable.php,61,include,'footer.php'
lab-4-fotocelulas-de-rayos-infrarrojos.php,1,include,'header.php'
lab-4-fotocelulas-de-rayos-infrarrojos.php,26,include,'menu-soluciones.php'
lab-4-fotocelulas-de-rayos-infrarrojos.php,45,include,'footer.php'
lab-9-detectores-de-volumen-de-metal-loop.php,1,include,'header.php'
lab-9-detectores-de-volumen-de-metal-loop.php,26,include,'menu-soluciones.php'
lab-9-detectores-de-volumen-de-metal-loop.php,43,include,'footer.php'
labio-de-elevacion-mecanico-dockman.php,4,include,'header.php'
labio-de-elevacion-mecanico-dockman.php,29,include,'menu-seccionales.php'
labio-de-elevacion-mecanico-dockman.php,62,include,'footer.php'
labio-elevacion-anden-carga.php,4,include,'header.php'
labio-elevacion-anden-carga.php,59,include,'footer.php'
lan-4-sistema-de-teclado-con-combinacion-digital.php,1,include,'header.php'
lan-4-sistema-de-teclado-con-combinacion-digital.php,26,include,'menu-soluciones.php'
lan-4-sistema-de-teclado-con-combinacion-digital.php,44,include,'footer.php'
lan-7-sistema-de-mando-de-proximidad-de-tarjetas-con-tecnologia-transponder.php,1,include,'header.php'
lan-7-sistema-de-mando-de-proximidad-de-tarjetas-con-tecnologia-transponder.php,26,include,'menu-soluciones.php'
lan-7-sistema-de-mando-de-proximidad-de-tarjetas-con-tecnologia-transponder.php,44,include,'footer.php'
lift-master-mod-h.php,4,include,'header.php'
lift-master-mod-h.php,34,include,'menu-seccionales.php'
lift-master-mod-h.php,96,include,'footer.php'
lift-master.php,4,include,'header.php'
lift-master.php,29,include,'menu-marcas.php'
lift-master.php,82,include,'footer.php'
liftmaster-modh.php,1,include,'header.php'
liftmaster-modh.php,31,include,'menu-seccionales.php'
liftmaster-modh.php,92,include,'footer.php'
light-communication-system-lcs.php,1,include,'header.php'
light-communication-system-lcs.php,26,include,'menu-soluciones.php'
light-communication-system-lcs.php,45,include,'footer.php'
lux-2b-y-lux-gv-piston-hidraulico-para-puerta-abatible.php,4,include,'header.php'
lux-2b-y-lux-gv-piston-hidraulico-para-puerta-abatible.php,29,include,'menu-seccionales.php'
lux-2b-y-lux-gv-piston-hidraulico-para-puerta-abatible.php,47,include,'footer.php'
luxo-robusto-e-incansable-para-servicios-intensivos-para-hojas-de-hasta-5-m.php,1,include,'header.php'
luxo-robusto-e-incansable-para-servicios-intensivos-para-hojas-de-hasta-5-m.php,31,include,'menu-soluciones.php'
luxo-robusto-e-incansable-para-servicios-intensivos-para-hojas-de-hasta-5-m.php,52,include,'footer.php'
magic-fuerza-del-operador.php,1,include,'header.php'
magic-fuerza-del-operador.php,26,include,'menu-soluciones.php'
magic-fuerza-del-operador.php,48,include,'footer.php'
marcas.php,1,include,'header.php'
marcas.php,27,include,'menu-soluciones.php'
marcas.php,146,include,'footer.php'
marcasv1.php,1,include,'headerv1.php'
marcasv1.php,30,include,'menu-solucionesv1.php'
marcasv1.php,56,include,'footer.php'
menu-marcas.php,3,include,'links-menu-marcas.php'
menu-marcasv1.php,3,include,'links-menu-marcasv1.php'
menu-seccionales.php,4,include,'links-menu.php'
menu-soluciones.php,3,include,'links-menu.php'
menu-solucionesv1.php,3,include,'links-menuv1.php'
nosotros.php,4,include,'headerv1.php'
nosotros.php,62,include,'footer.php'
operador-comercial-rhx.php,4,include,'header.php'
operador-comercial-rhx.php,29,include,'menu-seccionales.php'
operador-comercial-rhx.php,106,include,'footer.php'
operador-para-cortina-enrrollable-rsx.php,4,include,'header.php'
operador-para-cortina-enrrollable-rsx.php,29,include,'menu-seccionales.php'
operador-para-cortina-enrrollable-rsx.php,77,include,'footer.php'
operador-para-perfilados-comerciales-jst.php,4,include,'header.php'
operador-para-perfilados-comerciales-jst.php,29,include,'menu-seccionales.php'
operador-para-perfilados-comerciales-jst.php,67,include,'footer.php'
operador-para-perfilados-comerciales-sel.php,4,include,'header.php'
operador-para-perfilados-comerciales-sel.php,29,include,'menu-seccionales.php'
operador-para-perfilados-comerciales-sel.php,67,include,'footer.php'
operadores-para-puerta-abatible.php,4,include,'header.php'
operadores-para-puerta-abatible.php,111,include,'footer.php'
operadores-para-puerta-corrediza-industrial.php,4,include,'header.php'
operadores-para-puerta-corrediza-industrial.php,147,include,'footer.php'
operadores-para-puertas-ascendentes.php,4,include,'header.php'
operadores-para-puertas-ascendentes.php,57,include,'footer.php'
operadores-para-puertas-corredizas-residenciales.php,4,include,'header.php'
operadores-para-puertas-corredizas-residenciales.php,57,include,'footer.php'
operadores-para-puertas-de-mostrador-cdo.php,4,include,'header.php'
operadores-para-puertas-de-mostrador-cdo.php,29,include,'menu-seccionales.php'
operadores-para-puertas-de-mostrador-cdo.php,59,include,'footer.php'
operadores-puerta-abatible-industrial.php,4,include,'header.php'
operadores-puerta-abatible-industrial.php,165,include,'footer.php'
operadores-puerta-abatible.php,4,include,'header.php'
operadores-puerta-abatible.php,29,include,'menu-soluciones.php'
operadores-puerta-abatible.php,61,include,'footer.php'
operadores-puerta-corrediza-residencial.php,4,include,'header.php'
operadores-puerta-corrediza-residencial.php,29,include,'menu-soluciones.php'
operadores-puerta-corrediza-residencial.php,76,include,'footer.php'
operadores-puertas-ascendentes.php,4,include,'header.php'
operadores-puertas-ascendentes.php,29,include,'menu-soluciones.php'
operadores-puertas-ascendentes.php,70,include,'footer.php'
operadores-puertas-seccionales-cortinas.php,4,include,'header.php'
operadores-puertas-seccionales-cortinas.php,165,include,'footer.php'
overhead-door.php,4,include,'header.php'
overhead-door.php,29,include,'menu-marcas.php'
overhead-door.php,226,include,'footer.php'
p45-7-piston-hidraulico-para-puerta-abatible.php,4,include,'header.php'
p45-7-piston-hidraulico-para-puerta-abatible.php,29,include,'menu-seccionales.php'
p45-7-piston-hidraulico-para-puerta-abatible.php,53,include,'footer.php'
pas-sensores-volumetricos.php,1,include,'header.php'
pas-sensores-volumetricos.php,26,include,'menu-soluciones.php'
pas-sensores-volumetricos.php,47,include,'footer.php'
phobos-n-piston-electromecanico.php,4,include,'header.php'
phobos-n-piston-electromecanico.php,29,include,'menu-seccionales.php'
phobos-n-piston-electromecanico.php,51,include,'footer.php'
PHPMailer/get_oauth_token.php,78,require,'vendor/autoload.php'
PHPMailer/src/PHPMailer.php,1468,require,"d functions, CharSet, and at-sign."
PHPMailer/src/PHPMailer.php,1833,include,"s the mail() function) without escapeshellarg,"
PHPMailer/src/PHPMailer.php,3363,include,a filename property if we have one
PHPMailer/src/PHPMailer.php,5038,include,d in the DKIM signature?
PHPMailer/src/PHPMailer.php,5097,include,d in the signature *except for* the value of the `b` tag
politica-privacidad.php,1,include,'header.php'
politica-privacidad.php,85,include,'footer.php'
predadoor-nxt-door.php,4,include,'header.php'
predadoor-nxt-door.php,29,include,'menu-seccionales.php'
predadoor-nxt-door.php,50,include,'footer.php'
productos.php,2,require_once,"""system/common.php"")"
productos.php,8,include_once,"""system/common.php"")"
productos.php,12,include,'header.php'
productos.php,35,include,'menu-marcas.php'
productos.php,81,include,'footer.php'
puert-seccional-de-acero-sin-aislamiento-430-uso-medio.php,4,include,'header.php'
puert-seccional-de-acero-sin-aislamiento-430-uso-medio.php,34,include,'menu-seccionales.php'
puert-seccional-de-acero-sin-aislamiento-430-uso-medio.php,55,include,'footer.php'
puerta-contra-explosion.php,4,include,'header.php'
puerta-contra-explosion.php,29,include,'menu-seccionales.php'
puerta-contra-explosion.php,72,include,'footer.php'
puerta-contra-incendio.php,4,include,'header.php'
puerta-contra-incendio.php,93,include,'footer.php'
puerta-de-acero-acanalado-modelos-524.php,4,include,'header.php'
puerta-de-acero-acanalado-modelos-524.php,29,include,'menu-seccionales.php'
puerta-de-acero-acanalado-modelos-524.php,51,include,'footer.php'
puerta-de-acero-acanalado.php,1,include,'header.php'
puerta-de-acero-acanalado.php,23,include,'menu-soluciones.php'
puerta-de-acero-acanalado.php,50,include,'footer.php'
puerta-estandar-reforzada.php,4,include,'header.php'
puerta-estandar-reforzada.php,29,include,'menu-seccionales.php'
puerta-estandar-reforzada.php,46,include,'footer.php'
puerta-estandar.php,4,include,'header.php'
puerta-estandar.php,29,include,'menu-seccionales.php'
puerta-estandar.php,46,include,'footer.php'
puerta-holandesa.php,4,include,'header.php'
puerta-holandesa.php,29,include,'menu-seccionales.php'
puerta-holandesa.php,63,include,'footer.php'
puerta-para-hospital.php,4,include,'header.php'
puerta-para-hospital.php,29,include,'menu-seccionales.php'
puerta-para-hospital.php,55,include,'footer.php'
puerta-seccionabl-acero-perfiles-422-uso-pesado.php,4,include,'header.php'
puerta-seccionabl-acero-perfiles-422-uso-pesado.php,34,include,'menu-seccionales.php'
puerta-seccionabl-acero-perfiles-422-uso-pesado.php,55,include,'footer.php'
puerta-seccional-de-acero-perfiles-418.php,4,include,'header.php'
puerta-seccional-de-acero-perfiles-418.php,34,include,'menu-seccionales.php'
puerta-seccional-de-acero-perfiles-418.php,55,include,'footer.php'
puerta-seccional-de-acero-perfiles-432-uso-medio.php,4,include,'header.php'
puerta-seccional-de-acero-perfiles-432-uso-medio.php,34,include,'menu-seccionales.php'
puerta-seccional-de-acero-perfiles-432-uso-medio.php,56,include,'footer.php'
puerta-seccional-de-acero-sin-aislamiento-416-uso-muy-pesado.php,4,include,'header.php'
puerta-seccional-de-acero-sin-aislamiento-416-uso-muy-pesado.php,34,include,'menu-seccionales.php'
puerta-seccional-de-acero-sin-aislamiento-416-uso-muy-pesado.php,77,include,'footer.php'
puerta-seccional-de-acero-sin-aislamiento-424-uso-pesado.php,4,include,'header.php'
puerta-seccional-de-acero-sin-aislamiento-424-uso-pesado.php,34,include,'menu-seccionales.php'
puerta-seccional-de-acero-sin-aislamiento-424-uso-pesado.php,55,include,'footer.php'
puerta-seccional-de-acero-thermacore-593-uso-medio.php,4,include,'header.php'
puerta-seccional-de-acero-thermacore-593-uso-medio.php,34,include,'menu-seccionales.php'
puerta-seccional-de-acero-thermacore-593-uso-medio.php,55,include,'footer.php'
puerta-seccional-de-acero-thermacore-594-uso-medio.php,4,include,'header.php'
puerta-seccional-de-acero-thermacore-594-uso-medio.php,34,include,'menu-seccionales.php'
puerta-seccional-de-acero-thermacore-594-uso-medio.php,56,include,'footer.php'
puerta-seccional-de-acero-thermacore-595-uso-pesado.php,4,include,'header.php'
puerta-seccional-de-acero-thermacore-595-uso-pesado.php,34,include,'menu-seccionales.php'
puerta-seccional-de-acero-thermacore-595-uso-pesado.php,56,include,'footer.php'
puerta-seccional-de-acero-thermacore-599-uso-muy-pesado.php,4,include,'header.php'
puerta-seccional-de-acero-thermacore-599-uso-muy-pesado.php,34,include,'menu-seccionales.php'
puerta-seccional-de-acero-thermacore-599-uso-muy-pesado.php,55,include,'footer.php'
puerta-seccional-de-acero-thermacore-serie-592.php,4,include,'header.php'
puerta-seccional-de-acero-thermacore-serie-592.php,34,include,'menu-seccionales.php'
puerta-seccional-de-acero-thermacore-serie-592.php,77,include,'footer.php'
puerta-y-fijos-louver.php,4,include,'header.php'
puerta-y-fijos-louver.php,29,include,'menu-seccionales.php'
puerta-y-fijos-louver.php,60,include,'footer.php'
puertas-blindadas.php,4,include,'header.php'
puertas-blindadas.php,29,include,'menu-seccionales.php'
puertas-blindadas.php,60,include,'footer.php'
puertas-contra-incendio.php,4,include,'header.php'
puertas-contra-incendio.php,29,include,'menu-seccionales.php'
puertas-contra-incendio.php,46,include,'footer.php'
puertas-contra-rayos-x.php,4,include,'header.php'
puertas-contra-rayos-x.php,29,include,'menu-seccionales.php'
puertas-contra-rayos-x.php,56,include,'footer.php'
puertas-de-garaje-aisladas.php,1,include,'header.php'
puertas-de-garaje-aisladas.php,23,include,'menu-soluciones.php'
puertas-de-garaje-aisladas.php,48,include,'footer.php'
puertas-enrollables-de-garage.php,1,include,'header.php'
puertas-enrollables-de-garage.php,23,include,'menu-soluciones.php'
puertas-enrollables-de-garage.php,43,include,'footer.php'
puertas-industriales-dockman.php,4,include,'header.php'
puertas-industriales-dockman.php,29,include,'menu-seccionales.php'
puertas-industriales-dockman.php,54,include,'footer.php'
puertas-peatonales-estandar-y-reforzada.php,4,include,'header.php'
puertas-peatonales-estandar-y-reforzada.php,73,include,'footer.php'
puertas-peatonales-hospitales.php,4,include,'header.php'
puertas-peatonales-hospitales.php,75,include,'footer.php'
puertas-peatonales-rayos-x.php,4,include,'header.php'
puertas-peatonales-rayos-x.php,58,include,'footer.php'
puertas-peatonales-tipo-holandesa.php,4,include,'header.php'
puertas-peatonales-tipo-holandesa.php,56,include,'footer.php'
puertas-rapidas-enrollables.php,4,include,'header.php'
puertas-rapidas-enrollables.php,26,include,'menu-soluciones.php'
puertas-rapidas-enrollables.php,48,include,'footer.php'
puertas-rapidas.php,4,include,'header.php'
puertas-rapidas.php,238,include,'footer.php'
puertas-residenciales.php,4,include,'header.php'
puertas-residenciales.php,26,include,'menu-soluciones.php'
puertas-residenciales.php,70,include,'footer.php'
puertas-salida-emergencia.php,4,include,'header.php'
puertas-salida-emergencia.php,129,include,'footer.php'
puertas-seccionales-de-acero-aisladas-thermospan-modelo-150.php,4,include,'header.php'
puertas-seccionales-de-acero-aisladas-thermospan-modelo-150.php,29,include,'menu-seccionales.php'
puertas-seccionales-de-acero-aisladas-thermospan-modelo-150.php,60,include,'footer.php'
puertas-seccionales-de-acero-aisladas-thermospan.php,4,include,'header.php'
puertas-seccionales-de-acero-aisladas-thermospan.php,29,include,'menu-seccionales.php'
puertas-seccionales-de-acero-aisladas-thermospan.php,62,include,'footer.php'
puertas-seccionales-de-acero-modelo-2415.php,4,include,'header.php'
puertas-seccionales-de-acero-modelo-2415.php,34,include,'menu-seccionales.php'
puertas-seccionales-de-acero-modelo-2415.php,66,include,'footer.php'
puertas-seccionales-de-acero-perfiles-426.php,4,include,'header.php'
puertas-seccionales-de-acero-perfiles-426.php,34,include,'menu-seccionales.php'
puertas-seccionales-de-acero-perfiles-426.php,56,include,'footer.php'
puertas-seccionales-de-acero-sin-aislamiento-420-uso-pesado.php,4,include,'header.php'
puertas-seccionales-de-acero-sin-aislamiento-420-uso-pesado.php,34,include,'menu-seccionales.php'
puertas-seccionales-de-acero-sin-aislamiento-420-uso-pesado.php,73,include,'footer.php'
puertas-seccionales-de-acero-thermacore-598-uso-liviano.php,4,include,'header.php'
puertas-seccionales-de-acero-thermacore-598-uso-liviano.php,34,include,'menu-seccionales.php'
puertas-seccionales-de-acero-thermacore-598-uso-liviano.php,67,include,'footer.php'
puertas-seccionales-de-aluminio-521.php,4,include,'header.php'
puertas-seccionales-de-aluminio-521.php,34,include,'menu-seccionales.php'
puertas-seccionales-de-aluminio-521.php,55,include,'footer.php'
puertas-seccionales-industriales.php,4,include,'header.php'
puertas-seccionales-industriales.php,29,include,'menu-soluciones.php'
puertas-seccionales-industriales.php,426,include,'footer.php'
puertas-y-fijos-louver.php,4,include,'header.php'
puertas-y-fijos-louver.php,73,include,'footer.php'
puertasresidenciales.php,4,include,'header.php'
puertasresidenciales.php,74,include,'footer.php'
q-silent-max-eagle-3-4-hp.php,4,include,'header.php'
q-silent-max-eagle-3-4-hp.php,29,include,'menu-soluciones.php'
q-silent-max-eagle-3-4-hp.php,54,include,'footer.php'
qik-barreras-automaticas-de-hasta-58-m.php,1,include,'header.php'
qik-barreras-automaticas-de-hasta-58-m.php,32,include,'menu-soluciones.php'
qik-barreras-automaticas-de-hasta-58-m.php,58,include,'footer.php'
rampa-niveladora-mecanica-blue-giant.php,4,include,'header.php'
rampa-niveladora-mecanica-blue-giant.php,28,include,'menu-soluciones.php'
rampa-niveladora-mecanica-blue-giant.php,58,include,'footer.php'
rampa-niveladora.php,4,include,'header.php'
rampa-niveladora.php,111,include,'footer.php'
rampas-de-anden-hidraulicas-kelley.php,4,include,'header.php'
rampas-de-anden-hidraulicas-kelley.php,29,include,'menu-seccionales.php'
rampas-de-anden-hidraulicas-kelley.php,58,include,'footer.php'
rampas-de-anden-hidraulicas.php,4,include,'header.php'
rampas-de-anden-hidraulicas.php,29,include,'menu-seccionales.php'
rampas-de-anden-hidraulicas.php,61,include,'footer.php'
rampas-de-anden-mecanicas.php,4,include,'header.php'
rampas-de-anden-mecanicas.php,29,include,'menu-seccionales.php'
rampas-de-anden-mecanicas.php,63,include,'footer.php'
rapida-apilable.php,4,include,'header.php'
rapida-apilable.php,29,include,'menu-seccionales.php'
rapida-apilable.php,67,include,'footer.php'
rapida-enrollable-industrial.php,4,include,'header.php'
rapida-enrollable-industrial.php,29,include,'menu-seccionales.php'
rapida-enrollable-industrial.php,63,include,'footer.php'
receptor-para-control-vehiculos.php,4,include,'header.php'
receptor-para-control-vehiculos.php,29,include,'menu-soluciones.php'
receptor-para-control-vehiculos.php,274,include,'footer.php'
residencial.php,4,include,'header.php'
residencial.php,129,include,'footer.php'
retenedor-de-vehiculos.php,4,include,'header.php'
retenedor-de-vehiculos.php,34,include,'menu-seccionales.php'
retenedor-de-vehiculos.php,66,include,'footer.php'
retenedor-vehiculos-hvr303.php,1,include,'header.php'
retenedor-vehiculos-hvr303.php,25,include,'menu-soluciones.php'
retenedor-vehiculos-hvr303.php,56,include,'footer.php'
retenedores-de-vehiculos-automatico.php,4,include,'header.php'
retenedores-de-vehiculos-automatico.php,29,include,'menu-seccionales.php'
retenedores-de-vehiculos-automatico.php,60,include,'footer.php'
retenedores-de-vehiculos.php,4,include,'header.php'
retenedores-de-vehiculos.php,112,include,'footer.php'
rolli-zip.php,4,include,'header.php'
rolli-zip.php,29,include,'menu-seccionales.php'
rolli-zip.php,65,include,'footer.php'
rytec.php,4,include,'header.php'
rytec.php,29,include,'menu-marcas.php'
rytec.php,100,include,'footer.php'
sector-puertas-rapidas-enrollables-de-sectores-intercambiables-y-contrapesos.php,1,include,'header.php'
sector-puertas-rapidas-enrollables-de-sectores-intercambiables-y-contrapesos.php,26,include,'menu-seccionales.php'
sector-puertas-rapidas-enrollables-de-sectores-intercambiables-y-contrapesos.php,44,include,'footer.php'
sector-reset.php,1,include,'header.php'
sector-reset.php,26,include,'menu-seccionales.php'
sector-reset.php,43,include,'footer.php'
sellos-de-anden.php,4,include,'header.php'
sellos-de-anden.php,29,include,'menu-seccionales.php'
sellos-de-anden.php,66,include,'footer.php'
sellos-nacionales.php,4,include,'header.php'
sellos-nacionales.php,29,include,'menu-seccionales.php'
sellos-nacionales.php,60,include,'footer.php'
sellos-para-anden-shelter-de-soporte-flexible.php,4,include,'header.php'
sellos-para-anden-shelter-de-soporte-flexible.php,29,include,'menu-seccionales.php'
sellos-para-anden-shelter-de-soporte-flexible.php,55,include,'footer.php'
sellos-para-anden.php,4,include,'header.php'
sellos-para-anden.php,113,include,'footer.php'
semaforos-senalizaciones-para-anden.php,4,include,'header.php'
semaforos-senalizaciones-para-anden.php,57,include,'footer.php'
sendMail/sendMail.php,45,require,d'] && ( !isset($_POST[$variable][$field['name']]) || empty($_POST[$variable][$field['name']]) ) ){
sendMail/sendMail.php,92,include_once,$_SERVER['DOCUMENT_ROOT'] . '/sendMail/captcha/securimage/securimage.php'
sendMail/sendMail.php,303,require,'/home/puerta34/public_html/PHPMailer/src/Exception.php'
sendMail/sendMail.php,304,require,'/home/puerta34/public_html/PHPMailer/src/PHPMailer.php'
sendMail/sendMail.php,305,require,'/home/puerta34/public_html/PHPMailer/src/SMTP.php'
sendMail/sendMail.php,341,require_once,'PHPMailer/class.phpmailer.php')
serie-620.php,1,include,'header.php'
serie-620.php,26,include,'menu-seccionales.php'
serie-620.php,57,include,'footer.php'
serie-x130-motor-para-cortina-oculto.php,4,include,'header.php'
serie-x130-motor-para-cortina-oculto.php,29,include,'menu-seccionales.php'
serie-x130-motor-para-cortina-oculto.php,47,include,'footer.php'
sg-onixx-600.php,1,include,'header.php'
sg-onixx-600.php,26,include,'menu-seccionales.php'
sg-onixx-600.php,52,include,'footer.php'
shelter-abrigo-estacionario-blue-giant.php,4,include,'header.php'
shelter-abrigo-estacionario-blue-giant.php,31,include,'menu-soluciones.php'
shelter-abrigo-estacionario-blue-giant.php,68,include,'footer.php'
smart-puertas-rapidas-enrollables-de-sectores-intercambiables-con-motor-externo.php,1,include,'header.php'
smart-puertas-rapidas-enrollables-de-sectores-intercambiables-con-motor-externo.php,26,include,'menu-seccionales.php'
smart-puertas-rapidas-enrollables-de-sectores-intercambiables-con-motor-externo.php,44,include,'footer.php'
soluciones.php,4,include,'header.php'
soluciones.php,79,include,'footer.php'
sprint-automatizaciones-para-puertas-peatonales-pequenas-dimensiones.php,1,include,'header.php'
sprint-automatizaciones-para-puertas-peatonales-pequenas-dimensiones.php,31,include,'menu-soluciones.php'
sprint-automatizaciones-para-puertas-peatonales-pequenas-dimensiones.php,58,include,'footer.php'
star1000-receptor-comercial.php,1,include,'header.php'
star1000-receptor-comercial.php,26,include,'menu-soluciones.php'
star1000-receptor-comercial.php,48,include,'footer.php'
star4-vehicle-restraint.php,4,include,'header.php'
star4-vehicle-restraint.php,29,include,'menu-seccionales.php'
star4-vehicle-restraint.php,47,include,'footer.php'
system/ajax/CreateStateSelect.php,2,require_once,"""../common.php"")"
system/backoffice/Categorias/list.php,79,include_once,"""includes/header.php"" )"
system/backoffice/Categorias/list.php,127,include_once,"""includes/footer.php"" )"
system/backoffice/Categorias.php,2,require_once,"""../common.php"")"
system/backoffice/header.php,2,require_once,"""../common.php"" )"
system/backoffice/header.php,9,include,""" => 1, ""name"" => $this->trans('home'))"
system/backoffice/header.php,10,include,""" => 1, ""name"" => $this->trans('user').'s')"
system/backoffice/header.php,11,include,""" => 1, ""name"" => ""Clientes"")"
system/backoffice/header.php,12,include,""" => 1, ""name"" => ""Proyectos"")"
system/backoffice/header.php,13,include,""" => 1, ""name"" => ""Multimedia"")"
system/backoffice/header.php,14,include,""" => 1, ""name"" => ""Proveedores"")"
system/backoffice/header.php,15,include,""" => 1, ""name"" => ""Promociones"")"
system/backoffice/header.php,62,include,"""]) {?>"
system/backoffice/header.php,90,include_once,'menu.php'
system/backoffice/header_iframe.php,2,require_once,"""../common.php"" )"
system/backoffice/includes/footer.php,25,include,"s/plugins/fancybox/jquery.fancybox.min.js""></script>"
system/backoffice/includes/footer.php,31,include,"s/bootstrap/js/bootstrap.min.js""></script>"
system/backoffice/includes/footer.php,33,include,"s/plugins/datatables/jquery.dataTables.min.js""></script>"
system/backoffice/includes/footer.php,34,include,"s/plugins/datatables/dataTables.bootstrap.min.js""></script>"
system/backoffice/includes/footer.php,36,include,"s/plugins/iCheck/icheck.min.js""></script>"
system/backoffice/includes/footer.php,41,include,"s/plugins/sparkline/jquery.sparkline.min.js""></script>"
system/backoffice/includes/footer.php,43,include,"s/plugins/jvectormap/jquery-jvectormap-1.2.2.min.js""></script>"
system/backoffice/includes/footer.php,44,include,"s/plugins/jvectormap/jquery-jvectormap-world-mill-en.js""></script>"
system/backoffice/includes/footer.php,46,include,"s/plugins/knob/jquery.knob.js""></script>"
system/backoffice/includes/footer.php,49,include,"s/plugins/daterangepicker/daterangepicker.js""></script>"
system/backoffice/includes/footer.php,51,include,"s/plugins/datepicker/bootstrap-datepicker.js""></script>"
system/backoffice/includes/footer.php,52,include,"s/plugins/datepicker/locales/bootstrap-datepicker.es.js""></script>"
system/backoffice/includes/footer.php,54,include,"s/plugins/bootstrap-wysihtml5/bootstrap3-wysihtml5.all.min.js""></script>"
system/backoffice/includes/footer.php,56,include,"s/plugins/slimScroll/jquery.slimscroll.min.js""></script>"
system/backoffice/includes/footer.php,58,include,"s/plugins/fastclick/fastclick.min.js""></script>"
system/backoffice/includes/footer.php,60,include,"s/dist/js/app.min.js""></script>"
system/backoffice/includes/footer.php,64,include,"s/dist/js/demo.js""></script>"
system/backoffice/includes/footer.php,66,include,"s/plugins/select2/select2.full.min.js""></script>"
system/backoffice/includes/footer.php,68,include,"s/plugins/iCheck/icheck.min.js""></script>"
system/backoffice/includes/header.php,4,require_once,"""../common.php"" )"
system/backoffice/includes/header.php,13,include,""" => 1, ""name"" => $this->trans('home'),'icon'=>'fa fa-home')"
system/backoffice/includes/header.php,14,include,""" => 1, ""name"" => $this->trans('user').'s','icon'=>'fa fa-users')"
system/backoffice/includes/header.php,15,include,""" => 1, ""name"" => 'Galería','icon'=>'fa-picture-o')"
system/backoffice/includes/header.php,18,include,""" => 1, ""name"" => ""Inicio"",'icon'=>'fa fa-home')"
system/backoffice/includes/header.php,19,include,""" => 1, ""name"" => 'Usuarios','icon'=>'fa fa-users')"
system/backoffice/includes/header.php,20,include,""" => 2, ""name"" => 'Categorias','icon'=>'fa-list')"
system/backoffice/includes/header.php,21,include,""" => 2, ""name"" => 'Marcas','icon'=>'fa-copyright')"
system/backoffice/includes/header.php,22,include,""" => 2, ""name"" => 'Productos','icon'=>'fa-folder')"
system/backoffice/includes/header.php,33,include,"s/bootstrap/css/bootstrap.min.css"">"
system/backoffice/includes/header.php,39,include,"s/plugins/datatables/dataTables.bootstrap.css"">"
system/backoffice/includes/header.php,41,include,"s/dist/css/AdminLTE.min.css"">"
system/backoffice/includes/header.php,43,include,"s/dist/css/skins/_all-skins.min.css"">"
system/backoffice/includes/header.php,45,include,"s/plugins/iCheck/square/blue.css"">"
system/backoffice/includes/header.php,47,include,"s/plugins/iCheck/all.css"">"
system/backoffice/includes/header.php,51,include,"s/plugins/jvectormap/jquery-jvectormap-1.2.2.css"">"
system/backoffice/includes/header.php,53,include,"s/plugins/datepicker/datepicker3.css"">"
system/backoffice/includes/header.php,55,include,"s/plugins/daterangepicker/daterangepicker-bs3.css"">"
system/backoffice/includes/header.php,57,include,"s/plugins/bootstrap-wysihtml5/bootstrap3-wysihtml5.min.css"">"
system/backoffice/includes/header.php,59,include,"s/plugins/select2/select2.min.css"">"
system/backoffice/includes/header.php,61,include,"s/plugins/fancybox/jquery.fancybox.min.css"">"
system/backoffice/includes/header.php,74,include,"s/plugins/jQuery/jQuery-2.1.4.min.js""></script>"
system/backoffice/includes/header.php,75,include,"s/plugins/validate/jquery.validate.js""></script>"
system/backoffice/includes/header.php,76,include,"s/plugins/validate/dist/additional-methods.min.js""></script>"
system/backoffice/includes/header.php,77,include,"s/plugins/validate/dist/localization/messages_es.js""></script>"
system/backoffice/includes/header.php,79,include,"s/plugins/ckeditor/ckeditor.js""></script>"
system/backoffice/includes/plugins/datatables/extensions/Scroller/examples/data/ssp.php,53,require,'../../../../examples/server_side/scripts/ssp.class.php' )
system/backoffice/index.php,2,require_once,'../common.php'
system/backoffice/main.php,2,require_once,"""../common.php"" )"
system/backoffice/main.php,4,include_once,"""includes/header.php"" )"
system/backoffice/main.php,5,include_once,"""header.php"" )"
system/backoffice/main.php,30,include,"""]){"
system/backoffice/main.php,87,include_once,"""includes/footer.php"" )"
system/backoffice/main.php,88,include_once,"""footer.php"" )"
system/backoffice/Marcas/list.php,75,include_once,"""includes/header.php"" )"
system/backoffice/Marcas/list.php,122,include_once,"""includes/footer.php"" )"
system/backoffice/Marcas.php,3,require_once,"""../common.php"")"
system/backoffice/Productos/list.php,95,include_once,"""includes/header.php"" )"
system/backoffice/Productos/list.php,140,include_once,"""includes/footer.php"" )"
system/backoffice/Productos.php,3,require_once,"""../common.php"")"
system/backoffice/user/list.php,57,include_once,"""includes/header.php"" )"
system/backoffice/user/list.php,104,include_once,"""includes/footer.php"" )"
system/backoffice/user/user_login.php,2,require_once,"""../common.php"" )"
system/backoffice/user/user_login.php,3,include_once,"""includes/header.php"" )"
system/backoffice/user/user_login.php,42,require,"d: true, 'email': true},"
system/backoffice/user/user_login.php,43,require,"d: true,},"
system/backoffice/user/user_login.php,46,require,"d: 'Username es requerido', email:'Debe ser un correo v&aacute"
system/backoffice/user/user_login.php,47,require,"d: 'Password es requerido',},"
system/backoffice/user/user_login.php,52,include_once,"""includes/footer.php"" )"
system/backoffice/user.php,2,require_once,"""../common.php"")"
system/Categorias.php,2,require_once,"""common.php"")"
system/common.php,43,include,"_paths = explode( PATH_SEPARATOR, get_include_path() )"
system/common.php,50,include_once,$filename ) ){
system/common.php,61,include_once,$filename ) ){
system/common.php,82,require,d so no Fatal error is returned and the exception is launched
system/common.php,147,include,"= $pathToLib . ""HTTP/Request2.php"""
system/common.php,148,include,"1 = $pathToLib . ""HTTP/Net/URL2.php"""
system/common.php,149,include,"2 = $pathToLib . ""HTTP/Request2/Adapter.php"""
system/common.php,150,include,"3 = $pathToLib . ""HTTP/Request2/CookieJar.php"""
system/common.php,151,include,"4 = $pathToLib . ""HTTP/Request2/Exception.php"""
system/common.php,152,include,"5 = $pathToLib . ""HTTP/Request2/MultipartBody.php"""
system/common.php,153,include,"6 = $pathToLib . ""HTTP/Request2/Response.php"""
system/common.php,154,include,"7 = $pathToLib . ""HTTP/Request2/SocketWrapper.php"""
system/common.php,155,include,"8 = $pathToLib . ""HTTP/Request2/SOCKS5.php"""
system/common.php,156,include,"9 = $pathToLib . ""HTTP/Request2/Adapter/Curl.php"""
system/common.php,157,include,"10 = $pathToLib . ""HTTP/Request2/Adapter/Mock.php"""
system/common.php,158,include,"11 = $pathToLib . ""HTTP/Request2/Adapter/Socket.php"""
system/common.php,159,include,"12 = $pathToLib . ""HTTP/Request2/Observer/Log.php"""
system/common.php,161,include,"DB  = $pathToLib . ""PEAR/DB/common.php"""
system/common.php,162,include,"DB1 = $pathToLib . ""PEAR/DB.php"""
system/common.php,164,include_once,$includeDB )
system/common.php,165,include_once,$includeDB1)
system/common.php,168,include_once,$include )
system/common.php,170,include_once,$include1 )
system/common.php,171,include_once,$include2 )
system/common.php,172,include_once,$include3 )
system/common.php,173,include_once,$include4 )
system/common.php,174,include_once,$include5 )
system/common.php,175,include_once,$include6 )
system/common.php,176,include_once,$include7 )
system/common.php,177,include_once,$include8 )
system/common.php,178,include_once,$include9 )
system/common.php,179,include_once,$include10 )
system/common.php,180,include_once,$include11 )
system/common.php,181,include_once,$include12 )
system/debug.php,2,include_once,'common.php'
system/file.php,2,require_once,"""common.php"" )"
system/libs/CoreLibrary/Application.class.php,80,include,= true ){
system/libs/CoreLibrary/Application.class.php,81,include,){
system/libs/CoreLibrary/Application.class.php,82,require,$url )
system/libs/CoreLibrary/DB.class.php,6,include_once,"""PEAR/DB.php"""
system/libs/CoreLibrary/GUI/Calendar/CalendarLanguageSpanish.class.php,2,require_once,"""CalendarLanguage.class.php"" )"
system/libs/CoreLibrary/Mailer.class.php,52,require,"sAuth = true,"
system/libs/CoreLibrary/Mailer.class.php,68,require,sAuth
system/libs/CoreLibrary/PaymentGateway/PayFlow/Pro.class.php,243,include,headers in response
system/libs/CoreLibrary/PayPalPro.class.php,12,require_once,'PayPal.php')
system/libs/CoreLibrary/PayPalPro.class.php,13,require_once,'PayPal/Profile/API.php')
system/libs/CoreLibrary/PayPalPro.class.php,14,require_once,'PayPal/Profile/Handler.php')
system/libs/CoreLibrary/PayPalPro.class.php,15,require_once,'PayPal/Profile/Handler/Array.php')
system/libs/CoreLibrary/PayPalPro.class.php,16,require_once,'PayPal/Type/AbstractResponseType.php')
system/libs/CoreLibrary/PayPalPro.class.php,17,require_once,'PayPal/Type/AddressType.php')
system/libs/CoreLibrary/PayPalPro.class.php,18,require_once,'PayPal/Type/BasicAmountType.php')
system/libs/CoreLibrary/PayPalPro.class.php,19,require_once,'PayPal/Type/CreditCardDetailsType.php')
system/libs/CoreLibrary/PayPalPro.class.php,20,require_once,'PayPal/Type/DoCaptureResponseDetailsType.php')
system/libs/CoreLibrary/PayPalPro.class.php,21,require_once,'PayPal/Type/DoCaptureResponseType.php')
system/libs/CoreLibrary/PayPalPro.class.php,22,require_once,'PayPal/Type/DoDirectPaymentRequestType.php')
system/libs/CoreLibrary/PayPalPro.class.php,23,require_once,'PayPal/Type/DoDirectPaymentRequestDetailsType.php')
system/libs/CoreLibrary/PayPalPro.class.php,24,require_once,'PayPal/Type/DoDirectPaymentResponseType.php')
system/libs/CoreLibrary/PayPalPro.class.php,25,require_once,'PayPal/Type/DoExpressCheckoutPaymentRequestType.php')
system/libs/CoreLibrary/PayPalPro.class.php,26,require_once,'PayPal/Type/DoExpressCheckoutPaymentRequestDetailsType.php')
system/libs/CoreLibrary/PayPalPro.class.php,27,require_once,'PayPal/Type/DoExpressCheckoutPaymentResponseType.php')
system/libs/CoreLibrary/PayPalPro.class.php,28,require_once,'PayPal/Type/DoVoidResponseType.php')
system/libs/CoreLibrary/PayPalPro.class.php,29,require_once,'PayPal/Type/ErrorType.php')
system/libs/CoreLibrary/PayPalPro.class.php,30,require_once,'PayPal/Type/GetExpressCheckoutDetailsRequestType.php')
system/libs/CoreLibrary/PayPalPro.class.php,31,require_once,'PayPal/Type/GetExpressCheckoutDetailsResponseDetailsType.php')
system/libs/CoreLibrary/PayPalPro.class.php,32,require_once,'PayPal/Type/GetExpressCheckoutDetailsResponseType.php')
system/libs/CoreLibrary/PayPalPro.class.php,33,require_once,'PayPal/Type/GetTransactionDetailsResponseType.php')
system/libs/CoreLibrary/PayPalPro.class.php,34,require_once,'PayPal/Type/PayerInfoType.php')
system/libs/CoreLibrary/PayPalPro.class.php,35,require_once,'PayPal/Type/PaymentDetailsType.php')
system/libs/CoreLibrary/PayPalPro.class.php,36,require_once,'PayPal/Type/PersonNameType.php')
system/libs/CoreLibrary/PayPalPro.class.php,37,require_once,'PayPal/Type/RefundTransactionResponseType.php')
system/libs/CoreLibrary/PayPalPro.class.php,38,require_once,'PayPal/Type/SetExpressCheckoutRequestType.php')
system/libs/CoreLibrary/PayPalPro.class.php,39,require_once,'PayPal/Type/SetExpressCheckoutRequestDetailsType.php')
system/libs/CoreLibrary/PayPalPro.class.php,40,require_once,'PayPal/Type/SetExpressCheckoutResponseType.php')
system/libs/CoreLibrary/PayPalPro.class.php,41,require_once,'PayPal/Type/TransactionSearchResponseType.php')
system/libs/CoreLibrary/RestHTTP.class.php,6,require_once,"""HTTP/Request2.php"""
system/libs/CoreLibrary/Validator/FileTester.class.php,27,require,d.
system/libs/CoreLibrary/Validator/FileTester.class.php,28,require,d
system/libs/CoreLibrary/Validator/Test/FileUpload.class.php,24,require,d
system/libs/CoreLibrary/Validator/Test/FileUpload.class.php,27,require,d
system/libs/CoreLibrary/Validator/Tester.class.php,15,require,d
system/libs/CoreLibrary/Validator/Tester.class.php,25,require,d = $isRequired
system/libs/CoreLibrary/Validator/Tester.class.php,47,require,d.
system/libs/CoreLibrary/Validator/Tester.class.php,48,require,d
system/libs/CoreLibrary/Validator/Tester.class.php,83,require,d
system/libs/HTTP/Request2/Adapter/Curl.php,24,require_once,'HTTP/Request2/Adapter.php'
system/libs/HTTP/Request2/Adapter/Mock.php,24,require_once,'HTTP/Request2/Adapter.php'
system/libs/HTTP/Request2/Adapter/Socket.php,22,require_once,'HTTP/Request2/Adapter.php'
system/libs/HTTP/Request2/Adapter/Socket.php,25,require_once,'HTTP/Request2/SocketWrapper.php'
system/libs/HTTP/Request2/Adapter/Socket.php,305,require_once,'HTTP/Request2/SOCKS5.php'
system/libs/HTTP/Request2/Adapter.php,24,require_once,'HTTP/Request2/Response.php'
system/libs/HTTP/Request2/Adapter.php,121,require,a body (bug #14740)
system/libs/HTTP/Request2/Adapter.php,126,require,a body and doesn't have a
system/libs/HTTP/Request2/CookieJar.php,22,require_once,'HTTP/Request2.php'
system/libs/HTTP/Request2/CookieJar.php,260,require,"d for adding cookies from response',"
system/libs/HTTP/Request2/CookieJar.php,488,require,exact match
system/libs/HTTP/Request2/CookieJar.php,529,include_once,$path . DIRECTORY_SEPARATOR . 'public-suffix-list.php'
system/libs/HTTP/Request2/Exception.php,24,require_once,'PEAR/Exception.php'
system/libs/HTTP/Request2/Exception.php,112,include,the child exceptions if installed with PEAR installer
system/libs/HTTP/Request2/Exception.php,113,require_once,'HTTP/Request2/ConnectionException.php'
system/libs/HTTP/Request2/Exception.php,114,require_once,'HTTP/Request2/LogicException.php'
system/libs/HTTP/Request2/Exception.php,115,require_once,'HTTP/Request2/MessageException.php'
system/libs/HTTP/Request2/Exception.php,116,require_once,'HTTP/Request2/NotImplementedException.php'
system/libs/HTTP/Request2/MultipartBody.php,22,require_once,'HTTP/Request2/Exception.php'
system/libs/HTTP/Request2/Observer/Log.php,25,require_once,'HTTP/Request2/Exception.php'
system/libs/HTTP/Request2/Observer/UncompressingDownload.php,22,require_once,'HTTP/Request2/Response.php'
system/libs/HTTP/Request2/Response.php,24,require_once,'HTTP/Request2/Exception.php'
system/libs/HTTP/Request2/SocketWrapper.php,22,require_once,'HTTP/Request2/Exception.php'
system/libs/HTTP/Request2/SOCKS5.php,22,require_once,'HTTP/Request2/SocketWrapper.php'
system/libs/HTTP/Request2.php,24,require_once,'Net/URL2.php'
system/libs/HTTP/Request2.php,29,require_once,'HTTP/Request2/Exception.php'
system/libs/HTTP/Request2.php,648,require_once,'Request2/MultipartBody.php'
system/libs/HTTP/Request2.php,875,include_once,"str_replace('_', DIRECTORY_SEPARATOR, $adapter) . '.php'"
system/libs/HTTP/Request2.php,912,require_once,'HTTP/Request2/CookieJar.php'
system/libs/Nusoap/nusoap-respaldo.php,1458,include,':
system/libs/Nusoap/nusoap-respaldo.php,1460,include,into namespace ' . $this->schemaTargetNamespace . ' from ' . $attrs['schemaLocation'])
system/libs/Nusoap/nusoap-respaldo.php,1463,include,without schemaLocation attribute')
system/libs/Nusoap/nusoap-respaldo.php,2321,require,d for HTTPS')
system/libs/Nusoap/nusoap-respaldo.php,2322,require,d for HTTPS or NLTM.  You will need to re-build or update your PHP to include cURL or change php.ini to load the PHP cURL extension.')
system/libs/Nusoap/nusoap-respaldo.php,3139,require,s gzinflate instead of gzuncompress (similar to IE 5 and gzdeflate v. gzcompress)
system/libs/Nusoap/nusoap-respaldo.php,4135,require,"s gzdeflate output (no Zlib header and checksum),"
system/libs/Nusoap/nusoap.php,2368,require,d for HTTPS')
system/libs/Nusoap/nusoap.php,2369,require,d for HTTPS or NLTM.  You will need to re-build or update your PHP to included cURL.')
system/libs/Nusoap/nusoap.php,3257,require,s gzinflate instead of gzuncompress (similar to IE 5 and gzdeflate v. gzcompress)
system/libs/Nusoap/nusoap.php,4205,require,"s gzdeflate output (no Zlib header and checksum),"
system/libs/Nusoap/nusoap0.7.3.php,2365,require,d for HTTPS')
system/libs/Nusoap/nusoap0.7.3.php,2366,require,d for HTTPS or NLTM.  You will need to re-build or update your PHP to included cURL.')
system/libs/Nusoap/nusoap0.7.3.php,3252,require,s gzinflate instead of gzuncompress (similar to IE 5 and gzdeflate v. gzcompress)
system/libs/Nusoap/nusoap0.7.3.php,4199,require,"s gzdeflate output (no Zlib header and checksum),"
system/libs/PEAR/DB/common.php,30,require_once,'PEAR.php'
system/libs/PEAR/DB/dbase.php,30,require_once,'DB/common.php'
system/libs/PEAR/DB/fbsql.php,30,require_once,'DB/common.php'
system/libs/PEAR/DB/ibase.php,33,require_once,'DB/common.php'
system/libs/PEAR/DB/ifx.php,30,require_once,'DB/common.php'
system/libs/PEAR/DB/msql.php,33,require_once,'DB/common.php'
system/libs/PEAR/DB/mssql.php,30,require_once,'DB/common.php'
system/libs/PEAR/DB/mysql.php,30,require_once,'DB/common.php'
system/libs/PEAR/DB/mysqli.php,29,require_once,'DB/common.php'
system/libs/PEAR/DB/oci8.php,30,require_once,'DB/common.php'
system/libs/PEAR/DB/odbc.php,30,require_once,'DB/common.php'
system/libs/PEAR/DB/odbc.php,661,include,"s related records.$/i'  => DB_ERROR_CONSTRAINT,"
system/libs/PEAR/DB/pgsql.php,31,require_once,'DB/common.php'
system/libs/PEAR/DB/sqlite.php,31,require_once,'DB/common.php'
system/libs/PEAR/DB/storage.php,28,require_once,'DB.php'
system/libs/PEAR/DB/sybase.php,31,require_once,'DB/common.php'
system/libs/PEAR/DB.php,30,require_once,'PEAR.php'
system/libs/PEAR/DB.php,469,include_once,"""DB/{$type}.php"""
system/libs/PEAR/DB.php,471,include_once,"""DB/{$type}.php"""
system/libs/PEAR/DB.php,478,include,"the DB/{$type}.php"""
system/libs/PEAR/DB.php,547,include_once,"""DB/{$type}.php"""
system/libs/PEAR/DB.php,549,include_once,"""DB/{$type}.php"""
system/libs/PEAR/DB.php,555,include,"the DB/{$type}.php"""
system/libs/PEAR/Savant3.php,21,include_once,dirname(__FILE__) . '/Savant3/Filter.php'
system/libs/PEAR/Savant3.php,22,include_once,dirname(__FILE__) . '/Savant3/Plugin.php'
system/libs/PEAR/Savant3.php,295,include_once,$result
system/libs/PEAR/Savant3.php,1070,include,$this->__config['fetch']
system/libs/PEAR/Savant3.php,1074,include,$this->__config['fetch']
system/libs/PEAR/Savant3.php,1231,include_once,$result
system/libs/PEAR/Savant3.php,1278,include_once,dirname(__FILE__) . '/Savant3/Exception.php'
system/libs/PEAR/Savant3.php,1294,include_once,dirname(__FILE__) . '/Savant3/Error.php'
system/libs/PEAR/Savant3.php,1328,include_once,dirname(__FILE__) . '/Savant3/Error.php'
system/libs/PhpMailer/class.PHPMailer.php,34,require_once,"""language/phpmailer.lang-en.php"" )"
system/libs/PhpMailer/class.PHPMailer.php,503,include_once,$this->PluginDir . 'class.smtp.php')
system/libs/PhpMailer/class.PHPMailer.php,639,include,$lang_path.'phpmailer.lang-'.$lang_type.'.php')
system/libs/PhpMailer/class.PHPMailer.php,642,include,$lang_path.'phpmailer.lang-en.php')
system/libs/ProjectLibrary/FrontEnd/BO/Categorias.class.php,140,require,d' )
system/libs/ProjectLibrary/FrontEnd/BO/Categorias.class.php,141,require,d' )
system/libs/ProjectLibrary/FrontEnd/BO/Marcas.class.php,147,require,d'  )
system/libs/ProjectLibrary/FrontEnd/BO/Marcas.class.php,148,require,d'  )
system/libs/ProjectLibrary/FrontEnd/BO/User.class.php,188,require,d')
system/libs/ProjectLibrary/FrontEnd/BO/User.class.php,189,require,d')
system/libs/ProjectLibrary/FrontEnd/BO/User.class.php,190,require,d')
system/libs/ProjectLibrary/FrontEnd/BO/User.class.php,191,require,d')
system/libs/ProjectLibrary/FrontEnd/BO/User.class.php,194,require,d')
system/libs/ProjectLibrary/FrontEnd/BO/User.class.php,195,require,d')
system/libs/ProjectLibrary/FrontEnd/FO.class.php,79,include_once,'404page.php')
system/libs/ProjectLibrary/SDO/Core/Application/Categorias.class.php,256,include,Null = false ){
system/libs/ProjectLibrary/SDO/Core/Application/Categorias.class.php,264,include,Null){
system/libs/ProjectLibrary/SDO/Core/Application/Categorias.class.php,306,include,Null = false ){
system/libs/ProjectLibrary/SDO/Core/Application/Categorias.class.php,312,include,Null){
system/libs/ProjectLibrary/SDO/Core/Application/Categorias.class.php,327,include,Null = false ){
system/libs/ProjectLibrary/SDO/Core/Application/Categorias.class.php,334,include,Null){
system/libs/ProjectLibrary/SDO/Core/Application/Marcas.class.php,256,include,Null = false ){
system/libs/ProjectLibrary/SDO/Core/Application/Marcas.class.php,262,include,Null){
system/libs/ProjectLibrary/SDO/Core/Application/Productos.class.php,256,include,Null = false ){
system/libs/ProjectLibrary/SDO/Core/Application/Productos.class.php,262,include,Null){
system/libs/ProjectLibrary/SDO/Core/Validator/Categorias.class.php,47,require,d and must not be empty or null' )
system/libs/ProjectLibrary/SDO/Core/Validator/Categorias.class.php,60,require,d and must not be empty or null' )
system/libs/ProjectLibrary/SDO/Core/Validator/Categorias.class.php,73,require,d and must not be empty or null' )
system/libs/ProjectLibrary/SDO/Core/Validator/Categorias.class.php,88,require,d and must not be empty or null' )
system/libs/ProjectLibrary/SDO/Core/Validator/Categorias.class.php,102,require,d and must not be empty or null' )
system/libs/ProjectLibrary/SDO/Core/Validator/Marcas.class.php,47,require,d and must not be empty or null' )
system/libs/ProjectLibrary/SDO/Core/Validator/Marcas.class.php,60,require,d and must not be empty or null' )
system/libs/ProjectLibrary/SDO/Core/Validator/Marcas.class.php,73,require,d and must not be empty or null' )
system/libs/ProjectLibrary/SDO/Core/Validator/Marcas.class.php,88,require,d and must not be empty or null' )
system/libs/ProjectLibrary/SDO/Core/Validator/Marcas.class.php,102,require,d and must not be empty or null' )
system/libs/ProjectLibrary/SDO/Core/Validator/Productos.class.php,47,require,d and must not be empty or null' )
system/libs/ProjectLibrary/SDO/Core/Validator/Productos.class.php,60,require,d and must not be empty or null' )
system/libs/ProjectLibrary/SDO/Core/Validator/Productos.class.php,73,require,d and must not be empty or null' )
system/libs/ProjectLibrary/SDO/Core/Validator/Productos.class.php,88,require,d and must not be empty or null' )
system/libs/ProjectLibrary/SDO/Core/Validator/Productos.class.php,102,require,d and must not be empty or null' )
system/libs/ProjectLibrary/SDO/Core/Validator.class.php,21,require,d = array()
system/libs/Zend/Loader/Exception.php,3,require_once,'Zend/Exception.php'
system/libs/Zend/Loader/PluginLoader/Exception.php,25,require_once,'Zend/Loader/Exception.php'
system/libs/Zend/Loader/PluginLoader.php,23,require_once,'Zend/Loader/PluginLoader/Interface.php'
system/libs/Zend/Loader/PluginLoader.php,26,require_once,'Zend/Loader.php'
system/libs/Zend/Loader/PluginLoader.php,114,require_once,'Zend/Loader/PluginLoader/Exception.php'
system/libs/Zend/Loader/PluginLoader.php,214,require_once,'Zend/Loader/PluginLoader/Exception.php'
system/libs/Zend/Loader/PluginLoader.php,313,include_once,$path . $classFile
system/libs/Zend/Loader/PluginLoader.php,334,require_once,'Zend/Loader/PluginLoader/Exception.php'
system/libs/Zend/Loader.php,62,require_once,'Zend/Exception.php'
system/libs/Zend/Loader.php,86,include_once,$file
system/libs/Zend/Loader.php,90,require_once,'Zend/Exception.php'
system/libs/Zend/Loader.php,138,include_once,$filename
system/libs/Zend/Loader.php,140,include,$filename
system/libs/Zend/Loader.php,203,require_once,'Zend/Exception.php'
system/libs/Zend/Loader.php,210,require_once,'Zend/Exception.php'
system/libs/Zend/Loader.php,234,require_once,'Zend/Exception.php'
system/libs/Zend/Loader.php,256,include_once,$filespec
system/libs/Zend/Loader.php,258,include,$filespec
system/libs/Zend/Locale/Data.php,27,require_once,'Zend/Locale.php'
system/libs/Zend/Locale/Data.php,145,require_once,'Zend/Locale/Exception.php'
system/libs/Zend/Locale/Data.php,225,require,d locales reversive
system/libs/Zend/Locale/Data.php,282,require_once,'Zend/Locale/Exception.php'
system/libs/Zend/Locale/Data.php,748,require_once,'Zend/Locale/Exception.php'
system/libs/Zend/Locale/Data.php,1140,require_once,'Zend/Locale/Exception.php'
system/libs/Zend/Locale/Exception.php,26,require_once,'Zend/Exception.php'
system/libs/Zend/Locale/Format.php,27,require_once,'Zend/Locale/Data.php'
system/libs/Zend/Locale/Format.php,127,require_once,'Zend/Locale/Exception.php'
system/libs/Zend/Locale/Format.php,140,require_once,'Zend/Locale/Exception.php'
system/libs/Zend/Locale/Format.php,152,require_once,'Zend/Locale/Exception.php'
system/libs/Zend/Locale/Format.php,159,require_once,'Zend/Locale/Exception.php'
system/libs/Zend/Locale/Format.php,168,require_once,'Zend/Locale/Exception.php'
system/libs/Zend/Locale/Format.php,184,require_once,'Zend/Locale/Exception.php'
system/libs/Zend/Locale/Format.php,191,require_once,'Zend/Locale/Exception.php'
system/libs/Zend/Locale/Format.php,220,require_once,'Zend/Locale/Exception.php'
system/libs/Zend/Locale/Format.php,227,require_once,'Zend/Locale/Exception.php'
system/libs/Zend/Locale/Format.php,283,require_once,'Zend/Locale/Exception.php'
system/libs/Zend/Locale/Format.php,326,require_once,'Zend/Locale/Math.php'
system/libs/Zend/Locale/Format.php,379,require_once,'Zend/Locale/Exception.php'
system/libs/Zend/Locale/Format.php,657,require_once,'Zend/Locale/Exception.php'
system/libs/Zend/Locale/Format.php,730,require_once,'Zend/Locale/Exception.php'
system/libs/Zend/Locale/Format.php,749,require_once,'Zend/Locale/Exception.php'
system/libs/Zend/Locale/Format.php,852,require_once,'Zend/Locale/Exception.php'
system/libs/Zend/Locale/Format.php,867,require_once,'Zend/Locale/Exception.php'
system/libs/Zend/Locale/Format.php,882,require_once,'Zend/Locale/Exception.php'
system/libs/Zend/Locale/Format.php,897,require_once,'Zend/Locale/Exception.php'
system/libs/Zend/Locale/Format.php,953,require_once,'Zend/Locale/Exception.php'
system/libs/Zend/Locale/Format.php,1052,require_once,'Zend/Locale/Exception.php'
system/libs/Zend/Locale/Math/Exception.php,26,require_once,'Zend/Exception.php'
system/libs/Zend/Locale/Math/PhpMath.php,73,require_once,'Zend/Locale/Math/Exception.php'
system/libs/Zend/Locale/Math/PhpMath.php,96,require_once,'Zend/Locale/Math/Exception.php'
system/libs/Zend/Locale/Math/PhpMath.php,118,require_once,'Zend/Locale/Math/Exception.php'
system/libs/Zend/Locale/Math/PhpMath.php,138,require_once,'Zend/Locale/Math/Exception.php'
system/libs/Zend/Locale/Math/PhpMath.php,152,require_once,'Zend/Locale/Math/Exception.php'
system/libs/Zend/Locale/Math/PhpMath.php,162,require_once,'Zend/Locale/Math/Exception.php'
system/libs/Zend/Locale/Math/PhpMath.php,202,require_once,'Zend/Locale/Math/Exception.php'
system/libs/Zend/Locale/Math/PhpMath.php,238,require_once,'Zend/Locale/Math/Exception.php'
system/libs/Zend/Locale/Math.php,153,require_once,'Zend/Locale/Math/PhpMath.php'
system/libs/Zend/Locale.php,124,require_once,'Zend/Locale/Exception.php'
system/libs/Zend/Locale.php,237,require_once,'Zend/Locale/Exception.php'
system/libs/Zend/Locale.php,250,require_once,'Zend/Locale/Exception.php'
system/libs/Zend/Locale.php,266,require_once,'Zend/Locale/Data/Translation.php'
system/libs/Zend/Locale.php,507,require_once,'Zend/Locale/Data.php'
system/libs/Zend/Locale.php,508,require_once,'Zend/Locale/Exception.php'
system/libs/Zend/Locale.php,595,require_once,'Zend/Locale/Data.php'
system/libs/Zend/Locale.php,596,require_once,'Zend/Locale/Exception.php'
system/libs/Zend/Locale.php,684,require_once,'Zend/Locale/Data.php'
system/libs/Zend/Locale.php,834,require_once,'Zend/Locale/Data.php'
system/libs/Zend/Translate/Adapter/Array.php,24,require_once,'Zend/Locale.php'
system/libs/Zend/Translate/Adapter/Array.php,27,require_once,'Zend/Translate/Adapter.php'
system/libs/Zend/Translate/Adapter/Array.php,63,include,$data)
system/libs/Zend/Translate/Adapter/Array.php,68,require_once,'Zend/Translate/Exception.php'
system/libs/Zend/Translate/Adapter/Csv.php,24,require_once,'Zend/Locale.php'
system/libs/Zend/Translate/Adapter/Csv.php,27,require_once,'Zend/Translate/Adapter.php'
system/libs/Zend/Translate/Adapter/Csv.php,70,require_once,'Zend/Translate/Exception.php'
system/libs/Zend/Translate/Adapter/Gettext.php,24,require_once,'Zend/Locale.php'
system/libs/Zend/Translate/Adapter/Gettext.php,27,require_once,'Zend/Translate/Adapter.php'
system/libs/Zend/Translate/Adapter/Gettext.php,90,require_once,'Zend/Translate/Exception.php'
system/libs/Zend/Translate/Adapter/Gettext.php,94,require_once,'Zend/Translate/Exception.php'
system/libs/Zend/Translate/Adapter/Gettext.php,105,require_once,'Zend/Translate/Exception.php'
system/libs/Zend/Translate/Adapter/Qt.php,24,require_once,'Zend/Locale.php'
system/libs/Zend/Translate/Adapter/Qt.php,27,require_once,'Zend/Translate/Adapter.php'
system/libs/Zend/Translate/Adapter/Qt.php,81,require_once,'Zend/Translate/Exception.php'
system/libs/Zend/Translate/Adapter/Qt.php,98,require_once,'Zend/Translate/Exception.php'
system/libs/Zend/Translate/Adapter/Tbx.php,24,require_once,'Zend/Locale.php'
system/libs/Zend/Translate/Adapter/Tbx.php,27,require_once,'Zend/Translate/Adapter.php'
system/libs/Zend/Translate/Adapter/Tbx.php,83,require_once,'Zend/Translate/Exception.php'
system/libs/Zend/Translate/Adapter/Tbx.php,98,require_once,'Zend/Translate/Exception.php'
system/libs/Zend/Translate/Adapter/Tmx.php,24,require_once,'Zend/Locale.php'
system/libs/Zend/Translate/Adapter/Tmx.php,27,require_once,'Zend/Translate/Adapter.php'
system/libs/Zend/Translate/Adapter/Tmx.php,83,require_once,'Zend/Translate/Exception.php'
system/libs/Zend/Translate/Adapter/Tmx.php,98,require_once,'Zend/Translate/Exception.php'
system/libs/Zend/Translate/Adapter/Xliff.php,24,require_once,'Zend/Locale.php'
system/libs/Zend/Translate/Adapter/Xliff.php,27,require_once,'Zend/Translate/Adapter.php'
system/libs/Zend/Translate/Adapter/Xliff.php,81,require_once,'Zend/Translate/Exception.php'
system/libs/Zend/Translate/Adapter/Xliff.php,96,require_once,'Zend/Translate/Exception.php'
system/libs/Zend/Translate/Adapter/XmlTm.php,24,require_once,'Zend/Locale.php'
system/libs/Zend/Translate/Adapter/XmlTm.php,27,require_once,'Zend/Translate/Adapter.php'
system/libs/Zend/Translate/Adapter/XmlTm.php,78,require_once,'Zend/Translate/Exception.php'
system/libs/Zend/Translate/Adapter/XmlTm.php,93,require_once,'Zend/Translate/Exception.php'
system/libs/Zend/Translate/Adapter.php,24,require_once,'Zend/Locale.php'
system/libs/Zend/Translate/Adapter.php,230,require_once,'Zend/Translate/Exception.php'
system/libs/Zend/Translate/Adapter.php,237,require_once,'Zend/Translate/Exception.php'
system/libs/Zend/Translate/Adapter.php,349,require_once,'Zend/Translate/Exception.php'
system/libs/Zend/Translate/Exception.php,26,require_once,'Zend/Exception.php'
system/libs/Zend/Translate.php,25,require_once,'Zend/Loader.php'
system/libs/Zend/Translate.php,27,require_once,'Loader.php'
system/libs/Zend/Translate.php,121,require_once,'Zend/Translate/Exception.php'
system/libs/Zend/Translate.php,157,require_once,'Zend/Translate/Exception.php'
system/Marcas.php,2,require_once,"""common.php"")"
system/Productos.php,2,require_once,"""common.php"")"
system/view/AudioMain.php,8,include,"""header.php"""
system/view/AudioMain.php,30,include_once,'int_redes.php'
system/view/AudioMain.php,34,include,"""footer.php"""
system/view/AudioView.php,3,require_once,'header.php')
system/view/AudioView.php,9,require_once,'footer.php')
system/view/BenefitsMain.php,3,require_once,'header.php')
system/view/BenefitsMain.php,21,require_once,'footer.php')
system/view/BenefitsView.php,3,require_once,'header.php')
system/view/BenefitsView.php,9,require_once,'footer.php')
system/view/CategoriasMain.php,6,require_once,'headerv1.php')
system/view/CategoriasMain.php,63,include,'footerv1.php'
system/view/CategoriasView.php,3,require_once,'header.php')
system/view/CategoriasView.php,9,require_once,'footer.php')
system/view/ClusterMain.php,3,require_once,'header.php')
system/view/ClusterMain.php,21,require_once,'footer.php')
system/view/ClusterView.php,3,require_once,'header.php')
system/view/ClusterView.php,9,require_once,'footer.php')
system/view/InventarioLogMain.php,3,require_once,'header.php')
system/view/InventarioLogMain.php,21,require_once,'footer.php')
system/view/InventarioLogView.php,3,require_once,'header.php')
system/view/InventarioLogView.php,9,require_once,'footer.php')
system/view/InventarioMain.php,3,require_once,'header.php')
system/view/InventarioMain.php,21,require_once,'footer.php')
system/view/InventarioSucursalMain.php,3,require_once,'header.php')
system/view/InventarioSucursalMain.php,21,require_once,'footer.php')
system/view/InventarioSucursalView.php,3,require_once,'header.php')
system/view/InventarioSucursalView.php,9,require_once,'footer.php')
system/view/InventarioView.php,3,require_once,'header.php')
system/view/InventarioView.php,9,require_once,'footer.php')
system/view/LogMain.php,3,require_once,'header.php')
system/view/LogMain.php,21,require_once,'footer.php')
system/view/LogView.php,3,require_once,'header.php')
system/view/LogView.php,9,require_once,'footer.php')
system/view/MarcasMain.php,3,require_once,'header.php')
system/view/MarcasMain.php,21,require_once,'footer.php')
system/view/MarcasView.php,3,require_once,'header.php')
system/view/MarcasView.php,9,require_once,'footer.php')
system/view/ProductosMain.php,8,require_once,'headerv1.php')
system/view/ProductosMain.php,53,include,'menu-marcasv1.php'
system/view/ProductosMain.php,148,include,'footerv1.php'
system/view/ProductosView.php,13,require_once,'headerv1.php')
system/view/ProductosView.php,35,include,'menu-solucionesv1.php'
system/view/ProductosView.php,67,require_once,'footerv1.php')
system/view/ReporteMain.php,3,require_once,'header.php')
system/view/ReporteMain.php,21,require_once,'footer.php')
system/view/ReporteView.php,3,require_once,'header.php')
system/view/ReporteView.php,9,require_once,'footer.php')
system/view/RequisicionesMain.php,3,require_once,'header.php')
system/view/RequisicionesMain.php,21,require_once,'footer.php')
system/view/RequisicionesView.php,3,require_once,'header.php')
system/view/RequisicionesView.php,9,require_once,'footer.php')
system/view/SucursalesMain.php,3,require_once,'header.php')
system/view/SucursalesMain.php,21,require_once,'footer.php')
system/view/SucursalesView.php,3,require_once,'header.php')
system/view/SucursalesView.php,9,require_once,'footer.php')
tiras-plasticas-hawaianas.php,1,include,'header.php'
tiras-plasticas-hawaianas.php,32,include,'menu-soluciones.php'
tiras-plasticas-hawaianas.php,52,include,'footer.php'
tiras-plasticas.php,4,include,'header.php'
tiras-plasticas.php,37,include,'footer.php'
traffic.php,1,include,'header.php'
traffic.php,26,include,'menu-seccionales.php'
traffic.php,44,include,'footer.php'
upper-up8e-barreras-automaticas-de-hasta-8-m.php,1,include,'header.php'
upper-up8e-barreras-automaticas-de-hasta-8-m.php,32,include,'menu-soluciones.php'
upper-up8e-barreras-automaticas-de-hasta-8-m.php,53,include,'footer.php'
vertigo.php,4,include,'header.php'
vertigo.php,29,include,'menu-seccionales.php'
vertigo.php,51,include,'footer.php'
wayne-dalton.php,4,include,'header.php'
wayne-dalton.php,29,include,'menu-marcas.php'
wayne-dalton.php,119,include,'footer.php'
wel-aotmatizacion-de-puertas-peatonales-pequena-y-robusta.php,1,include,'header.php'
wel-aotmatizacion-de-puertas-peatonales-pequena-y-robusta.php,31,include,'menu-soluciones.php'
wel-aotmatizacion-de-puertas-peatonales-pequena-y-robusta.php,68,include,'footer.php'
xel-5-selector-de-llave.php,1,include,'header.php'
xel-5-selector-de-llave.php,26,include,'menu-soluciones.php'
xel-5-selector-de-llave.php,46,include,'footer.php'
