sha256,count,bytes_each,files
4cc48eb0ed373eb38e12e0d90e5c5231e218c287df2b8ee51e8e8a1cda96ecf0,3,137236,fichas/13.0.Folleto-Operador-AccessPRO-FS1000-SPEED-hoja-tecnica (1).pdf | fichas/13.0.Folleto-Operador-AccessPRO-FS1000-SPEED-hoja-tecnica.pdf | system/files/images/productos/959c0d9393ada51bef2817e8db59c54b487d2262
d55b3142b8b118ea54f1fbcdb3c86ca4ba23030b69c504a1021cbd0b52967d69,2,849328,fichas/Abrigo-de-anden-BG400.pdf | system/files/images/productos/b49e7cf13885d8dfdc8e03fcd247d2d93f35f213
ae50b2e96f83184c1f742e2b5953ba76218ddcd686ee3ed4b686fe802a1e4cde,2,496248,fichas/accesorios-doorlock.pdf | system/files/images/productos/552f92715162cbb278ab6cbdbdcb057ef483da65
c07fe0e4b2b216fa430aa4dae40407d2298bbd201f6e5b5bc14f80e79422e370,2,807402,fichas/Alumina-Technical-Specifications-15.pdf | system/files/images/productos/edaa9d68e318711d183689d070ec145da123c768
b257729a88482e08664cc01376267bfbb18b900b4c20bed80615404bd5d3feb3,2,1313425,fichas/BGDSHS_Brochure_Sept2014_WEB.pdf | system/files/images/productos/33f5167b521302c8c32a8895a1e03fe27a09a124
ab12459a93c9f40a62edea1a44db215f841e677016b8ff42cfe25589882cff1d,2,263565,fichas/cdx-commercial-operator-sellsheet.pdf | system/files/images/productos/e255e142299e7b62e25690084deb0bb49408f332
4b1e655cb7fe72789212f01e6578fba7773cfd0f2c7d4f03d968e666d3a82638,2,1359159,fichas/Clopay-3720-07.pdf | system/files/images/productos/b6b8d27db846f68a7050c59a82b2e31ff137b7e4
4c0e907d3846a72f5bea4da1e2f2d67d2afdaab66211045725eee9b430bdbf4e,2,348098,fichas/CMDC-0524SP-14-1.pdf | system/files/images/productos/e1fc3c722338060ac5bc7cf2ece07503d6bc4a0c
56136ae68c00fd76ee16c50cbaefabd8eb5ea8e581142f59287b5b05ab9c2ec1,2,477992,fichas/CMDC-3717-3718-11.pdf | system/files/images/productos/74237414514c37fbc6273d2d8ed63ba0af98464d
8dc41cef299a6fff42f35586d57cadf6d24bacbe36c327467c91a69dc4c6a8b3,2,3638730,fichas/commercial-aluminum-door-systems-brochure.pdf | system/files/images/productos/282c6618830434da376551106d0722c97a5f2416
9a08f21454a782eb1163d4fa3299460127e0fd4f65c856a250a493566171007c,2,710984,fichas/CONTRA_EXPLOSION.pdf | system/files/images/productos/0a6fa9cbeb5ba8ba1eecd18bd2e8c2f28145f2c9
2376a9cde2c6e77709732af06375d56908e48f053c68bdcc762abab755b730c1,2,1885094,fichas/CORTINA-EUROPEA.pdf | system/files/images/productos/6fd1dea200b4640b615b1e40838660d14a58c2fd
770b078388423c4fdbdc7ed9faaa4be00b714b97df53cd154913ddb22286c51c,2,296246,fichas/CORTINA-PLANA.pdf | system/files/images/productos/ae9af73339556620c5857321cb1a0400733819a0
da92b4c85c86a66b1cae255adcb4c0b61f75d37d36ef5272696bc922cd6ca838,2,1613543,fichas/Cortina-serie-610-620.pdf | system/files/images/productos/98b07de6dca4ad402a37385c485fb6999d5c3323
1c60f4dad940c2374e01206eb47e674ac1b696a580b516b470628bea19ae0217,2,407911,fichas/Fast-Seal_LIT020520_ES-2.pdf | system/files/images/productos/d0d4d97dd90ffb84dc80c08ad38dbb6eaf83b0fa
cd285d83185641f354dfe46f4a8584978feb184c0ecba72cda056074da7b6502,2,775266,fichas/FICHATECNICASELLOSSOLMMER S.pdf | system/files/images/productos/82a2c23ba681ca31f4eaa85dd863f90a9a54c405
34ebbadb7104fa3c4cf032992b972b56450598be15c824b011b6ec460e08af24,2,1788150,fichas/fireking-fire-door-systems-brochure.pdf | system/files/images/productos/d1800119e28d2f25ab78a9219e103ecc4fc8afb5
6137445032abfcb7cd004f83e22ae56fd63defdf243609473eadad74cbde454f,2,1538574,fichas/Folleto-de-Cortina-Enrollable-Wayne-Dalton-Firestar-700-2.pdf | system/files/images/productos/e973955577670d4ea61bd906a517dd878118831f
6450a489937fed37d19b6707d922e7225072d55cc62d9ab51eecaf322ef1bf7e,2,528505,fichas/INFRACA-RAPIDA-ENROLLABLE.pdf | system/files/images/productos/d022de529fe9c4e48c5bf2c4652af466b87b3af6
3cbecd21575cd3a16b2fe19c06211f899ac091ffe65912adc39cf06da2659d0b,2,556072,fichas/INFRACA-RÁPIDA-APILABLE.pdf | system/files/images/productos/ad6778fc1e386c13476d2051b66e504deddd77d7
d1af1d5b7a74f8bdda6761f7b3b30ccecec3bfd93fc5d966b2bb6bd202d0de27,2,630306,fichas/Kelley-Hydraulic-Dock-Leveler-Brochure_web.pdf | system/files/images/productos/270dc5e4c6c6812ee093439acca26905e68f7d8d
794bf802edd6b007822762dbe971367773fd1ac65b97c7f365be0daccfa75f7b,2,568969,fichas/Kelley-Vehicle-Restraint-Brochure_web.pdf | system/files/images/productos/19f248004fb1cc292955cdb0c5b339e8cd3eda3c
a6dd74af993459d78b02cd208ce4b26d34dfab97a87c903ad757e39e6456de44,2,504002,fichas/Lift-Master-H-Sell-Sheet-Spanish.pdf | system/files/images/productos/d417331acf9a342ed7374017285970f68effabf4
9f243ab6101cecf78a08deb6c11900c1a017d409e6baa53c958cd13dc2f532e0,2,1283684,fichas/lisos.pdf | system/files/images/productos/1bc8deceeea60e7d404142cf859897e4e36ccc86
67f6755ea6dda16e29b80c476817018bf97a6f51857cdd5cdbc63dcbadafbb12,2,580547,fichas/M-28R.pdf | system/files/images/productos/b2588f4e4df68a23124a8dbc2b63374ec6959253
6bfaa082e153a9e1aa247302d321859177f5adff9d472ba8b662c766625fedec,2,1885132,fichas/Minidock.pdf | system/files/images/productos/19f80382b0e81db9f5bed545ec25447045202956
b40a5af2a94250cc800336c668821dd1f54f3f28f1c6ef3ed8f4a35beb3ed1cd,2,156534,fichas/moovi50rm.pdf | system/files/images/productos/9950f4930279c555f7be5fcc6d4382d10784836b
b88c0421334b4f965417ad715785a32900fb021b8cf40dda8fa72b9691b582c9,2,515868,fichas/operador-cortina.pdf | system/files/images/productos/06d1ac8df445fdad9cabf6a632e3c4363258b6ee
d630b67ab752292f6c750a6a907361c8f690af7133fc800e168a466af54f649f,2,1415599,fichas/Operador-RHX-Folleto-comercial-para-cortina.pdf | system/files/images/productos/19f7bf0ad0bb2559064e677d3dd6e122358914cd
77e234519d4f3a3c241f93e06a3d4b3b6a3d2cb9501c85d225ee11e59a12a355,2,157551,fichas/pistones-electromecanicos-phobos.pdf | system/files/images/productos/28e179e98ded1fda52f4c0c570e252ee83a7e709
e947afb09fafdbf6cd5e566803fba0501ef0c4833bbd39fb31921c074783c5c0,2,115986,fichas/pistones-hidraulicos-lux.pdf | system/files/images/productos/8afd449897be23fa417b449c587ed9dd11093a1d
23c78a5126bd5807af19f25a172f1fcebe9a4423ca46adce181ca18a6956da8c,2,111336,fichas/pistones-hidraulicos-p457.pdf | system/files/images/productos/f11bb20047186203a5dd29076b6697e6cf181d69
0eb232313702b26e571a57d872fbef0a85b66ec7c71a0ad66e7237c492ab0077,2,270010,fichas/Predadoor_NXT_LIT020720_ES.pdf | system/files/images/productos/e7558238c56779a33c10c7770146c9f7017bd375
932c44b3440fe52b0a4a097d1dda45adf7bc37d67b5a84753bb6c3526ceb33ff,2,235478,fichas/puerta-420.pdf | system/files/images/productos/9856266836c012c90673224e9379a1a7f4b32389
0a7193edcd8929ac114043fcbffb8e53109ce4363f062cb269f2062ce9e1b4f8,3,815558,fichas/puerta-424.pdf | fichas/puerta-430.pdf | system/files/images/productos/639b9801fe440dcd2179c23cca14401710c5e7e0
e8ac9a72e867f60aa21665abd004640f2fac4e477b025eae8b7b9a8ae7222e01,2,4255039,fichas/puerta-521.pdf | system/files/images/productos/7cf4babfab2712e41d6fd1c050f5c31b604c97ae
4ec794042a285b8b5f064d051eab443324c24f061d3f9f77073811c07b280b7e,2,228914,fichas/Puerta-Blindada1.pdf | system/files/images/productos/9042045b07cea65fac66d1763d8fcc92b235b906
139a64480264a51363a69a0226db6c50011778bdada4f76338eea90c9b9e5048,2,666312,fichas/Puerta-Estandar-Reforzada-Door-Lock.pdf | system/files/images/productos/3ba705421037a3956e500eec0062dec52829cea4
71fe19113ba1fd801e7a0717da7ffc7ed1de028a2d5ed7fe00d5e69eea6b2492,2,739549,fichas/Puerta-Holandesa-Door-Lock.pdf | system/files/images/productos/2cf9dcb700d1e35a5125093d4f22ff6952d4ebd0
62ef03aa1d4a38bc2664c0867236fd167ec3e8a9f1e65920f07eab39a773de60,2,818180,fichas/Puerta-incendio-Door-Loock.pdf | system/files/images/productos/300d21c729a7df172ac9f070a9b7485e88f8b038
7d4bac28a6ec0ae0be6a31e31a41560a81cfb5e4bf1f3d3d6eaacbd499b45db7,2,177735,fichas/Puerta-Rayos-X-fabricación.pdf | system/files/images/productos/adc000b103f864f06d51740c630158e411050fa1
a922b6ce9f9ca80b565a3b24be27a086f555aa305db9b9135443c079d93255df,3,953747,fichas/puerta-seccional-418.pdf | fichas/puerta-seccional-422.pdf | system/files/images/productos/7ab52eec612af22d23a62f849479371ebf1c2f22
703eb6311aaedddf3dd24a8e6b75089463317352f174f672c8d5002e3dfd574f,3,738042,fichas/puerta-seccional-426.pdf | fichas/puerta-seccional-432.pdf | system/files/images/productos/3af12bf12f61eda51a19d1e8af3cefc05878f484
c9216939c05693f76f5accc0c909fee7c48db9cb8f2b5997dbedaed4032f3124,2,363683,fichas/Puerta-Standar-Folleto.pdf | system/files/images/productos/39c267d9d6655665608d4e1a6dd7d33a17e93e8d
65e1847b24421b276ac853a1e73fc6bfbf667b626bf320636e00ecd9de65be7b,2,1894189,fichas/Puerta-Standar-Reforzada-folleto.pdf | system/files/images/productos/aa57141f525e4c01f137d26858f1477e6d6a0a8c
7e501c26a5bfc0c02da8899de34a0b6a2bef31bbb42c2124a5c3995ad803a3ee,3,1583405,fichas/puerta-thermacore-593.pdf | fichas/puerta-thermacore-594.pdf | system/files/images/productos/7baea774c5fc4abe3735d40fdf16e84f1e3521ef
57f1113daf08862483508cc79df9be3e9db4014826911f0610bd45b022687ee2,2,1010334,fichas/Puerta_Estandar_Door-Lock.pdf | system/files/images/productos/a78bba8b99dcc3da6728b2ab918aebe4d8411e64
2813d6d1e7365e61901aa76af1484a886da7421e38cd4bac9c26b07273ddf066,2,178036,fichas/Puertas-contra-incendio.pdf | system/files/images/productos/8d7521a7a170e8ac85e5da1dd301ca17c0c24d71
5f2a562afdd44515a936f5bb9b8145476008b8f70c842fe3994817c69f4ae506,2,358196,fichas/PUERTAS-INDUSTRIALES-DOCKMAN-1.pdf | system/files/images/productos/c9ab51d31ce4b9a94967e2492d3a2a7f43b8b46f
45f171e118d776f2c4ec90b3daedbcd1650bcb43bc0bdaa0a60dd501ba4bd480,2,673194,fichas/Puertas-Rayosx-folleto.pdf | system/files/images/productos/ae22c94ae3eb5d4d4e7ccfdb5cfc086e37e1658c
91fe8561f7f00ae6093b2e879b11e38c939370e913f1f3becc74147ba7c99ef6,2,1887914,fichas/Rampas-Hidraulicas.pdf | system/files/images/productos/9c0a2ea15383debbe605065d9ce57e3ffbd36204
d53f50333967c90547d843d81c0613d9020f7a4e049264f42315d69a30f3ed43,2,1887916,fichas/Rampas-mecánicas.pdf | system/files/images/productos/9044e3482acdc8f0e19ebf347a1a24c2e59dd10a
525617851dbf6430bb53100d0fdef5a95b0a048b0bc20f3778005bb48cd788ca,2,1205977,fichas/rhx-commercial-operator-brochure.pdf | system/files/images/productos/3e620ed84c43c5de234ae437f58f7083e93f6b8d
71b771412a25490cbcd3e63693ab0fb37c51b1d7b62bc29df3c3f97af5bdce8f,2,1398572,fichas/rmx-commercial-operator-brochure.pdf | system/files/images/productos/3fcb5fc39a3f48d550a13c6a20bd92b360ec7b65
4a57450a7d670dccad11fccb5751e91989e100a82357969bc2266ad4cf5bc2cf,2,2834335,fichas/rolling-service-doors-600-brochure.pdf | system/files/images/productos/a9cf3d4f6bde89180e0ae23231a70bb8f2ff3300
acf807d4b213201e17a7394a08f10fa9bb4006885934ec12f34c447242dc3b69,2,972831,fichas/rolling-service-doors-625-brochure.pdf | system/files/images/productos/42ba96f71987cc30cb19107d18eb0649ee492636
0a52c0c24f7a2c24d62f3a2e9f272ab42daa35225e2284325469c1ada3e08b84,2,1248526,fichas/rolling-sheet-doors-790-780-770-brochure.pdf | system/files/images/productos/f02304a5117f7e8cc52916b2995eee7d5cd3bdf7
9baa5d63b37b5e11e3877d383c1c6a1d79d45e9cac57495fad648de204da0883,2,1613533,fichas/rolling-steel-doors-610-620-brochure.pdf | system/files/images/productos/6e1ed3d9b7cfc7e53a9396670b592b8e0a0aa2da
e83d9e0d361761c16f7d0d5182f575ebf94841cd03aa744826bc232326ac2ff5,2,1106299,fichas/Rollizip-Technical-Specifications-15.pdf | system/files/images/productos/9864659d131f5853c5c595c40be3adac9e56f2d9
c2066b742b75d66a2d4de6ab38f837e0e15936d1ca4348db3f71df6c41257cfb,2,835994,fichas/RSIDENCIAL-SERIE-PREMIUM.pdf | system/files/images/productos/6d032a5579b0dd9ef150e1d93528463960040d95
acf566b36f7591adab20e6b8db02f9bc8a707a6d3e3b73af477692a8f76618ef,2,187413,fichas/sectional-steel-door-2415-brochure.pdf | system/files/images/productos/fba045304f5402c79a958b69ed499c1f46a48801
d2332b0c85d90fd4c8071f1ff7d20494112bbd0991063728cbe668d323c01f71,2,359827,fichas/sectional-steel-door-model-150-brochure.pdf | system/files/images/productos/ec68ab8e790ca2a96b4a8b409b96b9788018dc78
f12fa92e2d53e4ec3d472297c40b496655958d9220c44be89044f42f4d91c8ee,2,2700048,fichas/sectional-thermacore-doors-592-599-brochure.pdf | system/files/images/productos/06bfd8e22a88d66d31acea15164a009c18912ca2
35ba5a171ddc615b665e1bc0e9b1eb238f8dc798a8d56ef804c29c8273171d64,3,1846443,fichas/security-grilles-670-671-brochure.pdf | fichas/security-grilles-670-671-brochure1.pdf | system/files/images/productos/e7a01529a67d2e176caece591f7981360e4805ff
2026c18226568907288a0541cc50b2beed90a8525ca750ebd6e188cc57e4fdf4,2,1497255,fichas/security-grilles-681-685-brochure.pdf | system/files/images/productos/fcd7b006a2ccb75e9d55f0e15b1756f3a87079e9
1480b2c7cdc1b47afa9eeedae5372c89372a80d417009721d194861bf9997a1a,2,1443866,fichas/Sellos-de-anden-BrochureW.pdf | system/files/images/productos/317ebb40c4284fa181ff3ddeccfb978b29b7248b
397f9ab39a6e99338c6b07d6710607a8c70167d8cf0e059e01e4cc362c1eb3e2,2,541933,fichas/SELLOSSOLMMER.pdf | system/files/images/productos/6e3aa822ebf160680a65c651fe69d07bd648180a
619732a38ffca6749b7f8b5783ea2d2498f6606001008eb15f50dc556921f27f,2,151934,fichas/SERIE-X130.pdf | system/files/images/productos/82d463dae7b7bf4aff07f9221be013b2497ceabf
778571077c66eb5d199d774bb8f10f031c27ff1e0f813e3721e3622cb47f4ecf,2,437657,fichas/SPA_U-Series_Mechanical_Dock_Leveler.pdf | system/files/images/productos/f6879270d9945c848fb0f732190100b3e8ffced7
63b50f31f52cad064dfabe524ec2fee7c18a088ac99d5792ca34fb7fe7c09353,2,1372667,fichas/StrongArm_HVR303_Brochure_Spanish.pdf | system/files/images/productos/f23e43600d8606ddea73c29f700d164d5afc0552
d704128b2757b018b6a0ce25176d05e7ec336769eccb4b47d1164a9335ab3b9c,2,178063,fichas/Ventana-blindad-y-pasa-documentos.pdf | system/files/images/productos/b2fc16c210f999a553d13a88a76211d8a8cbd583
a5a6d2f9d55c82d4a61d10a953dfc02092056a23382445cc496a35e16e66dc7b,3,120433,images/2012-10-11_1235.png | system/files/images/categorias/43d4232e7c8e46a381f607bdcb65a691c4321389 | system/files/images/productos/43d4232e7c8e46a381f607bdcb65a691c4321389
d860236dd47a46a15210d48f31466e3699c6174a847bf4f7ad5ecc31e0465c67,2,90877,images/2018-04-04_1153-300x234.png | system/files/images/productos/39bb52ef88ace2a69d69d2e689787cab8114a39e
cfb9597a8e137f3a2eccaa7154d22f3a1367194af228e25eca5b6479035d6474,2,46064,images/317.jpg | system/files/images/productos/626b58db888990c04a7f855e6c03da8fa9fe5460
a69df4a03b43de98301f2bf5aefce4ba730cad4634f4bf6a47fa1194a2c48181,2,126408,images/a416.png | system/files/images/productos/cd8dcba8c3cdd3597f73eff14285d6e0c759fda1
60b0a46105807c3365dff1871dcc38385a07ceb36f13890c796ac0781f6ae4b7,2,94680,images/abatible.jpg | system/files/images/categorias/7c5b21262bddc72229429752adac241d7198c038
f7ca24065bf2df72af51ec53f4685ab48293506c9e66defce72fb573e2d3700a,2,47591,images/abrigo.jpg | system/files/images/categorias/bf4d3b2ae60542c4ed05927730f7cc762263f31c
9fad3d6401035bcc08e7216c4f8ed554194399e1a7f78c8b73474d6de898ccf6,2,147608,images/acanalada.jpg | system/files/images/productos/e8f1b3445fc4bd1e35cb22d2d405f8e080a62615
2a3c939c1e128390a1d877946f9c381b92ad14b14460a491e13084c5adcff95b,3,111044,images/acanalado.jpg | system/files/images/categorias/59ca6b73479b3fcde81f96439976896bad94b750 | system/files/images/productos/59ca6b73479b3fcde81f96439976896bad94b750
d7a9a4e4c81710351696a1263e5f9d2435f866c40adf85e8d523da6a2766383c,2,28417,images/accesorio-1.jpeg | system/files/images/productos/3795fc76a4c3c0133fecce131dcac2542c18e980
c6cf058d1dc9130053fcdfb121b95fb2e66aa19a43512c9076316fbcb88fd7b2,2,94329,images/accesorio-10.jpeg | system/files/images/productos/b3ab81b2856fe851e23bab63e63bacbbb82d6639
5260e5654b03e7c104c23518b2245fe4ee29a3f1fabc2c4dff1e2862e12e9276,2,10054,images/accesorio-11.jpeg | system/files/images/productos/2a1ddc16f0e9964ef7207a38e26bea3a92b99aab
bf21cd97bbba4ace3686e1c75a67af653e6e9d77dad0689f617bc48ff3c143d0,2,59735,images/accesorio-12.jpeg | system/files/images/productos/c88aa52b638190e7584c2412e8722e25c1723550
c1c22fcfb08d69d7043dc8da98b5bb23062b2aa3cad71f05dfc78703cec60f90,2,104066,images/accesorio-13.jpeg | system/files/images/productos/245880bebb5e7028014543ebd11b2d787992bb25
d578d1e4084d1128b93c6a11dad77bd63da089d9bbad1482a067aa6406011bd5,2,50585,images/accesorio-2.jpeg | system/files/images/productos/b1aece40383b55bb60c34675e96936a07a304268
5ca57d5e607db62908b505c32a38220ae6ead3fcab0862cd5ddab80354f359c2,2,52800,images/accesorio-3.jpeg | system/files/images/productos/32ee3a4bd87bcb11c182afd1bb63d04631a18b8a
08ea4eda132b1fd25e66d0dd5ef858514a065130fdb699b67f4607cee00dce32,2,23022,images/accesorio-4.jpeg | system/files/images/productos/8a444bdf198edcb878138128915ef5966b27559a
fe246f71df724a5340137a2c5a8e8a5c9b4bc09f7885fa28b024f7a042aab14d,2,30188,images/accesorio-5.jpeg | system/files/images/productos/296bfcce088781d7247a01dc45c2b44244878af9
1500d180faa2ab5144bc0a60d10a9e8053645ed7495a0db6ac0ce588615a09e3,2,32067,images/accesorio-6.jpeg | system/files/images/productos/2568a13a5a000ac720a6dfe2cf23e90c7398976a
7be8d3474d588afe46857bb596b5f4b7af6d55e30e4e1178c51a2d0f5a861e0a,2,49438,images/accesorio-7.jpeg | system/files/images/productos/27f6e809c1bd243a04dd346479f837e8105a9cf7
194801620df19c3fd19ddf46456e9e7d33c008ce13d93d41455c0beaf42518ef,2,23341,images/accesorio-8.jpeg | system/files/images/productos/a7afbb92480eaa329c6e5032085c3a6495f1db7f
305cba99e81ef6e3347caac1727476a47c5b1da176960f059a4cfc1313ace521,2,41364,images/accesorio-9.jpeg | system/files/images/productos/36b626d618a50efadb7b2e149ea7093080479e4e
a9b8ba6ca5b89f594fd0314a9cc74e7a345e85bff7a3fc848b2464aef8057e8a,2,40403,images/accesorios.jpg | system/files/images/productos/3806105dd3593a3b306a1ca89e55ce41b47f83a7
026c47f3f0381ab83f7513b5126315782bcbdd65851d89cfaaef18fe39b6e650,2,260995,images/accesorios.png | system/files/images/productos/98015c422935fb0f6a54ba324350f2d7877d367d
31b83c9d2d7a58e79b0a86b54bf678e87a400685b131428117c56b012a394322,2,4394,images/Access-Pro.jpg | system/files/images/productos/a55fa2df012da03804394e857fc5e09ed6a69191
b521a9678426851f5d6e1b90d1f9584dfb182dfea0a6463d90c761a173368090,2,58365,images/accesspro.jpg | system/files/images/productos/7f7f61551dd20beb863b5847d43b062d728c618d
487d546e69444e341ab3d8fcc7563d61a7fb8eadf2ba5afe0f52cf3a5db5d131,2,22196,images/alumina-1.jpg | system/files/images/productos/f9118a7d8fac480174a9a4e0455b51ee73490fa6
46827d6995078dd9790f66e48d985712e3ea5466258f71205b584edae47e2a21,2,83331,images/apilable.jpg | system/files/images/productos/c50e1e39b34533eb25bba5641b8c2e2be5e0dec3
3aa39aacce32b706f9a483c217c1775d242cb07490989a953a9886afb9eda87e,2,78764,images/apilable2.jpg | system/files/images/productos/1dbc1c3bbbced6c0721c851547c4d781f5ffe0a7
5f19dc5ca4daedc00d8621036cde85703a92fbbc1b5572ac9ded91a134281f08,2,55790,images/ascendentes.jpg | system/files/images/categorias/41081b9e7f1bbdd04b5550ad18403fe44052b75e
53c1fc06a6cc6a6d6b7e44450eb27562a7cfda986d1608d7157612387c26c5a8,2,194790,images/blindada.png | system/files/images/productos/df2281661def14838eccfc36ddd1b3068b9ef575
78a721deb0dfc8963dbefc88ef20119c09742c8051fb2ee78e7aff7c11b9cb5c,2,132456,images/blindada3.png | system/files/images/productos/cc2f0cb67adc2e9fe611fd2f8483d44c8e9ab724
0199d85a0628fcfe8be52eb76468a541ed5af57bb1711e1119b61b32d3426e0d,3,39135,images/blindadas.jpg | system/files/images/categorias/6ca19dacd9993636b6638cf308a1c4490bb0af98 | system/files/images/productos/6ca19dacd9993636b6638cf308a1c4490bb0af98
9d8bb264b4b6dba4870fbfaea37201594d459635f4552dec8f7feccf575f46ca,2,77326,images/comercial.jpg | system/files/images/productos/4008a0704b50eb6ada4e7733d8a9dc5c331e0163
f45b6dec4ecc808faa9c63049ed8510c53e7bc7158a0a504cd02c86604008572,2,87893,images/construccion.png | system/files/images/productos/52af9161c31f825128383fb23742e384e60dd462
b60c34b05b30937d0e24c1e90ee22e09e46b590b56f48ffd4cd7c7bb89989014,2,193926,images/coritna_plana.png | system/files/images/productos/178b1ba338c75e76a62f9528efc0c0d4fc58398a
772f456f3e6a7f8a7e6e6a57b13a180368b034464af956fb671fbb038928de13,2,122172,images/cortina-620.jpg | system/files/images/productos/e580517f07a377c10127844c71373a174bcf76fe
42aea6f642e345465fe276fb67ffa4fb3c721e5e0e133fbe279b6b9f0ca5b64b,2,227089,images/cortina-670.jpg | system/files/images/productos/e18f93b233e92c3c13b45b7654d4712f4748fe8b
12af3a14a4078ab10daf9cca236e715ba768271eeb8b7fa77450f8910744fb3b,2,187072,images/cortina-671.jpg | system/files/images/productos/23d0316980d95f4f7ece95dd33a74b151eadb1bf
4879be3ae5409e6cefd67c6064ad754570c808c282a5badc722f0c00e2f6b71d,2,250505,images/cortina-685.jpg | system/files/images/productos/8cc9045279f3a6ec3687c1f6ff0baa1dfc71c71b
df5c7138ad94a2b00ea9e1a610c725c2598c6f6839feb9fe09a0196bcf73b758,2,103422,images/cortina-aluminio.jpg | system/files/images/productos/c8ff88040661a79b39a07b1e3a27f49432df5dff
6425586a90c49adf93ea64128d234cfc567062d6cbbd3ca325692474f902d188,3,101300,images/cortina.jpg | system/files/images/categorias/3d3f8a7b58fad15cba55a19e1f7dcbd97e37ab41 | system/files/images/productos/3d3f8a7b58fad15cba55a19e1f7dcbd97e37ab41
f631b9254d9636fea5c91580a0b9921e0dba8a60a2433d8e8a6a68dcf4ee04c2,2,83893,images/cortina2.jpg | system/files/images/productos/5fd1d8e56b075c2ab53eef822c638f07763f1e0c
800c298a6f41f60f0ec028f70f8bc064d4bb2b000c1ff427a9be353954c4a27a,2,188810,images/cortina_europea.png | system/files/images/productos/06f5352d4b43c1c425fca9fbaf8447a697745647
42424441c5d5c6c196ac09f4785955384400fb6416f6884993d10c3ae901c004,2,42443,images/Cuadros_cortos_y_largos.png | system/files/images/productos/7d20ad9bfbd958c417038f14164c8a21573e4d34
5f5712484f7538876fdebcd0d5b2777c946437dc1c4eef8a08dc5a8ed4f91455,2,101474,images/demoresidencial.jpg | system/files/images/productos/2e6986f34adf7b7e075a57a4f73cac501d03c59d
05ef34f940430ae48a1850bc274bf10f9615b2858576c5fd1684d62504e29b18,2,4552,images/descarga-1.jpg | system/files/images/productos/2dba2794d3274a4845e24aa81c28cf40da541f62
4fb1772d51a8247fef0b0fa5da54deaed1291a113044a7b1e29032b117574816,2,14470,images/detalle_de_cuadros.png | system/files/images/productos/8622f8b336698cab1d58bcd0bb0f864586914bb6
c339242d4cbbcd12631d8837454914b576d716f4440c772408ce35f731ee8db4,2,91356,images/detalle_plana.png | system/files/images/productos/db60c3f67e4bce5fe6dc4f07bc8c14a13c407758
22058f35f21c2062018613eb65d6d0879c3827119097c6e88085ed574f6ce135,2,5275,images/Ditec-reset-imagen.jpg | system/files/images/productos/91b1b22e0757eb17e2b2f7ad5252137d6b50e464
7e3f1304543308b59c05c772c4e3718a1f5a7fcaf910ed1a536acc3b23021e10,2,74897,images/dockmanint.png | system/files/images/productos/9a3bbe208087a9acd96d7b4cd494e4aa72494760
f0d33107c5522dbb8a6aeb428a4303da767f676d96bad901598ecc32d4e6d808,2,43265,images/door-operator-rhx-1.jpg | system/files/images/productos/a7febe38bfa295bb6907789a9d0f008c6319b962
b43c3d3d71c1e6d0ae6ddb17948ea0ae3f5d917c4cad4e31ab4e9bc14ed88a3c,2,135493,images/e3720.jpg | system/files/images/productos/28d0e02a9ce0d2231f7b91d5d433cfbcb159b04c
4ff8f9c14a1788f07f3c90d21e431c90ea7ec5f8192ca26f1b2b9a96e8f650d4,2,97087,images/energy-series-intellicore-824x610-1.jpg | system/files/images/productos/d3cd08acf2731eb29b0227a3957ab09ffc55e38c
5bbb55b3352ef2a33b25c00c800d3631770993091bae62756ba3d14af3de4c7f,2,140446,images/energy.jpg | system/files/images/productos/9373560b7092ddbdc9e4c0586c55dacf882d166a
3f6b0b89f8cd6cdda059f8bfcb8b7b203cca75c651c830f56c5ce608afd8f9ab,2,141185,images/energy2.jpg | system/files/images/productos/4ad377beb722dc25f65a34c1ba19e5e5e15d91da
a3d2ced9486056908bb6e2dbc54f3c7c35783e1e6572879af9075cc7c5372ba1,2,78247,images/equipos-accesorios-anden-carga.jpeg | images/home-industriales.jpeg
d378e4af1d887e4f90b501fe575e2e9d6085a7c767a8e8ce6113c7bfb9a60651,3,26936,images/estandar.jpg | system/files/images/categorias/25a52045f95f6d8635d30d19530ca56f26020262 | system/files/images/productos/25a52045f95f6d8635d30d19530ca56f26020262
c616e806c85141f14a52c561c99a3c6414ebb68febb80252bab25f373c7c6e3a,2,322778,images/estandar.png | system/files/images/productos/7aae91babbc90d6203eaaeedc4936bf19dfc8f5b
0f0d8621f533b7266c519770cd09ebae682ac7d0088992431e7b170b2f1ddbb8,2,35359,images/europea.jpg | system/files/images/productos/2321bf300ce02b2cfa633479c59e2c99b735dd65
6ac4a30daede11dcc8cfd42575c8cd569f39c7764ffa5303842227665520a52b,2,143474,images/explo.png | system/files/images/productos/634c090c7fb64996e1e59d3f3a671ce738013f93
ec7d4828caa866cf129d5938e332e14f90db082993e0f41caf5b540c9ca2f422,2,120275,images/fast.jpg | system/files/images/productos/1c6fb09d0758e1a02f2c7d7ac5658c9dc2bcc460
42fffe3839a1efc5ef23e98d23f7865d440f32fb2f868818f9532c37c709ccdb,2,27493,images/fire-rated-door-630.jpg | system/files/images/productos/59e0452766a17eb9cf0d9df76dc79f72d08f013f
58403b51ea56f2414d970722afece2c97602b6b5f46dce9321f1a685f7e02258,3,94046,images/fire-rated.jpg | system/files/images/categorias/c46d19fe3eb462f51d4f636a3a4719ea6e8922c5 | system/files/images/productos/c46d19fe3eb462f51d4f636a3a4719ea6e8922c5
315b8ca4bb47e834b9a295a80cdd91b9349821b35f74cb8d72ca35c4957c5b94,2,17612,images/forma.png | system/files/images/productos/cf2e4e326d359080b1ade0173d05a64e2846d1c1
84188b1fd606f484451b2c95db1e0e00940b32c84f34f5d8fe5c9dfd0345092e,2,179353,images/foto_puerta.png | system/files/images/productos/0dff9191d2ec6cb7124c0438858de83fb11ccdf7
d845644629cb7137ef6febf445c446575f70e9aeb24c8c85f1243e0baf6501c9,2,184297,images/foto_puertas_lisa-1.png | system/files/images/productos/d113f473f3aa6186e6cce3296aebc45f1a266b9d
5855892f99616e58e799464823e0c17b501a7b05c35f85771e23bc017aac1fc7,2,245181,images/fotos_a_cuadros.png | system/files/images/productos/323ea1a66ccbf677c589b2807058ba4f5754f920
17af36083079920c3da9e3cccabbd0ee34c961cddd3cb6575fdb2a8a77ac9e23,2,123219,images/holandesa.png | system/files/images/productos/4b5ea36b9438bb35d7d67d674da25763cdee3c0f
894e073f2f592ce614409e721a476908c7e8c7f88c419f57fd60dfd95fe078e1,2,148313,images/hospital.png | system/files/images/productos/ae385af43a5d1494c0f807d48c05b5b3c3576afe
0d9d5e569e4bb5f80edff0b782e60dec9e4f78cac0963cd25d86dc6fcdf4db14,2,109689,images/Icaro.png | system/files/images/productos/ea8effe39352760b7c820b97ff11441286eb3e49
78f98003f2a98eeade1dcac93da66054575e327e4ad1813bd97fa68527680d53,2,443085,images/incendio.png | system/files/images/productos/136ef7a13a590b7377465e3d3c917671ef454cfa
87765af7e439ce26ec19c79feb37614bc30668ec0c8cfa9ed620a1410b7fef22,2,300373,images/industrial-brown-sectional-steel-model-424-432.jpg | system/files/images/productos/596d0d25e474bb84a449cda4680a73db1491f809
0140b263bc612390ea1c7ca673ffcf6f5ab27921b353d080ae6a82a7f66539cd,2,68011,images/industrial-series-520-deep-ribbed-24x12-window-white-garage-door.jpg | system/files/images/productos/67ace3fa64437d6138ff566381ad2b6103667427
a169ab3b4745b8b2fbf535b4b3c24634780f3387b3bf441422403f918cc21884,2,226565,images/industrial3.jpg | system/files/images/categorias/b0c2e45b23cfd147f3f8bbf7f05a34104ff032f8
f85e98c7edf85101addaf8f60f05ab50e6469335f717a0148b6017d1693146a2,3,26086,images/labio.jpg | system/files/images/categorias/ed615bddda8aa301e393e1768b31a2d694243038 | system/files/images/productos/ed615bddda8aa301e393e1768b31a2d694243038
1f009fd1cc71d72d73ae15534011635a10e29f60cb81cddfc851698a9f4bbd25,3,42554,images/lift.jpg | system/files/images/categorias/cbc5bbf8df505223c1069122842fed702f8be8d8 | system/files/images/productos/cbc5bbf8df505223c1069122842fed702f8be8d8
c4f71f365cefbdacc0f7682fe09ef6c9e271bd4f6bdca40268c451e7b6b18122,2,36859,images/liso_rayas.png | system/files/images/productos/f304f05a8957297b9b40a452fa93647f80e7bcb6
a94a49e4086d801f0538f5de5d8d45cd6fc224bf01d5299d8b55f5dbb54e1f6b,2,102063,images/louver1.png | system/files/images/productos/b9eba5a1d6113befc3d0598783588a63d7b6d9d9
28f7100794eaea042f56a2f6c544eb22ccb8513c9346f09733ce291bc1bea74d,2,105131,images/louver2.png | system/files/images/productos/52ecaaae0d3f3f087c9edce957e4dd5db733656c
4a23b949e7e88584f680f1e22cff8e20629c517f16be52fbdc27ce917c350023,2,17376,images/lux2b.jpg | system/files/images/productos/32efa422f2422111a48559ea8db3eedf5a0de2d3
f98d8bc284741b66493764e5f6c37cea3676a0bceaf1b8570bdf16555b606728,2,48222,images/m2415.jpg | system/files/images/productos/f6cfac4e319cc287a0162f1cf3eab1791a61bed2
c8c8e17fb4fe0088e4d86b4e360634d4114ef1ce0209197e45651e2752da944e,3,62244,images/M_DockLeveler.png | images/M_DockLeveler_300px.png | system/files/images/productos/de384ecd10f0e22ea56706a25f164f5b2102d4a6
c208a7d361c46541780413998a5d07ce4eaef7dbc5f00a53357b791db4cb10c6,2,162722,images/minidock.png | system/files/images/productos/940e095bff6a8002a19ac222a04ce14c4322fa45
c6c8e430f7c06ecd7061bfa0d6f002ed72b5aa7f67860c1dd5d31fa462976c1a,2,132793,images/model-426-white-finish-insulated.jpg | system/files/images/productos/27cdd31e50801b69ed83a04dbdac5674d1078906
3d6da8ba6127a75128cbe172539152cfd316a04941c99f968235b6694f4eb421,2,52080,images/modelos.jpg | system/files/images/productos/3e24e1170a5ccb8ff7ac68f087a19a9be61e799c
6efcca3378e75860caaf2952404e53bea608eba11a29fbb8bd31de158ed5130d,2,109113,images/modern-steel-1.png | system/files/images/productos/68350ebf06fb528912f62e2bf663862519c7dd38
7f72e704aa8a09e069e12e1165042becd9b47f3fa8408161f4bc98e4313bd8f7,2,54860,images/modern-steel-2.png | system/files/images/productos/dfab80908ff3b6ba9e823ae8e208dbca887b97fe
ecc1028eb79cc3a6bf6320d9e06ed04ce2d721a44164cba9413898b9db4b3ad9,2,59514,images/moovi50rm.png | system/files/images/productos/c8bc985a8ecbeda6dd4f0d60a6ac70423b19b9f6
df6e4d54f77fa4527b06c1990b7b57730b04d736ce30f252b7b802701692780d,2,69528,images/ocx.jpg | system/files/images/productos/85f5ef81d1ffa0cfcefdd5914c8d6d54a6bc3c4b
a39f73066d336fc9d5b5f93b86845c7ca4401e4d6b35cbe306cf5e5dd21f092d,2,62811,images/operadores.jpg | system/files/images/categorias/f843a4b04170cefcd1c70500fdf0f79819e89148
3fd525c165e7156070b93278f2fb0a2a50fa192365530cdc7c904cef3b17a641,2,17664,images/p457.jpg | system/files/images/productos/0aec19fd8541d023c19ecff7eb167c6c172a2732
ca7a7e621ac7c9db2912bffeb82b6bdb650a3bbffbd4b6bd1df46ce527b22632,2,17926,images/phobos-piston.jpg | system/files/images/productos/137e56b6a9d584dd63289d5aef15bed4b23f9af4
133ab5dad56d2a07ce82eeb8770a1a14403c4a72077f3e64035914d775576155,2,41749,images/porte-rapide-vertigo-500x500.jpg | system/files/images/productos/0af69ab19e393782b652aac26101096f8532e265
c650f63900096ba087b9ab072b9b891e7adf4c130e05e3f44075e8e2281c72a9,3,198143,images/preda.jpg | system/files/images/categorias/dea67750c58a9beeb1e4bf0140e4b97863635cfa | system/files/images/productos/dea67750c58a9beeb1e4bf0140e4b97863635cfa
af65f6b8ab3aca4434863ed534d2733733618809cda83b88d99c92e8aa7b7351,2,20541,images/PredaDoor-NXT-Door-1.jpg | system/files/images/productos/409f71ca3285abac3be915562bf8925f557e16b0
4caab5a59cda64741a1cb23d894a9a988a079bf0f77ead35f63f7b07774dd2e4,2,100497,images/proy1.jpg | system/files/images/productos/bd6521c004c07b7eb1e6b29f1cfe3cc0d4ceb3cc
c71388fb2ac3029f52c22b3510679e2b6676ea8174ccab9bb2548b5765046b59,3,208709,images/proy2.jpg | system/files/images/categorias/0d4439f5ba46973f404b8a9eaf3c6ed102faad54 | system/files/images/productos/0d4439f5ba46973f404b8a9eaf3c6ed102faad54
62dfa5a8e3cf2325c2d82039cc507f28ed32ab7f9490ad423befdec2d4cc46c6,2,120942,images/puerta-418.jpg | system/files/images/productos/0e8c380b91a59986427b2a5f2b70fd16a2980099
5a19083d5e1a942448ee11a6595a29727a0efcfc3de56abdff04513eff926e46,2,66865,images/puerta-420.jpg | system/files/images/productos/2f667c1e185b0ea47b093da526c2d552145b739e
4a3fcd0fa5e0abb158dba62b7d67cef2a74dc07a72ef248776d87319fd5c4871,2,140299,images/puerta-430.jpg | system/files/images/productos/dbf978defab57f25bca7206c939b17e9c1b8749d
9e354094ec662715d8125eee79d1432778318567ccc21c8cd4b0b902d3b5e31a,2,150763,images/puerta-521.jpg | system/files/images/productos/2783c1d2e280b095bb433d882e864c0662d21e01
86530d4ac92df562c6de29b9cc22b42192a67ecb3e1e2b1f478af1806600453d,3,16239,images/Puerta-contra-incendio.jpg | system/files/images/categorias/ba3f2923d733855f1d109ba12330647b866a3383 | system/files/images/productos/ba3f2923d733855f1d109ba12330647b866a3383
0f140512ff050cae8344d3c8916f7959220e55dfebebcb7e9f4f7e1a462ec698,3,54809,images/puerta-holandesa.jpg | system/files/images/categorias/41fac25bf3c4f3389882019d1f274fd418b8facb | system/files/images/productos/41fac25bf3c4f3389882019d1f274fd418b8facb
4c33c507ce731401d82bf29182b5546a7df6cdc1db6ceb653bf1fe6c0a090084,2,45054,images/puerta-infraca.jpg | system/files/images/productos/1353d4c5d6fc4d96cdd001e6284c4cabe1d632c9
5334bfd459f85f0540168d564c3fac0582946df48150647db65ef7e4e566a64b,2,56452,images/puerta-infraca02.jpg | system/files/images/productos/83a6ec78d40fa21f9a4823626e7117bd2bac7943
fd65e772e5dfc38a10d7b00d6012669fff996da703d3aa1525018f37634966a4,2,77193,images/puerta-infraca1.jpg | system/files/images/productos/480de804a97c7cc053d671704d026ceb6d7854d1
3550aa53ba992a87de085a73a3a226ee2c386bc96b24ffb69b7546cbe06b1083,2,100068,images/puerta-metalica-hospital.png | system/files/images/categorias/0730f48454726934e392a937efc6b2c9e432e7c6
5d2f4b493c2b08a9f6c500ae2c0242023d06f5295fcd56fd52e8974a46dfc9dc,2,119285,images/puerta-metalica-louver.png | system/files/images/categorias/1a32b8fec0f204084918378fed8404a7eacd559f
e301b315c8b8bfd05d1199339fd66fdaf6ddfc8dc2291b703bc20a508141ec70,2,30514,images/puerta-standard-lift.jpg | system/files/images/productos/1625e35ccee3962a89133370c3ef64b6c9eefa6a
89985092a942575637985f370ee8ff7215e9107e90db9931af2bd85f2d7bf301,2,120658,images/puerta432.jpg | system/files/images/productos/5f90d35f71ae101ed088c67403da1540d91d1192
b4168948c8f7b418f2caba3888b19c8d05c2c34dcedd58f236c573e24291ada3,2,136271,images/puerta593.jpg | system/files/images/productos/5ebb1b9e7cdf30669798fa316af64842a73c5a56
e0b0fcc5f64da11a8ac90554bd19936b55a66cdf3f12636921ee060234034732,2,121051,images/puerta594.jpg | system/files/images/productos/fce70ded3bd3b58293eed84c658aedaa60d10a2e
4f4c7200a1d2b415cd91c00c6997d98ac25e5929d70eeebed2a60360be9d60ca,2,156553,images/puerta599.jpg | system/files/images/productos/f3eecd701088dbca1956b577ef1de1c1762edced
f4eb1ee1751e83d4ff390ffc61d3f20b0beccecd154b161ce73c98965d2d5ecc,3,167976,images/Puerta_Standar_Reforzada.png | system/files/images/categorias/cfae2414005ec241e35e2be9039da54013a231e9 | system/files/images/productos/cfae2414005ec241e35e2be9039da54013a231e9
a8f42eccb24686ed83b3c05800b19a0c33cbf08e106597011e22cc22b0b8f831,3,11919,images/puertaboom.jpg | system/files/images/categorias/3ba01a39dd2e04651a35a7f2a8c2aab034f58f33 | system/files/images/productos/3ba01a39dd2e04651a35a7f2a8c2aab034f58f33
e4eb7e5449fb832f15215db0d3f051d1c1fde7cedb8c2116e0b494406dfd9a1d,2,1191055,images/puertas-rapida-apilable.png | system/files/images/productos/8ffd98efe5201d900181b34107af50002abe8ed8
28e4334631dce49d435714ae24d03684a2f9b205f361818c59211a3de24deb89,2,164238,images/qik.jpg | system/files/images/categorias/9022847e37c72e9a2de76dcdf7c2e22b08cf6cb0
4ee3711723679877a62579a4f6919332fdb1bc7699cad917b089a5a093e63b25,2,6606,images/Rampa-mecanica-Dockman.jpg | system/files/images/productos/70e2bb241375fb73400925ead25cfba2d93a8ebf
5138524a5977f7ee7ae4087883ada8d285337f3c9893ccf901fda41228297a43,3,71625,images/rampak.jpg | system/files/images/categorias/158ffcb904bc82f2a7d2ec143de37e00730d04bd | system/files/images/productos/158ffcb904bc82f2a7d2ec143de37e00730d04bd
92abddde67d71745a1b04770eff45807b78c886fdfbfdce6f9e1c0a18774313a,2,39185,images/rapida.jpg | system/files/images/productos/2c006fdef8fe51071aae29b8947fc2d51d1b6c71
ef9a16b4f47bf8243867b7fab6b5552f78caabec66b7120e57110d08b589ad4c,2,126383,images/rayos.png | system/files/images/productos/007c9191f5b7800de9549cd241c2b4dba8a9bb9f
867363354fc4393a19a4b41921685352244a6385a986b0076d4c18433fdb69c3,2,239948,images/reforzada.png | system/files/images/productos/94c7f9e458a3b78898415bc349658edb756a09f2
d12a22736b30faa534cd0f9d8914ac8851486ff97d6ce705ff88f5f566a0ff45,3,38080,images/retenedor.jpg | system/files/images/categorias/8ca911b748068c9bef002de96ef743ecefb9886b | system/files/images/productos/8ca911b748068c9bef002de96ef743ecefb9886b
5c387080f1adb199666ebbb9993bb04091fa641db6ef94fd586b3e9328e8e99b,2,150206,images/revolving.jpg | system/files/images/categorias/393bf5523829b0a76434527d0737623ed3951b63
8becb828134e493d441117dc9921620c5825a515f7fb88f424085b75e776ba49,2,7223,images/rhx-operator.jpg | system/files/images/productos/88115255793f083c25821dff5017d74a6b542988
722ad71a1cc774af2fe4069c6ee850c6a5f73681009c127a45757a0d55fe3103,2,134249,images/rhx.jpg | system/files/images/productos/37cb85d2747bda7e0195e84c2b086452e745c35f
4d932cd0a983bb2ff7afcc12c2291bc9650d31b152ec29254ce3b158578e5f67,2,92500,images/rmx.jpg | system/files/images/productos/6703592bfd849be6bda7eea4a8296f3e11ed8198
2d23bf8983e997ee47e71f23faa462ad1deb286b68691cf8bb12e53413643f1b,2,716307,images/rolli-zip.png | system/files/images/productos/0486010282e4b5e4164ef8bb0576b0e931ddc9ed
251d04717bc5499f1707bc080bf7a1d1960a3d8000c12f9bd6e27e3923a7b594,2,38498,images/rolling-service-door-600.jpg | system/files/images/productos/e6d8a9c021af46599e25526f7afa2c9689eba705
8b007bd98aadf3adbd0b62c002e9249727f983dc76671cc4799363bec2f07e78,2,256297,images/rolling-service-door-610-.jpg | system/files/images/productos/72df998778c03bc863d043d89ff44bd56b0095ab
695b297ec4c4fe6f22cb03f162ef84a7a0f67b3fe7f569bd5d5bbfacf1ef122d,2,185562,images/rolling-service-door-610-620-625-3.jpg | system/files/images/productos/0b26a7b20dd4d467cf9a57c9a5cba26cafbf6203
c8d461b8c1a8dd1feab00b1b36d1657e9ed59a03544c18dd01959939192c980e,2,43863,images/rolling-service-door-625-wide.jpg | system/files/images/productos/0dd525f64a0290377628938328d07d21668c7f22
e99ec942cdc228c7287461cf8f96223169f02c2bc5b39fc0c62e63eff69f67aa,2,148600,images/rolling-sheet-770-2.jpg | system/files/images/productos/d408fb7a83adf1cd66a9048080210be3b617cb29
197b793185a90868231a4c73798ba10cfc59098b45b65a87746b6592e2772146,2,116324,images/rsx.jpg | system/files/images/productos/20ec2b66b713306ac6d2d213bcce8d6810712eef
ee644707d59a031f458306ef439125065e83f21dc1ded649ea51248e50592431,2,42205,images/sectional-steel-door-model-2415.jpg | system/files/images/productos/9dd0f9d01c7f775f93b29328123c87e26182d7a2
c8774b96d0370cd808267857940e635c603e1c74735a3c7d7c9619e233449bf4,2,149578,images/sectional-steel-models-422-426.jpg | system/files/images/productos/ec069aaf1b98181850d5f11ac0069b719063f855
a256d5a3cd77f125ab345cf5469c6bce0dcde897370f9a7338cd254465dd0473,2,23699,images/sectional-steel-thermacore-door-592.jpg | system/files/images/productos/187b4bd808ae2adb2a5952d632cf3116e0fc8051
bbcdc29b06005c42b14ccccff4fc2ebfbc66fbe3f01d0e14e93e1724cb807e72,2,133019,images/sello.png | system/files/images/productos/0dacf997157fe78848366e1a53f90e10ea3261fe
39a22f0d7192ec2dd511ff10f581ca47e7d24c4d9123aa5975d4ef1d9db62a90,2,88121,images/Sellos-Nacionales-1.jpeg | system/files/images/productos/232816261d8cd23de8ba236c7245abce4f3e0508
fd7c68b72640b98f010f0c755b5f3688943ab50a348f1817cbaf93fa1b1a696b,2,28869,images/Sellos-Nacionales-2.jpeg | system/files/images/productos/56b92a9123f8b4859c652b1f53085eb77403b5b5
5bcfbc9645466fc0bf84354b63a2397f88869c27727fe865391dcdf6b0b2be87,2,20630,images/Sellos-Nacionales-3.jpeg | system/files/images/productos/78540e3c1069358e118a379781ea20b2ccd928b8
aea5675aa184c21be1ce72b68f75befeceda5c0284472e65488ca8b18af9b4fb,2,101225,images/Sellos-Nacionales-4.jpeg | system/files/images/productos/28e8d1d7eba06a05f31a344559e00ae7fa01b95a
5d8f835761b152b5e163fc13bec58ee9920ce8466e72e4f511e19781b0fdf9dc,2,1101944,images/sellos-nacionales.png | system/files/images/productos/b571edc742e7ef0d37e3f59d4d067eb287cb6f51
627780d68a82c656dd32bf0404b6bb7bade1696cb9dfb49a60063d1c3d10e222,3,77494,images/sellos.jpg | system/files/images/categorias/0184eae287e99a553941e98f9ff70f71139ed643 | system/files/images/productos/0184eae287e99a553941e98f9ff70f71139ed643
f3cdc6be9881b92a62743c851befba3a9850c096dbb17636673274574f792838,2,93331,images/serie790.jpg | system/files/images/productos/0a1a154b062113c629a1f2b1c58638408479ba39
1359e14587941620d83bf997795d54c17de69066a8f138cc6b3bb6d607a77c51,2,210164,images/serie_600.png | system/files/images/productos/d8fee0db7a4abffa83cd01515a5618e2b1b78b17
dcc883fab4198a7a025bd01ea199ba10b5f8440e172b2d8789a52b679edcbc44,2,42348,images/seriex130.jpg | system/files/images/productos/5dca58505e50b423babab3508ac89b5dcf92fdc4
27c04ba766d8e626103eba8a20ae35887dc8326485315f26f2e371bee12fa7a3,3,38872,images/shelter-abrigo-estacionario-blue-giant.jpg | images/Stationary_Dock_Shelter_300px-1.jpg | system/files/images/productos/ee96e92f6242ded7c0f5a641fb68712863cda941
0a35da608fea06419c52ed4036b2cba03b3506d6010ae28984ff3bacf5660671,2,4519,images/sph.jpg | system/files/images/productos/9a05d35b35391d87d959fca60be6e20e4d7799c8
f7c39471f5716bf9257f321e174de72bae3ca41660ae72811da95d599995b443,2,55991,images/star100.jpg | system/files/images/categorias/b365a092cbf80ef1af6e99fc3cddc76b0ceb8112
0b341e8e5cd84722a20ab84b05beb4686ab82e7635251103305b233224095a61,2,44327,images/star4.jpg | system/files/images/productos/d598f326c2973470ee7e0a5c3c220ba7108f150c
f73bcf2e62c6662f190547f0591e9bf98ddc9f7d647ab0502a05164460c57964,2,93310,images/Stationary-shelter.png | system/files/images/productos/2c4c5e819ae896a7fc103f81f4997253930f5788
0df43f2b225e3a4e65e300524bd2bfa279ae827629e215f0271d6da01718cec5,2,66692,images/StrongArm_HVR303_300px.jpg | system/files/images/productos/13e3c3675402a845e35768698348384af696499f
dbd9c7c5a3bf40665b34284850f2c715f6ef3f389a37ae39593045a37354910c,2,182605,images/STRONGARMHVR303.png | system/files/images/productos/041a0efde5e5212d3aae023a37bd508f96f03295
043b51e0aaec4c17ed2b8efe57dc2654b61edee67029074e7655266d15130146,2,50771,images/t150.jpg | system/files/images/productos/d0c290fb090b8236400c0131456b035b9199b02c
e35d64230b9f55656ea1a1b11e5def6c8570d539d9bc70eb20ef864668fad405,2,138154,images/tg.png | system/files/images/marcas/6916e3aa965715a3bd8c305ab93699bbaa2ecc86
41fb75669e1fa2eebca291f2148a34e9721dc58131e2a7bfc8b590a076c421b6,2,107482,images/thomp.jpg | system/files/images/productos/eebed998e099271fbd2674cd21a6f87567fc9dee
d1a513e10f03d2eaca1d53ad78f72f39f948acbea2f7c834bd25429e56fb1743,2,13924,images/thumbnail_image005.jpg | system/files/images/productos/3d2afaf79288b7dc59b91253693d2e7c5bb079ed
e373c7ca387d197f364a5d7300f2329a23c0236bdf099408351a9e58ffa613ce,2,219912,images/tiras.jpg | system/files/images/categorias/c8f93030259cd6eb5436a8b4dc88516a8a82cf03
6dd17d39f01303d60d7a7fe041d16584605151bd3c85e9113c492c736bc27936,2,230831,images/upper.jpg | system/files/images/categorias/a15d5cd1cf67dc7a304a8ebe8c9e28a866e7eda2
062f7b948ac894e36d4407122f1524f3ce7125e4dc3007d2572bb70df28ea602,2,66510,images/vista_sello.png | system/files/images/productos/35cb1e4b413bb5287adcd255cb6dc41063b21ca6
abdc2ffadc9ee3b0f411da925350004e16a6c6daa293922c6dba6252a1227b0b,2,33493,images/windload-thermacore-525-wide.jpg | system/files/images/productos/e4c215da7672e0ff5d8c7c6b12eaa6e027b73969
51e46c7232004f03999575b10606ed7fd31cb8a1b6193e389281de213affdb6d,2,71921,images/zip.jpg | system/files/images/productos/67d4a229ade458e06d088099546a7185387b2fd3
9fac3a9a07db4ad03f5341471ac6b6d70252da1e6d9bb88e02b0252ef939dc67,2,128882,multimedia/imagenes/categorias/05a5c6c2cbadcb574afa2faefb344ef1eb9dd6e5.png | multimedia/imagenes/productos/05a5c6c2cbadcb574afa2faefb344ef1eb9dd6e5.png
dfb6ae73bc9a1d16967dee04e20a2949fc97ad84701df85daae9f40287a17260,3,26138,multimedia/imagenes/categorias/381cccddca9068f4f928c85a45b3fbf221cae6a9.jpg | multimedia/imagenes/categorias/4642ed1152768003ba74c0c5b07deb1b7b6d25b5.jpg | multimedia/imagenes/productos/381cccddca9068f4f928c85a45b3fbf221cae6a9.jpg
0c626718d403fed03bb85fc08084497ff4a0ac0f42e15c7deee89a5b8cdaa959,4,7047,multimedia/imagenes/categorias/3c6f460cc1486506219239ca2b7e5a8e8ad87a60.jpg | multimedia/imagenes/categorias/73e404c9ef4bc5a5e6a3576c4f2c0f7ed9b44fda.jpg | multimedia/imagenes/productos/3c6f460cc1486506219239ca2b7e5a8e8ad87a60.jpg | multimedia/imagenes/productos/73e404c9ef4bc5a5e6a3576c4f2c0f7ed9b44fda.jpg
133339b32186cdc9487379762a06d60f9e660dd1653547211caf9418897b655d,4,94930,multimedia/imagenes/categorias/4cecb81fc859ba53c31452341aa945cb0a739f32.png | multimedia/imagenes/categorias/dec91cdc543e16578bf8e7e7c7656ff85ffafdcf.png | multimedia/imagenes/productos/4cecb81fc859ba53c31452341aa945cb0a739f32.png | multimedia/imagenes/productos/dec91cdc543e16578bf8e7e7c7656ff85ffafdcf.png
6a6bbc1cf36d0a70af2e6ca70b80a6b3567b167361b986084ffd876de020d1e6,4,7923,multimedia/imagenes/categorias/9518132905db9212212811e71bedbdb1335865ea.jpg | multimedia/imagenes/categorias/cbd6a7cacb8c2a97d286305d91a35621f578ccb4.jpg | multimedia/imagenes/productos/9518132905db9212212811e71bedbdb1335865ea.jpg | multimedia/imagenes/productos/cbd6a7cacb8c2a97d286305d91a35621f578ccb4.jpg
9361c1f4ddf25b9db1556a6c05cd0087728d03c588dba3a205935fc9c7163f81,2,75606,multimedia/imagenes/marcas/5b0fb510e229686ea648c8c844a72d055a43b670.png | multimedia/imagenes/marcas/6ef7fad3219ba60a1896d1e4acb7b3b02a57ee21.png
46c86b9b70c8bcb98f20461c4d75d5d2f9f97679c00304ddd896e2e241625b9a,2,6395,multimedia/imagenes/productos/0a1756a8d2de1c57a8e4049484ade7b24731c8a9.jpg | multimedia/imagenes/productos/881abe3c923d095d913a27bb0e6e1bbdc7fe5d27.jpg
2221dc4c4bbcadfae55ff82d6459799f22f5f6b4166924649c13fa7e716d355a,2,4520,multimedia/imagenes/productos/0f99d1aea9ef6c7dc7a34f121abfbdabca6b4f93.jpg | multimedia/imagenes/productos/9d43b74fca6d03c2921089462fad7b8882f85c04.jpg
d6ad543b60652862a661e9cea83bc552df118a13b83382ded64cdcd4870772c1,2,6611,multimedia/imagenes/productos/1573a9c4fbea34db1caea42a6ed3c987bfa2f160.jpg | multimedia/imagenes/productos/f6db35d3941c816f0cc0273af3380d6b041182e4.jpg
3f9357bd644ba8a287a486877c87fb75cdcfba35c583f012dc6e3d0b1dbe6b84,2,49523,multimedia/imagenes/productos/1cd185491018a76917c79e14c41b2b0011319b80.png | multimedia/imagenes/productos/2781b7edf8bd65223923ac4ae96561dd74a82271.png
2328be3804894bea36fe95344e550d9415694cfb5bca432edd5cebba40bd4c60,2,9580,multimedia/imagenes/productos/2dcd34680ae76905d3bb16fc7c85a0d93cc9c5a5.jpg | multimedia/imagenes/productos/a748235e74a586b213db3efca7c8887c445fd6ac.jpg
5858e38acd09460cd1ea1eb33d74fc59d2d24c894c322e8f3d9df95fda206281,2,51021,multimedia/imagenes/productos/3a1fc20fded91d4281ea5bccbabb5857c08ac984.png | multimedia/imagenes/productos/72c3b8aac9b6b58deb2e1aaede5ea967d312b5a1.png
8a33f93ab55f8b7434e91b70d6076a706fe8b09597821d60ec24367b1972e32a,2,8746,multimedia/imagenes/productos/4b0b677e883dd5de081a2d9ff85461e245cf7818.jpg | multimedia/imagenes/productos/786cb4ffd9d80545d703ef6dcf3b4a550a974bbf.jpg
fa09d5e7154a317cab8c71add0e761ee0c91250e5138466d24110a550c27d7c7,2,17858,multimedia/imagenes/productos/529d7a807f56271c4853d6eba64a97f2756f47ce.png | multimedia/imagenes/productos/bb3368ceeda91ff99ccfa7be1a6f90181e04f465.png
371e83a35051937b01105e205a9818fc3fbf69017a2187dd303c34fda4da0cb0,2,11519,multimedia/imagenes/productos/543eaaab76bc549379fd94c1aff9864355059b4c.jpg | multimedia/imagenes/productos/9f2043632042e29a5493eee70accb18cb61784f7.jpg
00de6d434f51c6644b0a7f8401af363534e6f7221e015050c47cb5e0557bd49e,2,11495,multimedia/imagenes/productos/5931b170616883ff7c0595afe5431784a569f9d2.jpg | multimedia/imagenes/productos/7e26ed50cf94e4610fca8ad8410ec8e35d13efae.jpg
111851400aa1d0a5ce098cc4dba90358fa7263ab910326f6b962fa444da5df9c,2,10980,multimedia/imagenes/productos/65557ad77eb8e58c61a3e33bd77415b1b99d170a.jpg | multimedia/imagenes/productos/ffbe83b398276a9f3dd5a1148082b81070a2a458.jpg
c09d43c00713ab3556bdd84a7b18e1534ce8f3a35fe32c263daace5149411498,2,7353,multimedia/imagenes/productos/87c1f2c31a38a98c948c0e15ace8b6f3704db568.jpg | multimedia/imagenes/productos/ca6508f8b111dad227a6d111e3a8e4e1ab945137.jpg
e1700590ccc6d6e0bdb92c9d3e45ce8bcb2e0e6f9f5f2d94192d1dad98b5280c,2,4862,multimedia/imagenes/productos/9b81a3e9fd65480307286e1e6b768ba2e61c605c.jpg | multimedia/imagenes/productos/e89845e7c86223d440ecc3f0d10e8877190b6523.jpg
bcc2cb8fb759d05061ad2da815351151688383d4562125e682e010101ebbf163,2,11198,multimedia/imagenes/productos/9d20d8e48b8565a39ea925f2840b451fd04aac5c.png | multimedia/imagenes/productos/f14a440a3dd06e6f2c9eb33028efa68d17c042c6.png
6e7eda2b86b5231b56774d4ea77f7c3bc88a6a8123f5e26a0a5ddf7fdb946c46,2,95451,multimedia/imagenes/productos/a090fa0e4ae914f964fe8751f7c89510b240d9aa.png | multimedia/imagenes/productos/b26a93145c299abf175f054d35d3caeec9e549a1.png
68ba1e55d0f8df9cd779493cfc9e9878b43bbdb02eab87ff1262dfde061a143f,2,21524,multimedia/imagenes/productos/b909a849499b633edc6093d67d945c89ceab7117.jpg | multimedia/imagenes/productos/c112bfd42abe043cea65afd42ec67630adafd4fc.jpg
0934316bdd27349c7486ea2222a5a9652532a08ba09dbe651fff39f7b5cdbe8a,2,6789,multimedia/imagenes/productos/ba5fdb010b1d287f2a4001c470c1f2e1db31f9d2.jpg | multimedia/imagenes/productos/cb86dd9383b3ea7221cda7b42bf813a1886a6d90.jpg
ab6b211c95b78f76a5f5c7e74512e0f893848ec0718cdeb84b398f8c2ebffde9,2,10681,multimedia/imagenes/productos/cc7cf71256da2123d44f664f2d3eeb5ff939267f.jpg | multimedia/imagenes/productos/f5f705c816755cd6c0764b2b15e6b0fa4686ab17.jpg
6a1d48989af7e1c767ef6655180169bb30a9c2db23065fb02ae1b8620e4baca8,2,4574,multimedia/imagenes/productos/db88124010c8fd74436ab47c242f52ca0b056d98.jpg | multimedia/imagenes/productos/ef0963eb15946f07dd1d427c167dc48109d6e87a.jpg
368a4bad0cdc308510f9c5bd6e2a28d3eba56b8974decd07a4b13b867165330b,2,80864,multimedia/imagenes/productos/e098729402b2480f2ed9d78b1ceee7bba33bbaa3.png | multimedia/imagenes/productos/fca52262ded4090d045d40255d283fe0606067b7.png
e514be9d78a2617ecbb4e59c984023c8fc46e691a883fb6babc2ff5723880b1a,2,8352,multimedia/imagenes/productos/e127c73d075f64bcabd7fd264e8ead5d3f6f505b.jpg | multimedia/imagenes/productos/e79270b2331f2e3a2291fc58e78dc390512d8d8f.jpg
3e0764bf84d961cd60ae771e208106ecdf6561c3dab9d7d9fbc0c65b65e1d6ea,2,10030,system/backoffice/includes/plugins/ckeditor/plugins/icons.png | system/backoffice/includes/plugins/ckeditor/skins/moono/icons.png
48bb199389143939ce37cc0b69f294464daa4d0a63c0c67f1cacdd68613ec0cd,2,34465,system/backoffice/includes/plugins/ckeditor/plugins/icons_hidpi.png | system/backoffice/includes/plugins/ckeditor/skins/moono/icons_hidpi.png
95b7e9aef3f79a63ba449e52cdae1ceaa7348581445bf8886924b3f7673a9553,3,1108,system/backoffice/includes/plugins/datatables/extensions/ColReorder/License.txt | system/backoffice/includes/plugins/datatables/extensions/ColVis/License.txt | system/backoffice/includes/plugins/datatables/extensions/FixedColumns/License.txt
e3b0c44298fc1c149afbf4c8996fb92427ae41e4649b934ca495991b7852b855,2,0,system/backoffice/includes/plugins/datatables/extensions/Responsive/Readme.md | system/backoffice/tiny_mce/plugins/save/editor_plugin.js
cc9884528e6fe095455ec62386fb2de26309b729f1138c30c044e8f32519a373,2,44060,system/backoffice/includes/plugins/validate/dist/jquery.validate.js | system/backoffice/includes/plugins/validate/jquery.validate.js
29133962ccf97017876e2a59a345433a326ea9debced53451c44e39707f36800,2,57272,system/backoffice/js/jquery.min.js | system/js/jquery.min.js
9cf020d7c3bba7f5ab10cda54aabef934f906d4f9a3acf99e9e7dc6c98579635,2,43,system/backoffice/tiny_mce/plugins/media/img/trans.gif | system/backoffice/tiny_mce/plugins/pagebreak/img/trans.gif
9c69f76a6f90144ff3ec0adbeaec2d4ebad9511824cbc778fab8120268c10a19,2,1938,system/backoffice/tiny_mce/plugins/media/js/embed.js | system/backoffice/tiny_mce/plugins/preview/jscripts/embed.js
09d077c8876f38349dde9500268d023f8b276cc875400f4149a9b7a372fb5a3a,2,22464,system/files/images/categorias/0026e2b69ea6b2f5307ae424596371c7610f2fd8 | system/files/images/productos/0026e2b69ea6b2f5307ae424596371c7610f2fd8
1fb702a59192aea787c25c42aebfcb6f4394eb29ddd0693a1fbd9b86d0771003,2,31848,system/files/images/categorias/4c235320c6c73cff73a7e701b74b8e5fd0417378 | system/files/images/productos/4c235320c6c73cff73a7e701b74b8e5fd0417378
