file,line,finding,status
PHPMailer/src/DSNConfigurator.php,43,nullable implícito,candidato estático; reachability no garantizada
system/libs/CoreLibrary/Config.class.php,173,ereg/split antiguo,candidato estático; reachability no garantizada
system/libs/CoreLibrary/Objeto.class.php,12,utf8 encode/decode,candidato estático; reachability no garantizada
system/libs/CoreLibrary/RestHTTP.class.php,19,nullable implícito,candidato estático; reachability no garantizada
system/libs/CoreLibrary/DB/DBConnection.class.php,4,nullable implícito,candidato estático; reachability no garantizada
system/libs/CoreLibrary/DB/DBConnection.class.php,5,nullable implícito,candidato estático; reachability no garantizada
system/libs/CoreLibrary/DB/DBConnection.class.php,6,nullable implícito,candidato estático; reachability no garantizada
system/libs/CoreLibrary/DB/DBConnection.class.php,7,nullable implícito,candidato estático; reachability no garantizada
system/libs/CoreLibrary/DB/MySQLStrategy.class.php,5,nullable implícito,candidato estático; reachability no garantizada
system/libs/CoreLibrary/DB/MySQLStrategy.class.php,13,mysql antiguo,candidato estático; reachability no garantizada
system/libs/CoreLibrary/DB/MySQLStrategy.class.php,14,mysql antiguo,candidato estático; reachability no garantizada
system/libs/CoreLibrary/DB/MySQLStrategy.class.php,20,mysql antiguo,candidato estático; reachability no garantizada
system/libs/CoreLibrary/DB/MySQLStrategy.class.php,34,mysql antiguo,candidato estático; reachability no garantizada
system/libs/CoreLibrary/DB/MySQLStrategy.class.php,37,mysql antiguo,candidato estático; reachability no garantizada
system/libs/CoreLibrary/DB/MySQLStrategy.class.php,51,mysql antiguo,candidato estático; reachability no garantizada
system/libs/CoreLibrary/DB/MySQLStrategy.class.php,58,mysql antiguo,candidato estático; reachability no garantizada
system/libs/CoreLibrary/DB/MySQLStrategy.class.php,62,mysql antiguo,candidato estático; reachability no garantizada
system/libs/CoreLibrary/DB/MySQLStrategy.class.php,66,mysql antiguo,candidato estático; reachability no garantizada
system/libs/CoreLibrary/DB/MySQLStrategy.class.php,73,mysql antiguo,candidato estático; reachability no garantizada
system/libs/CoreLibrary/DB/MySQLStrategy.class.php,80,mysql antiguo,candidato estático; reachability no garantizada
system/libs/CoreLibrary/DB/MySQLStrategy.class.php,87,mysql antiguo,candidato estático; reachability no garantizada
system/libs/CoreLibrary/DB/MySQLStrategy.class.php,94,mysql antiguo,candidato estático; reachability no garantizada
system/libs/CoreLibrary/DB/MySQLStrategy.class.php,98,mysql antiguo,candidato estático; reachability no garantizada
system/libs/CoreLibrary/DB/MySQLStrategy.class.php,102,mysql antiguo,candidato estático; reachability no garantizada
system/libs/CoreLibrary/DB/MySQLStrategy.class.php,106,mysql antiguo,candidato estático; reachability no garantizada
system/libs/CoreLibrary/DB/DAO/GenericDAO.class.php,243,utf8 encode/decode,candidato estático; reachability no garantizada
system/libs/CoreLibrary/DB/DAO/_GenericDAO.class.php,53,ereg/split antiguo,candidato estático; reachability no garantizada
system/libs/CoreLibrary/DB/DAO/_GenericDAO.class.php,207,utf8 encode/decode,candidato estático; reachability no garantizada
system/libs/CoreLibrary/GUI/Calendar/CalendarMonthDayView.class.php,44,utf8 encode/decode,candidato estático; reachability no garantizada
system/libs/CoreLibrary/Util/Date.class.php,27,mysql antiguo,candidato estático; reachability no garantizada
system/libs/CoreLibrary/Util/Date.class.php,28,mysql antiguo,candidato estático; reachability no garantizada
system/libs/CoreLibrary/Util/Email.class.php,80,utf8 encode/decode,candidato estático; reachability no garantizada
system/libs/CoreLibrary/Util/Email.class.php,81,utf8 encode/decode,candidato estático; reachability no garantizada
system/libs/CoreLibrary/Util/Email.class.php,82,utf8 encode/decode,candidato estático; reachability no garantizada
system/libs/CoreLibrary/Util/String.class.php,41,ereg/split antiguo,candidato estático; reachability no garantizada
system/libs/CoreLibrary/Util/String.class.php,92,ereg/split antiguo,candidato estático; reachability no garantizada
system/libs/CoreLibrary/Validator/Tester.class.php,7,nullable implícito,candidato estático; reachability no garantizada
system/libs/HTTP/Request2.php,216,nullable implícito,candidato estático; reachability no garantizada
system/libs/HTTP/Net/URL2.php,572,nullable implícito,candidato estático; reachability no garantizada
system/libs/HTTP/Request2/CookieJar.php,136,nullable implícito,candidato estático; reachability no garantizada
system/libs/HTTP/Request2/CookieJar.php,214,nullable implícito,candidato estático; reachability no garantizada
system/libs/HTTP/Request2/CookieJar.php,255,nullable implícito,candidato estático; reachability no garantizada
system/libs/HTTP/Request2/Response.php,107,nullable implícito,candidato estático; reachability no garantizada
system/libs/HTTP/Request2/Adapter/Socket.php,112,nullable implícito,candidato estático; reachability no garantizada
system/libs/HTTP/Request2/Observer/Log.php,79,nullable implícito,candidato estático; reachability no garantizada
system/libs/Nusoap/nusoap-respaldo.php,1070,nullable implícito,candidato estático; reachability no garantizada
system/libs/Nusoap/nusoap-respaldo.php,1073,nullable implícito,candidato estático; reachability no garantizada
system/libs/Nusoap/nusoap-respaldo.php,1076,nullable implícito,candidato estático; reachability no garantizada
system/libs/Nusoap/nusoap-respaldo.php,2125,nullable implícito,candidato estático; reachability no garantizada
system/libs/Nusoap/nusoap-respaldo.php,3372,nullable implícito,candidato estático; reachability no garantizada
system/libs/Nusoap/nusoap-respaldo.php,6393,nullable implícito,candidato estático; reachability no garantizada
system/libs/Nusoap/nusoap-respaldo.php,6394,nullable implícito,candidato estático; reachability no garantizada
system/libs/Nusoap/nusoap-respaldo.php,6768,utf8 encode/decode,candidato estático; reachability no garantizada
system/libs/Nusoap/nusoap-respaldo.php,7020,nullable implícito,candidato estático; reachability no garantizada
system/libs/Nusoap/nusoap-respaldo.php,7040,utf8 encode/decode,candidato estático; reachability no garantizada
system/libs/Nusoap/nusoap.php,567,ereg/split antiguo,candidato estático; reachability no garantizada
system/libs/Nusoap/nusoap.php,770,ereg/split antiguo,candidato estático; reachability no garantizada
system/libs/Nusoap/nusoap.php,919,ereg/split antiguo,candidato estático; reachability no garantizada
system/libs/Nusoap/nusoap.php,944,ereg/split antiguo,candidato estático; reachability no garantizada
system/libs/Nusoap/nusoap.php,1099,nullable implícito,candidato estático; reachability no garantizada
system/libs/Nusoap/nusoap.php,1102,nullable implícito,candidato estático; reachability no garantizada
system/libs/Nusoap/nusoap.php,1105,nullable implícito,candidato estático; reachability no garantizada
system/libs/Nusoap/nusoap.php,1272,ereg/split antiguo,candidato estático; reachability no garantizada
system/libs/Nusoap/nusoap.php,1385,ereg/split antiguo,candidato estático; reachability no garantizada
system/libs/Nusoap/nusoap.php,1405,ereg/split antiguo,candidato estático; reachability no garantizada
system/libs/Nusoap/nusoap.php,1815,ereg/split antiguo,candidato estático; reachability no garantizada
system/libs/Nusoap/nusoap.php,2148,nullable implícito,candidato estático; reachability no garantizada
system/libs/Nusoap/nusoap.php,2180,ereg/split antiguo,candidato estático; reachability no garantizada
system/libs/Nusoap/nusoap.php,2970,ereg/split antiguo,candidato estático; reachability no garantizada
system/libs/Nusoap/nusoap.php,3148,ereg/split antiguo,candidato estático; reachability no garantizada
system/libs/Nusoap/nusoap.php,3360,ereg/split antiguo,candidato estático; reachability no garantizada
system/libs/Nusoap/nusoap.php,3500,nullable implícito,candidato estático; reachability no garantizada
system/libs/Nusoap/nusoap.php,3708,ereg/split antiguo,candidato estático; reachability no garantizada
system/libs/Nusoap/nusoap.php,3779,ereg/split antiguo,candidato estático; reachability no garantizada
system/libs/Nusoap/nusoap.php,3808,ereg/split antiguo,candidato estático; reachability no garantizada
system/libs/Nusoap/nusoap.php,3842,ereg/split antiguo,candidato estático; reachability no garantizada
system/libs/Nusoap/nusoap.php,4180,ereg/split antiguo,candidato estático; reachability no garantizada
system/libs/Nusoap/nusoap.php,4269,ereg/split antiguo,candidato estático; reachability no garantizada
system/libs/Nusoap/nusoap.php,4838,ereg/split antiguo,candidato estático; reachability no garantizada
system/libs/Nusoap/nusoap.php,4857,ereg/split antiguo,candidato estático; reachability no garantizada
system/libs/Nusoap/nusoap.php,4882,ereg/split antiguo,candidato estático; reachability no garantizada
system/libs/Nusoap/nusoap.php,5047,ereg/split antiguo,candidato estático; reachability no garantizada
system/libs/Nusoap/nusoap.php,6473,nullable implícito,candidato estático; reachability no garantizada
system/libs/Nusoap/nusoap.php,6474,nullable implícito,candidato estático; reachability no garantizada
system/libs/Nusoap/nusoap.php,6658,ereg/split antiguo,candidato estático; reachability no garantizada
system/libs/Nusoap/nusoap.php,6695,ereg/split antiguo,candidato estático; reachability no garantizada
system/libs/Nusoap/nusoap.php,6866,utf8 encode/decode,candidato estático; reachability no garantizada
system/libs/Nusoap/nusoap.php,7118,nullable implícito,candidato estático; reachability no garantizada
system/libs/Nusoap/nusoap.php,7137,utf8 encode/decode,candidato estático; reachability no garantizada
system/libs/Nusoap/nusoap.php,7509,ereg/split antiguo,candidato estático; reachability no garantizada
system/libs/Nusoap/nusoap.php,7533,ereg/split antiguo,candidato estático; reachability no garantizada
system/libs/Nusoap/nusoap.php,7536,ereg/split antiguo,candidato estático; reachability no garantizada
system/libs/Nusoap/nusoap.php,7606,ereg/split antiguo,candidato estático; reachability no garantizada
system/libs/Nusoap/nusoap0.7.3.php,567,ereg/split antiguo,candidato estático; reachability no garantizada
system/libs/Nusoap/nusoap0.7.3.php,770,ereg/split antiguo,candidato estático; reachability no garantizada
system/libs/Nusoap/nusoap0.7.3.php,919,ereg/split antiguo,candidato estático; reachability no garantizada
system/libs/Nusoap/nusoap0.7.3.php,944,ereg/split antiguo,candidato estático; reachability no garantizada
system/libs/Nusoap/nusoap0.7.3.php,1099,nullable implícito,candidato estático; reachability no garantizada
system/libs/Nusoap/nusoap0.7.3.php,1102,nullable implícito,candidato estático; reachability no garantizada
system/libs/Nusoap/nusoap0.7.3.php,1105,nullable implícito,candidato estático; reachability no garantizada
system/libs/Nusoap/nusoap0.7.3.php,1272,ereg/split antiguo,candidato estático; reachability no garantizada
system/libs/Nusoap/nusoap0.7.3.php,1385,ereg/split antiguo,candidato estático; reachability no garantizada
system/libs/Nusoap/nusoap0.7.3.php,1405,ereg/split antiguo,candidato estático; reachability no garantizada
system/libs/Nusoap/nusoap0.7.3.php,1815,ereg/split antiguo,candidato estático; reachability no garantizada
system/libs/Nusoap/nusoap0.7.3.php,2148,nullable implícito,candidato estático; reachability no garantizada
system/libs/Nusoap/nusoap0.7.3.php,2180,ereg/split antiguo,candidato estático; reachability no garantizada
system/libs/Nusoap/nusoap0.7.3.php,2971,ereg/split antiguo,candidato estático; reachability no garantizada
system/libs/Nusoap/nusoap0.7.3.php,3146,ereg/split antiguo,candidato estático; reachability no garantizada
system/libs/Nusoap/nusoap0.7.3.php,3354,ereg/split antiguo,candidato estático; reachability no garantizada
system/libs/Nusoap/nusoap0.7.3.php,3494,nullable implícito,candidato estático; reachability no garantizada
system/libs/Nusoap/nusoap0.7.3.php,3702,ereg/split antiguo,candidato estático; reachability no garantizada
system/libs/Nusoap/nusoap0.7.3.php,3773,ereg/split antiguo,candidato estático; reachability no garantizada
system/libs/Nusoap/nusoap0.7.3.php,3802,ereg/split antiguo,candidato estático; reachability no garantizada
system/libs/Nusoap/nusoap0.7.3.php,3836,ereg/split antiguo,candidato estático; reachability no garantizada
system/libs/Nusoap/nusoap0.7.3.php,4174,ereg/split antiguo,candidato estático; reachability no garantizada
system/libs/Nusoap/nusoap0.7.3.php,4263,ereg/split antiguo,candidato estático; reachability no garantizada
system/libs/Nusoap/nusoap0.7.3.php,4832,ereg/split antiguo,candidato estático; reachability no garantizada
system/libs/Nusoap/nusoap0.7.3.php,4851,ereg/split antiguo,candidato estático; reachability no garantizada
system/libs/Nusoap/nusoap0.7.3.php,4876,ereg/split antiguo,candidato estático; reachability no garantizada
system/libs/Nusoap/nusoap0.7.3.php,5041,ereg/split antiguo,candidato estático; reachability no garantizada
system/libs/Nusoap/nusoap0.7.3.php,6467,nullable implícito,candidato estático; reachability no garantizada
system/libs/Nusoap/nusoap0.7.3.php,6468,nullable implícito,candidato estático; reachability no garantizada
system/libs/Nusoap/nusoap0.7.3.php,6653,ereg/split antiguo,candidato estático; reachability no garantizada
system/libs/Nusoap/nusoap0.7.3.php,6690,ereg/split antiguo,candidato estático; reachability no garantizada
system/libs/Nusoap/nusoap0.7.3.php,6861,utf8 encode/decode,candidato estático; reachability no garantizada
system/libs/Nusoap/nusoap0.7.3.php,7113,nullable implícito,candidato estático; reachability no garantizada
system/libs/Nusoap/nusoap0.7.3.php,7132,utf8 encode/decode,candidato estático; reachability no garantizada
system/libs/Nusoap/nusoap0.7.3.php,7505,ereg/split antiguo,candidato estático; reachability no garantizada
system/libs/Nusoap/nusoap0.7.3.php,7531,ereg/split antiguo,candidato estático; reachability no garantizada
system/libs/Nusoap/nusoap0.7.3.php,7536,ereg/split antiguo,candidato estático; reachability no garantizada
system/libs/Nusoap/nusoap0.7.3.php,7601,ereg/split antiguo,candidato estático; reachability no garantizada
system/libs/PEAR/DB.php,1062,nullable implícito,candidato estático; reachability no garantizada
system/libs/PEAR/DB.php,1068,nullable implícito,candidato estático; reachability no garantizada
system/libs/PEAR/DB.php,1097,nullable implícito,candidato estático; reachability no garantizada
system/libs/PEAR/PEAR.php,100,nullable implícito,candidato estático; reachability no garantizada
system/libs/PEAR/PEAR.php,109,nullable implícito,candidato estático; reachability no garantizada
system/libs/PEAR/PEAR.php,861,nullable implícito,candidato estático; reachability no garantizada
system/libs/PEAR/DB/common.php,71,nullable implícito,candidato estático; reachability no garantizada
system/libs/PEAR/DB/mssql.php,175,nullable implícito,candidato estático; reachability no garantizada
system/libs/PEAR/DB/mssql.php,863,nullable implícito,candidato estático; reachability no garantizada
system/libs/PEAR/DB/mysql.php,252,mysql antiguo,candidato estático; reachability no garantizada
system/libs/PEAR/DB/mysql.php,264,mysql antiguo,candidato estático; reachability no garantizada
system/libs/PEAR/DB/mysql.php,283,mysql antiguo,candidato estático; reachability no garantizada
system/libs/PEAR/DB/mysql.php,310,mysql antiguo,candidato estático; reachability no garantizada
system/libs/PEAR/DB/mysql.php,316,mysql antiguo,candidato estático; reachability no garantizada
system/libs/PEAR/DB/mysql.php,317,mysql antiguo,candidato estático; reachability no garantizada
system/libs/PEAR/DB/mysql.php,325,mysql antiguo,candidato estático; reachability no garantizada
system/libs/PEAR/DB/mysql.php,327,mysql antiguo,candidato estático; reachability no garantizada
system/libs/PEAR/DB/mysql.php,381,mysql antiguo,candidato estático; reachability no garantizada
system/libs/PEAR/DB/mysql.php,386,mysql antiguo,candidato estático; reachability no garantizada
system/libs/PEAR/DB/mysql.php,391,mysql antiguo,candidato estático; reachability no garantizada
system/libs/PEAR/DB/mysql.php,428,mysql antiguo,candidato estático; reachability no garantizada
system/libs/PEAR/DB/mysql.php,449,mysql antiguo,candidato estático; reachability no garantizada
system/libs/PEAR/DB/mysql.php,474,mysql antiguo,candidato estático; reachability no garantizada
system/libs/PEAR/DB/mysql.php,512,mysql antiguo,candidato estático; reachability no garantizada
system/libs/PEAR/DB/mysql.php,516,mysql antiguo,candidato estático; reachability no garantizada
system/libs/PEAR/DB/mysql.php,517,mysql antiguo,candidato estático; reachability no garantizada
system/libs/PEAR/DB/mysql.php,538,mysql antiguo,candidato estático; reachability no garantizada
system/libs/PEAR/DB/mysql.php,542,mysql antiguo,candidato estático; reachability no garantizada
system/libs/PEAR/DB/mysql.php,543,mysql antiguo,candidato estático; reachability no garantizada
system/libs/PEAR/DB/mysql.php,565,mysql antiguo,candidato estático; reachability no garantizada
system/libs/PEAR/DB/mysql.php,598,mysql antiguo,candidato estático; reachability no garantizada
system/libs/PEAR/DB/mysql.php,794,mysql antiguo,candidato estático; reachability no garantizada
system/libs/PEAR/DB/mysql.php,796,mysql antiguo,candidato estático; reachability no garantizada
system/libs/PEAR/DB/mysql.php,886,mysql antiguo,candidato estático; reachability no garantizada
system/libs/PEAR/DB/mysql.php,889,mysql antiguo,candidato estático; reachability no garantizada
system/libs/PEAR/DB/mysql.php,890,mysql antiguo,candidato estático; reachability no garantizada
system/libs/PEAR/DB/mysql.php,903,mysql antiguo,candidato estático; reachability no garantizada
system/libs/PEAR/DB/mysql.php,929,mysql antiguo,candidato estático; reachability no garantizada
system/libs/PEAR/DB/mysql.php,938,mysql antiguo,candidato estático; reachability no garantizada
system/libs/PEAR/DB/mysql.php,968,mysql antiguo,candidato estático; reachability no garantizada
system/libs/PEAR/DB/mysql.php,977,mysql antiguo,candidato estático; reachability no garantizada
system/libs/PEAR/DB/mysql.php,978,mysql antiguo,candidato estático; reachability no garantizada
system/libs/PEAR/DB/mysql.php,979,mysql antiguo,candidato estático; reachability no garantizada
system/libs/PEAR/DB/mysql.php,980,mysql antiguo,candidato estático; reachability no garantizada
system/libs/PEAR/DB/mysql.php,981,mysql antiguo,candidato estático; reachability no garantizada
system/libs/PEAR/DB/mysql.php,993,mysql antiguo,candidato estático; reachability no garantizada
system/libs/PEAR/DB/storage.php,50,nullable implícito,candidato estático; reachability no garantizada
system/libs/PEAR/DB/storage.php,55,nullable implícito,candidato estático; reachability no garantizada
system/libs/PEAR/DB/storage.php,58,nullable implícito,candidato estático; reachability no garantizada
system/libs/PEAR/DB/storage.php,76,nullable implícito,candidato estático; reachability no garantizada
system/libs/PEAR/DB/sybase.php,830,nullable implícito,candidato estático; reachability no garantizada
system/libs/PEAR/Savant3/Error.php,40,nullable implícito,candidato estático; reachability no garantizada
system/libs/PEAR/Savant3/Error.php,79,nullable implícito,candidato estático; reachability no garantizada
system/libs/PEAR/Savant3/Filter.php,43,nullable implícito,candidato estático; reachability no garantizada
system/libs/PEAR/Savant3/Plugin.php,43,nullable implícito,candidato estático; reachability no garantizada
system/libs/PEAR/Savant3/resources/Savant3_Plugin_image.php,43,nullable implícito,candidato estático; reachability no garantizada
system/libs/PEAR/Savant3/resources/Savant3_Plugin_image.php,56,nullable implícito,candidato estático; reachability no garantizada
system/libs/PhpMailer/class.PHPMailer.php,243,nullable implícito,candidato estático; reachability no garantizada
system/libs/PhpMailer/class.PHPMailer.php,1523,ereg/split antiguo,candidato estático; reachability no garantizada
system/libs/PhpMailer/class.smtp.php,345,each eliminado,candidato estático; reachability no garantizada
system/libs/PhpMailer/class.smtp.php,372,each eliminado,candidato estático; reachability no garantizada
system/libs/PhpMailer/class.smtp.php,456,each eliminado,candidato estático; reachability no garantizada
system/libs/ProjectLibrary/Savant_php2.class.php,113,utf8 encode/decode,candidato estático; reachability no garantizada
system/libs/ProjectLibrary/SDO/Core/Application/FileManagement.class.php,27,nullable implícito,candidato estático; reachability no garantizada
system/libs/ProjectLibrary/SDO/Core/Application/Marcas.class.php,300,utf8 encode/decode,candidato estático; reachability no garantizada
system/libs/ProjectLibrary/SDO/Core/Application/Productos.class.php,300,utf8 encode/decode,candidato estático; reachability no garantizada
system/libs/ProjectLibrary/SDO/Core/Util/EntityManager.class.php,4,nullable implícito,candidato estático; reachability no garantizada
system/libs/Zend/Translate.php,58,nullable implícito,candidato estático; reachability no garantizada
system/libs/Zend/Loader/PluginLoader.php,72,nullable implícito,candidato estático; reachability no garantizada
system/libs/Zend/Locale/Data.php,63,nullable implícito,candidato estático; reachability no garantizada
system/libs/Zend/Locale/Math/Exception.php,37,nullable implícito,candidato estático; reachability no garantizada
system/libs/Zend/Locale/Math/Exception.php,38,nullable implícito,candidato estático; reachability no garantizada
system/libs/Zend/Locale/Math/Exception.php,39,nullable implícito,candidato estático; reachability no garantizada
system/libs/Zend/Translate/Adapter.php,35,nullable implícito,candidato estático; reachability no garantizada
system/libs/Zend/Translate/Adapter/Qt.php,40,nullable implícito,candidato estático; reachability no garantizada
system/libs/Zend/Translate/Adapter/Qt.php,41,nullable implícito,candidato estático; reachability no garantizada
system/libs/Zend/Translate/Adapter/Qt.php,42,nullable implícito,candidato estático; reachability no garantizada
system/libs/Zend/Translate/Adapter/Qt.php,43,nullable implícito,candidato estático; reachability no garantizada
system/libs/Zend/Translate/Adapter/Qt.php,44,nullable implícito,candidato estático; reachability no garantizada
system/libs/Zend/Translate/Adapter/Tbx.php,40,nullable implícito,candidato estático; reachability no garantizada
system/libs/Zend/Translate/Adapter/Tbx.php,41,nullable implícito,candidato estático; reachability no garantizada
system/libs/Zend/Translate/Adapter/Tbx.php,42,nullable implícito,candidato estático; reachability no garantizada
system/libs/Zend/Translate/Adapter/Tbx.php,44,nullable implícito,candidato estático; reachability no garantizada
system/libs/Zend/Translate/Adapter/Tmx.php,40,nullable implícito,candidato estático; reachability no garantizada
system/libs/Zend/Translate/Adapter/Tmx.php,41,nullable implícito,candidato estático; reachability no garantizada
system/libs/Zend/Translate/Adapter/Tmx.php,42,nullable implícito,candidato estático; reachability no garantizada
system/libs/Zend/Translate/Adapter/Tmx.php,43,nullable implícito,candidato estático; reachability no garantizada
system/libs/Zend/Translate/Adapter/Xliff.php,40,nullable implícito,candidato estático; reachability no garantizada
system/libs/Zend/Translate/Adapter/Xliff.php,41,nullable implícito,candidato estático; reachability no garantizada
system/libs/Zend/Translate/Adapter/Xliff.php,42,nullable implícito,candidato estático; reachability no garantizada
system/libs/Zend/Translate/Adapter/Xliff.php,43,nullable implícito,candidato estático; reachability no garantizada
system/libs/Zend/Translate/Adapter/Xliff.php,44,nullable implícito,candidato estático; reachability no garantizada
system/libs/Zend/Translate/Adapter/XmlTm.php,40,nullable implícito,candidato estático; reachability no garantizada
system/libs/Zend/Translate/Adapter/XmlTm.php,41,nullable implícito,candidato estático; reachability no garantizada
system/libs/Zend/Translate/Adapter/XmlTm.php,42,nullable implícito,candidato estático; reachability no garantizada
