source_page,source_family,linked_page,meaning
bft-resp.php,listado-estatico,barreras-estacionamiento-moovi50rm.php,asociación de navegación literal; no equivale a FK
bft-resp.php,listado-estatico,cortinas-enrollables-industriales.php,asociación de navegación literal; no equivale a FK
bft-resp.php,listado-estatico,puertas-rapidas-enrollables.php,asociación de navegación literal; no equivale a FK
bft.php,listado-marca,barreras-estacionamiento-moovi50rm.php,asociación de navegación literal; no equivale a FK
bft.php,listado-marca,icaro-smart.php,asociación de navegación literal; no equivale a FK
bft.php,listado-marca,lux-2b-y-lux-gv-piston-hidraulico-para-puerta-abatible.php,asociación de navegación literal; no equivale a FK
bft.php,listado-marca,p45-7-piston-hidraulico-para-puerta-abatible.php,asociación de navegación literal; no equivale a FK
bft.php,listado-marca,phobos-n-piston-electromecanico.php,asociación de navegación literal; no equivale a FK
bft.php,listado-marca,serie-x130-motor-para-cortina-oculto.php,asociación de navegación literal; no equivale a FK
blindadas.php,listado-estatico,puertas-blindadas.php,asociación de navegación literal; no equivale a FK
blue-giant.php,listado-marca,barreras-estacionamiento-moovi50rm.php,asociación de navegación literal; no equivale a FK
blue-giant.php,listado-marca,cortinas-enrollables-industriales.php,asociación de navegación literal; no equivale a FK
blue-giant.php,listado-marca,puertas-rapidas-enrollables.php,asociación de navegación literal; no equivale a FK
blue-giant.php,listado-marca,rampa-niveladora-mecanica-blue-giant.php,asociación de navegación literal; no equivale a FK
blue-giant.php,listado-marca,retenedor-de-vehiculos.php,asociación de navegación literal; no equivale a FK
blue-giant.php,listado-marca,shelter-abrigo-estacionario-blue-giant.php,asociación de navegación literal; no equivale a FK
centros-comerciales.php,listado-estatico,barreras-estacionamiento-moovi50rm.php,asociación de navegación literal; no equivale a FK
centros-comerciales.php,listado-estatico,cortina-europea.php,asociación de navegación literal; no equivale a FK
centros-comerciales.php,listado-estatico,cortina-plana.php,asociación de navegación literal; no equivale a FK
centros-comerciales.php,listado-estatico,cortina-serie-600.php,asociación de navegación literal; no equivale a FK
centros-comerciales.php,listado-estatico,cortinas-ventiladas-685.php,asociación de navegación literal; no equivale a FK
centros-comerciales.php,listado-estatico,puerta-estandar-reforzada.php,asociación de navegación literal; no equivale a FK
centros-comerciales.php,listado-estatico,puerta-estandar.php,asociación de navegación literal; no equivale a FK
centros-comerciales.php,listado-estatico,puerta-holandesa.php,asociación de navegación literal; no equivale a FK
centros-comerciales.php,listado-estatico,puerta-y-fijos-louver.php,asociación de navegación literal; no equivale a FK
centros-comerciales.php,listado-estatico,puertas-blindadas.php,asociación de navegación literal; no equivale a FK
centros-comerciales.php,listado-estatico,puertas-contra-incendio.php,asociación de navegación literal; no equivale a FK
clopay.php,listado-marca,coleccion-modern-steel.php,asociación de navegación literal; no equivale a FK
clopay.php,listado-marca,energy-series-with-intellicore-37171-3-4.php,asociación de navegación literal; no equivale a FK
clopay.php,listado-marca,energy-series-with-intellicore-3720-3724-3722.php,asociación de navegación literal; no equivale a FK
clopay.php,listado-marca,puerta-de-acero-acanalado-modelos-524.php,asociación de navegación literal; no equivale a FK
comercial.php,listado-estatico,centros-comerciales.php,asociación de navegación literal; no equivale a FK
comercial.php,listado-estatico,estacionamientos.php,asociación de navegación literal; no equivale a FK
comercial.php,listado-estatico,fraccionamientos-y-condominios.php,asociación de navegación literal; no equivale a FK
comercial.php,listado-estatico,receptor-para-control-vehiculos.php,asociación de navegación literal; no equivale a FK
contra-exposion.php,listado-estatico,puerta-contra-explosion.php,asociación de navegación literal; no equivale a FK
contra-incendio.php,listado-estatico,puertas-contra-incendio.php,asociación de navegación literal; no equivale a FK
cortinas-enrollables-industriales.php,listado-estatico,cortina-de-seguridad-670.php,asociación de navegación literal; no equivale a FK
cortinas-enrollables-industriales.php,listado-estatico,cortina-de-seguridad-671.php,asociación de navegación literal; no equivale a FK
cortinas-enrollables-industriales.php,listado-estatico,cortina-en-aluminio-serie-511-521.php,asociación de navegación literal; no equivale a FK
cortinas-enrollables-industriales.php,listado-estatico,cortina-europea.php,asociación de navegación literal; no equivale a FK
cortinas-enrollables-industriales.php,listado-estatico,cortina-plana.php,asociación de navegación literal; no equivale a FK
cortinas-enrollables-industriales.php,listado-estatico,cortina-serie-600.php,asociación de navegación literal; no equivale a FK
cortinas-enrollables-industriales.php,listado-estatico,cortina-serie-610.php,asociación de navegación literal; no equivale a FK
cortinas-enrollables-industriales.php,listado-estatico,cortina-serie-620.php,asociación de navegación literal; no equivale a FK
cortinas-enrollables-industriales.php,listado-estatico,cortina-serie-625.php,asociación de navegación literal; no equivale a FK
cortinas-enrollables-industriales.php,listado-estatico,cortina-serie-630.php,asociación de navegación literal; no equivale a FK
cortinas-enrollables-industriales.php,listado-estatico,cortina-serie-790-cw.php,asociación de navegación literal; no equivale a FK
cortinas-enrollables-industriales.php,listado-estatico,cortinas-ventiladas-685.php,asociación de navegación literal; no equivale a FK
cortinas-enrollables-industriales.php,listado-estatico,fire-rated-doors-firestar-models-700-700c.php,asociación de navegación literal; no equivale a FK
cortinas-enrollables-industriales.php,listado-estatico,vertigo.php,asociación de navegación literal; no equivale a FK
dockman.php,listado-marca,cortina-europea.php,asociación de navegación literal; no equivale a FK
dockman.php,listado-marca,cortina-plana.php,asociación de navegación literal; no equivale a FK
dockman.php,listado-marca,labio-de-elevacion-mecanico-dockman.php,asociación de navegación literal; no equivale a FK
dockman.php,listado-marca,puertas-industriales-dockman.php,asociación de navegación literal; no equivale a FK
dockman.php,listado-marca,rampas-de-anden-hidraulicas.php,asociación de navegación literal; no equivale a FK
dockman.php,listado-marca,rampas-de-anden-mecanicas.php,asociación de navegación literal; no equivale a FK
dockman.php,listado-marca,sellos-de-anden.php,asociación de navegación literal; no equivale a FK
doorlock.php,listado-marca,accesorios.php,asociación de navegación literal; no equivale a FK
doorlock.php,listado-marca,puerta-contra-explosion.php,asociación de navegación literal; no equivale a FK
doorlock.php,listado-marca,puerta-estandar-reforzada.php,asociación de navegación literal; no equivale a FK
doorlock.php,listado-marca,puerta-estandar.php,asociación de navegación literal; no equivale a FK
doorlock.php,listado-marca,puerta-holandesa.php,asociación de navegación literal; no equivale a FK
doorlock.php,listado-marca,puerta-para-hospital.php,asociación de navegación literal; no equivale a FK
doorlock.php,listado-marca,puerta-y-fijos-louver.php,asociación de navegación literal; no equivale a FK
doorlock.php,listado-marca,puertas-blindadas.php,asociación de navegación literal; no equivale a FK
doorlock.php,listado-marca,puertas-contra-incendio.php,asociación de navegación literal; no equivale a FK
doorlock.php,listado-marca,puertas-contra-rayos-x.php,asociación de navegación literal; no equivale a FK
equipos-y-accesorios-para-anden-de-carga.php,listado-estatico,labio-elevacion-anden-carga.php,asociación de navegación literal; no equivale a FK
equipos-y-accesorios-para-anden-de-carga.php,listado-estatico,rampa-niveladora.php,asociación de navegación literal; no equivale a FK
equipos-y-accesorios-para-anden-de-carga.php,listado-estatico,retenedores-de-vehiculos.php,asociación de navegación literal; no equivale a FK
equipos-y-accesorios-para-anden-de-carga.php,listado-estatico,sellos-para-anden.php,asociación de navegación literal; no equivale a FK
equipos-y-accesorios-para-anden-de-carga.php,listado-estatico,semaforos-senalizaciones-para-anden.php,asociación de navegación literal; no equivale a FK
estacionamientos.php,listado-estatico,barreras-estacionamiento-moovi50rm.php,asociación de navegación literal; no equivale a FK
estacionamientos.php,listado-estatico,icaro-smart.php,asociación de navegación literal; no equivale a FK
fraccionamientos-y-condominios.php,listado-estatico,barreras-estacionamiento-moovi50rm.php,asociación de navegación literal; no equivale a FK
fraccionamientos-y-condominios.php,listado-estatico,icaro-smart.php,asociación de navegación literal; no equivale a FK
glg-porte-industriali.php,listado-marca,kronos-puertas-rapidas-de-sectores-modulares-autorreparable.php,asociación de navegación literal; no equivale a FK
glg-porte-industriali.php,listado-marca,rolli-zip.php,asociación de navegación literal; no equivale a FK
glg-porte-industriali.php,listado-marca,vertigo.php,asociación de navegación literal; no equivale a FK
industrial.php,listado-estatico,cortinas-enrollables-industriales.php,asociación de navegación literal; no equivale a FK
industrial.php,listado-estatico,operadores-para-puerta-corrediza-industrial.php,asociación de navegación literal; no equivale a FK
industrial.php,listado-estatico,operadores-puerta-abatible-industrial.php,asociación de navegación literal; no equivale a FK
industrial.php,listado-estatico,operadores-puertas-seccionales-cortinas.php,asociación de navegación literal; no equivale a FK
industrial.php,listado-estatico,puertas-rapidas.php,asociación de navegación literal; no equivale a FK
industrial.php,listado-estatico,puertas-seccionales-industriales.php,asociación de navegación literal; no equivale a FK
industrial.php,listado-estatico,tiras-plasticas.php,asociación de navegación literal; no equivale a FK
infraca-quality-doors.php,listado-marca,rapida-apilable.php,asociación de navegación literal; no equivale a FK
infraca-quality-doors.php,listado-marca,rapida-enrollable-industrial.php,asociación de navegación literal; no equivale a FK
kelley.php,listado-marca,rampas-de-anden-hidraulicas-kelley.php,asociación de navegación literal; no equivale a FK
kelley.php,listado-marca,star4-vehicle-restraint.php,asociación de navegación literal; no equivale a FK
labio-elevacion-anden-carga.php,listado-estatico,labio-de-elevacion-mecanico-dockman.php,asociación de navegación literal; no equivale a FK
lift-master.php,listado-marca,lift-master-mod-h.php,asociación de navegación literal; no equivale a FK
operadores-para-puerta-abatible.php,listado-estatico,accesspro-fs1000speed.php,asociación de navegación literal; no equivale a FK
operadores-para-puerta-abatible.php,listado-estatico,lux-2b-y-lux-gv-piston-hidraulico-para-puerta-abatible.php,asociación de navegación literal; no equivale a FK
operadores-para-puerta-abatible.php,listado-estatico,p45-7-piston-hidraulico-para-puerta-abatible.php,asociación de navegación literal; no equivale a FK
operadores-para-puerta-abatible.php,listado-estatico,phobos-n-piston-electromecanico.php,asociación de navegación literal; no equivale a FK
operadores-para-puerta-corrediza-industrial.php,listado-estatico,icaro-smart.php,asociación de navegación literal; no equivale a FK
operadores-para-puerta-corrediza-industrial.php,listado-estatico,operador-para-perfilados-comerciales-jst.php,asociación de navegación literal; no equivale a FK
operadores-para-puerta-corrediza-industrial.php,listado-estatico,operador-para-perfilados-comerciales-sel.php,asociación de navegación literal; no equivale a FK
operadores-para-puertas-ascendentes.php,listado-estatico,accesspro-fs1000speed.php,asociación de navegación literal; no equivale a FK
operadores-para-puertas-corredizas-residenciales.php,listado-estatico,accesspro-fs1000speed.php,asociación de navegación literal; no equivale a FK
operadores-puerta-abatible-industrial.php,listado-estatico,lux-2b-y-lux-gv-piston-hidraulico-para-puerta-abatible.php,asociación de navegación literal; no equivale a FK
operadores-puerta-abatible-industrial.php,listado-estatico,p45-7-piston-hidraulico-para-puerta-abatible.php,asociación de navegación literal; no equivale a FK
operadores-puertas-seccionales-cortinas.php,listado-estatico,lift-master-mod-h.php,asociación de navegación literal; no equivale a FK
operadores-puertas-seccionales-cortinas.php,listado-estatico,operador-comercial-rhx.php,asociación de navegación literal; no equivale a FK
operadores-puertas-seccionales-cortinas.php,listado-estatico,operador-para-cortina-enrrollable-rsx.php,asociación de navegación literal; no equivale a FK
operadores-puertas-seccionales-cortinas.php,listado-estatico,operador-para-perfilados-comerciales-sel.php,asociación de navegación literal; no equivale a FK
operadores-puertas-seccionales-cortinas.php,listado-estatico,operadores-para-puertas-de-mostrador-cdo.php,asociación de navegación literal; no equivale a FK
operadores-puertas-seccionales-cortinas.php,listado-estatico,serie-x130-motor-para-cortina-oculto.php,asociación de navegación literal; no equivale a FK
overhead-door.php,listado-marca,coleccion-classic.php,asociación de navegación literal; no equivale a FK
overhead-door.php,listado-marca,coleccion-modern-steel.php,asociación de navegación literal; no equivale a FK
overhead-door.php,listado-marca,cortina-en-aluminio-serie-511-521.php,asociación de navegación literal; no equivale a FK
overhead-door.php,listado-marca,cortina-serie-600.php,asociación de navegación literal; no equivale a FK
overhead-door.php,listado-marca,cortina-serie-620.php,asociación de navegación literal; no equivale a FK
overhead-door.php,listado-marca,cortina-serie-625.php,asociación de navegación literal; no equivale a FK
overhead-door.php,listado-marca,cortina-serie-630.php,asociación de navegación literal; no equivale a FK
overhead-door.php,listado-marca,operador-comercial-rhx.php,asociación de navegación literal; no equivale a FK
overhead-door.php,listado-marca,puerta-seccional-de-acero-thermacore-serie-592.php,asociación de navegación literal; no equivale a FK
overhead-door.php,listado-marca,q-silent-max-eagle-3-4-hp.php,asociación de navegación literal; no equivale a FK
puerta-contra-incendio.php,listado-estatico,puerta-contra-explosion.php,asociación de navegación literal; no equivale a FK
puerta-contra-incendio.php,listado-estatico,puertas-blindadas.php,asociación de navegación literal; no equivale a FK
puerta-contra-incendio.php,listado-estatico,puertas-contra-incendio.php,asociación de navegación literal; no equivale a FK
puertas-peatonales-estandar-y-reforzada.php,listado-estatico,puerta-estandar-reforzada.php,asociación de navegación literal; no equivale a FK
puertas-peatonales-estandar-y-reforzada.php,listado-estatico,puerta-estandar.php,asociación de navegación literal; no equivale a FK
puertas-peatonales-hospitales.php,listado-estatico,puerta-para-hospital.php,asociación de navegación literal; no equivale a FK
puertas-peatonales-hospitales.php,listado-estatico,puertas-contra-rayos-x.php,asociación de navegación literal; no equivale a FK
puertas-peatonales-rayos-x.php,listado-estatico,puertas-contra-rayos-x.php,asociación de navegación literal; no equivale a FK
puertas-peatonales-tipo-holandesa.php,listado-estatico,puerta-holandesa.php,asociación de navegación literal; no equivale a FK
puertas-rapidas.php,listado-estatico,fast-seal-high-performance-door.php,asociación de navegación literal; no equivale a FK
puertas-rapidas.php,listado-estatico,kronos-puertas-rapidas-de-sectores-modulares-autorreparable.php,asociación de navegación literal; no equivale a FK
puertas-rapidas.php,listado-estatico,predadoor-nxt-door.php,asociación de navegación literal; no equivale a FK
puertas-rapidas.php,listado-estatico,rapida-apilable.php,asociación de navegación literal; no equivale a FK
puertas-rapidas.php,listado-estatico,rapida-enrollable-industrial.php,asociación de navegación literal; no equivale a FK
puertas-rapidas.php,listado-estatico,rolli-zip.php,asociación de navegación literal; no equivale a FK
puertas-salida-emergencia.php,listado-estatico,puerta-estandar-reforzada.php,asociación de navegación literal; no equivale a FK
puertas-salida-emergencia.php,listado-estatico,puerta-estandar.php,asociación de navegación literal; no equivale a FK
puertas-salida-emergencia.php,listado-estatico,puerta-holandesa.php,asociación de navegación literal; no equivale a FK
puertas-salida-emergencia.php,listado-estatico,puerta-y-fijos-louver.php,asociación de navegación literal; no equivale a FK
puertas-salida-emergencia.php,listado-estatico,puertas-contra-incendio.php,asociación de navegación literal; no equivale a FK
puertas-seccionales-industriales.php,listado-estatico,energy-series-with-intellicore-37171-3-4.php,asociación de navegación literal; no equivale a FK
puertas-seccionales-industriales.php,listado-estatico,energy-series-with-intellicore-3720-3724-3722.php,asociación de navegación literal; no equivale a FK
puertas-seccionales-industriales.php,listado-estatico,puert-seccional-de-acero-sin-aislamiento-430-uso-medio.php,asociación de navegación literal; no equivale a FK
puertas-seccionales-industriales.php,listado-estatico,puerta-de-acero-acanalado-modelos-524.php,asociación de navegación literal; no equivale a FK
puertas-seccionales-industriales.php,listado-estatico,puerta-seccionabl-acero-perfiles-422-uso-pesado.php,asociación de navegación literal; no equivale a FK
puertas-seccionales-industriales.php,listado-estatico,puerta-seccional-de-acero-perfiles-418.php,asociación de navegación literal; no equivale a FK
puertas-seccionales-industriales.php,listado-estatico,puerta-seccional-de-acero-perfiles-432-uso-medio.php,asociación de navegación literal; no equivale a FK
puertas-seccionales-industriales.php,listado-estatico,puerta-seccional-de-acero-sin-aislamiento-416-uso-muy-pesado.php,asociación de navegación literal; no equivale a FK
puertas-seccionales-industriales.php,listado-estatico,puerta-seccional-de-acero-sin-aislamiento-424-uso-pesado.php,asociación de navegación literal; no equivale a FK
puertas-seccionales-industriales.php,listado-estatico,puerta-seccional-de-acero-thermacore-593-uso-medio.php,asociación de navegación literal; no equivale a FK
puertas-seccionales-industriales.php,listado-estatico,puerta-seccional-de-acero-thermacore-594-uso-medio.php,asociación de navegación literal; no equivale a FK
puertas-seccionales-industriales.php,listado-estatico,puerta-seccional-de-acero-thermacore-599-uso-muy-pesado.php,asociación de navegación literal; no equivale a FK
puertas-seccionales-industriales.php,listado-estatico,puerta-seccional-de-acero-thermacore-serie-592.php,asociación de navegación literal; no equivale a FK
puertas-seccionales-industriales.php,listado-estatico,puertas-industriales-dockman.php,asociación de navegación literal; no equivale a FK
puertas-seccionales-industriales.php,listado-estatico,puertas-seccionales-de-acero-aisladas-thermospan.php,asociación de navegación literal; no equivale a FK
puertas-seccionales-industriales.php,listado-estatico,puertas-seccionales-de-acero-modelo-2415.php,asociación de navegación literal; no equivale a FK
puertas-seccionales-industriales.php,listado-estatico,puertas-seccionales-de-acero-perfiles-426.php,asociación de navegación literal; no equivale a FK
puertas-seccionales-industriales.php,listado-estatico,puertas-seccionales-de-acero-sin-aislamiento-420-uso-pesado.php,asociación de navegación literal; no equivale a FK
puertas-seccionales-industriales.php,listado-estatico,puertas-seccionales-de-acero-thermacore-598-uso-liviano.php,asociación de navegación literal; no equivale a FK
puertas-seccionales-industriales.php,listado-estatico,puertas-seccionales-de-aluminio-521.php,asociación de navegación literal; no equivale a FK
puertas-y-fijos-louver.php,listado-estatico,puerta-holandesa.php,asociación de navegación literal; no equivale a FK
puertas-y-fijos-louver.php,listado-estatico,puerta-y-fijos-louver.php,asociación de navegación literal; no equivale a FK
puertasresidenciales.php,listado-estatico,coleccion-classic.php,asociación de navegación literal; no equivale a FK
puertasresidenciales.php,listado-estatico,coleccion-modern-steel.php,asociación de navegación literal; no equivale a FK
rampa-niveladora.php,listado-estatico,rampa-niveladora-mecanica-blue-giant.php,asociación de navegación literal; no equivale a FK
rampa-niveladora.php,listado-estatico,rampas-de-anden-hidraulicas-kelley.php,asociación de navegación literal; no equivale a FK
rampa-niveladora.php,listado-estatico,rampas-de-anden-hidraulicas.php,asociación de navegación literal; no equivale a FK
rampa-niveladora.php,listado-estatico,rampas-de-anden-mecanicas.php,asociación de navegación literal; no equivale a FK
receptor-para-control-vehiculos.php,listado-estatico,accesorios.php,asociación de navegación literal; no equivale a FK
residencial.php,listado-estatico,operadores-para-puerta-abatible.php,asociación de navegación literal; no equivale a FK
residencial.php,listado-estatico,operadores-para-puertas-ascendentes.php,asociación de navegación literal; no equivale a FK
residencial.php,listado-estatico,operadores-para-puertas-corredizas-residenciales.php,asociación de navegación literal; no equivale a FK
residencial.php,listado-estatico,puertasresidenciales.php,asociación de navegación literal; no equivale a FK
retenedores-de-vehiculos.php,listado-estatico,retenedor-de-vehiculos.php,asociación de navegación literal; no equivale a FK
retenedores-de-vehiculos.php,listado-estatico,retenedor-vehiculos-hvr303.php,asociación de navegación literal; no equivale a FK
retenedores-de-vehiculos.php,listado-estatico,star4-vehicle-restraint.php,asociación de navegación literal; no equivale a FK
rytec.php,listado-marca,fast-seal-high-performance-door.php,asociación de navegación literal; no equivale a FK
rytec.php,listado-marca,predadoor-nxt-door.php,asociación de navegación literal; no equivale a FK
sellos-para-anden.php,listado-estatico,sellos-de-anden.php,asociación de navegación literal; no equivale a FK
sellos-para-anden.php,listado-estatico,sellos-nacionales.php,asociación de navegación literal; no equivale a FK
sellos-para-anden.php,listado-estatico,sellos-para-anden-shelter-de-soporte-flexible.php,asociación de navegación literal; no equivale a FK
sellos-para-anden.php,listado-estatico,shelter-abrigo-estacionario-blue-giant.php,asociación de navegación literal; no equivale a FK
wayne-dalton.php,listado-marca,coleccion-modern-steel.php,asociación de navegación literal; no equivale a FK
wayne-dalton.php,listado-marca,fire-rated-doors-firestar-models-700-700c.php,asociación de navegación literal; no equivale a FK
wayne-dalton.php,listado-marca,puertas-seccionales-de-acero-aisladas-thermospan-modelo-150.php,asociación de navegación literal; no equivale a FK
wayne-dalton.php,listado-marca,puertas-seccionales-de-acero-modelo-2415.php,asociación de navegación literal; no equivale a FK
