file,family,tag_count,ordered_tag_sha256,includes
1500-revolving-door.php,detalle-estatico,72,47cefce30b03add063144b6ee5eca2be1fb2dedd98a560c975a1879e7b3e6038,header.php | menu-soluciones.php | footer.php
accesorios.php,detalle-estatico,42,7ee82dc5ff09e15b54d2f31707a55bbf9f396b570187b1c07453e6d8e0c3cb47,header.php | menu-seccionales.php | footer.php
accesspro-fs1000speed.php,detalle-estatico,62,443c5a19f64ee859c06c9d88d2f7f0a6adbf989aeff12e4522fc81af3a990382,header.php | menu-soluciones.php | footer.php
automatismos-para-cancelas-cubic.php,detalle-estatico,47,f0ae8dd7adc0a74618a076530ae8b357c1697e025994f61298613fb8cfab07fc,header.php | menu-soluciones.php | footer.php
barreras-estacionamiento-moovi50rm.php,detalle-estatico,112,1e52f52468d7368b0c5c12b26fce1bb5d080550fd7dfc759c50d6101482d41b9,header.php | menu-soluciones.php | footer.php
bft-resp.php,listado-estatico,154,fb8595e60b481cc3b49e6c6872a8f791621036ec43486ecc822e6f0747c1dfc1,header.php | footer.php
bft.php,listado-marca,156,47ebcc86eb64990332db449d8c918182da65af4103a3a744ac15f78004972f9d,header.php | menu-marcas.php | footer.php
bix-al-antena-externa-433-mhz.php,detalle-estatico,37,c54801227bab7717a5d32d4c2c6c64bc9fbd989a041719d0790171fc47ef6db5,header.php | menu-soluciones.php | footer.php
blindadas.php,listado-estatico,49,c4c8f9e11bd450de6c2cc97eafcf51bf6d554f512deda5d1b11fd8120a7fcd8f,header.php | footer.php
blue-giant.php,listado-marca,247,778ac75858ee0471b734feabb09912527c022ad5dc65c9db58388a17b0c7bd67,header.php | menu-marcas.php | footer.php | footer.php
categorias.php,controlador-categorias,0,e3b0c44298fc1c149afbf4c8996fb92427ae41e4649b934ca495991b7852b855,system/common.php
centros-comerciales.php,listado-estatico,261,7122c6e9917fb842b0cbc8ed9275b4eaddae7b1e15369dec9c6b86af01838a90,header.php | menu-soluciones.php | footer.php
clopay.php,listado-marca,114,5f792cfcfe9d0a17743d6946f94e0c0f4008233a3cf3f81d2b0666e17660515a,header.php | menu-marcas.php | footer.php
coleccion-classic.php,detalle-estatico,57,2704a7fcd03cb1721fb7eed2432950b8a348c96d35d11848e7cf6ccb0a75af17,header.php | menu-soluciones.php | footer.php
coleccion-modern-steel.php,detalle-estatico,77,5caf6fbb7b326c50b0d107d36460193ee8d61acfa2112e5d782114bfd013cc04,header.php | menu-seccionales.php | footer.php
com-programadores-digitales-y-rotativos.php,detalle-estatico,33,8d8a1c279c00f6f3ba4372967b3a9614076b295913b44ebb4c1420fd1ce98d81,header.php | menu-soluciones.php | footer.php
comercial.php,listado-estatico,112,7769c924258b811d5f6348f298d667d088b07fa9869e6835345ad9b4d3138c01,header.php | footer.php
contacto.php,contacto,116,66d7ce1b907d5cd7c1a0df810290f2db0abea1ffe755929a0326132ac75f1494,headerv1.php | enviaContacto.php | footer.php
contra-exposion.php,listado-estatico,49,c4c8f9e11bd450de6c2cc97eafcf51bf6d554f512deda5d1b11fd8120a7fcd8f,header.php | footer.php
contra-incendio.php,listado-estatico,49,c4c8f9e11bd450de6c2cc97eafcf51bf6d554f512deda5d1b11fd8120a7fcd8f,header.php | footer.php
cortina-de-seguridad-670.php,detalle-estatico,65,fcaf06007ecf50f9a93c14f646c9cd3d28f125a5c0fb0d4d9d5d62064c48f91f,header.php | menu-seccionales.php | footer.php
cortina-de-seguridad-671.php,detalle-estatico,64,73d895bb28447059a41f8f7de09dcfff12f552a0f0deb15d5edde60da598f203,header.php | menu-seccionales.php | footer.php
cortina-en-aluminio-serie-511-521.php,detalle-estatico,40,b35ae3caac930836b51cf0c72a056e8bc1a21f0a5495d06b32361522b21ac169,header.php | menu-seccionales.php | footer.php
cortina-europea.php,detalle-estatico,50,ab9d5ea216a2b9c63a6c58616e23a0815f75edb4f970a345745b1f0ec7fd58a8,header.php | menu-seccionales.php | footer.php
cortina-plana.php,detalle-estatico,48,79e684a81b5b85b49a9419681cf46c6361f5c95d22af308eaa2622c20388fafb,header.php | menu-soluciones.php | footer.php
cortina-serie-600.php,detalle-estatico,115,6dc696e45fa30df8855ab68a513f59f923c7d4af10c09d69d2c0c1a9c96d13a6,header.php | menu-seccionales.php | footer.php
cortina-serie-610.php,detalle-estatico,117,03710b433e14eb9835d4f8980b870c94c2e84d968ae8e359de38343a4fdaf630,header.php | menu-seccionales.php | footer.php
cortina-serie-620.php,detalle-estatico,132,236ffd381041a56230e484138ce9052fef5b98b74e91eb08e96b9e075ec3a841,header.php | menu-seccionales.php | footer.php
cortina-serie-625.php,detalle-estatico,43,b6a58d9664d8df94660d8ad45e87587939c90a13518acb1ee8c825ab9904c301,header.php | menu-seccionales.php | footer.php
cortina-serie-630.php,detalle-estatico,88,eda0604cbb4e6543234b7602659dfac5a2e12f1e238dd0c78547835b5615b50a,header.php | menu-seccionales.php | footer.php
cortina-serie-790-cw.php,detalle-estatico,127,6abba59a443f5488a069aefddc246d92ab5f50dc0198ff7785fb69b7aa19b2a4,header.php | menu-seccionales.php | footer.php
cortinas-enrollables-de-aluminio.php,detalle-estatico,41,3c4924ae108452a3e6575612ee026b15318f55bed34c9d38ec0de4fc2eb7a1b7,header.php | menu-soluciones.php | footer.php
cortinas-enrollables-industriales.php,listado-estatico,322,0340682ac7016e33106145d3e69bf7725b813e28868f0a65e13adff9b4b066a5,header.php | footer.php
cortinas-ventiladas-685.php,detalle-estatico,124,12801ace8fbbdcefdfe4c93a9db41d78e6fd39003e0c5aa5aeb0a98fbb042426,header.php | menu-seccionales.php | footer.php
cross-3e.php,detalle-estatico,48,46b9cb77198696b1447a72af62a772249ec128199b9bbb705530efb38ca57221,header.php | menu-seccionales.php | footer.php
detector-de-masas-max-eagle.php,detalle-estatico,39,4510c76ba4cd3aebbadeba0e8c0842438d98b83dbbf8a0c166250aaf8a18b3a5,header.php | menu-soluciones.php | footer.php
ditec-neos-y-neos.php,detalle-estatico,58,8a3b5118c00c32265c4685361d148b89fc0646747c8b4c26af4e4465fb804e5b,header.php | menu-seccionales.php | footer.php
dockman.php,listado-marca,178,7c1ee1ff98e7fd22f9674807b582d9fb5bd28fec8b2459acde0fb4ce496a3042,header.php | menu-marcas.php | footer.php
dod-automatizacion-compacto-y-potente-para-portones-seccionales-correderos-y-enrollables.php,detalle-estatico,52,11f4150f73e0de918463ac8083ca64063517fea05b540faecce625c531802369,header.php | menu-soluciones.php | footer.php
doorlock.php,listado-marca,240,c5b491305c7da3a390b358e9de03c6b5c6b5ac7932f5840a2d6d214b6269b347,header.php | menu-marcas.php | footer.php
dura-glide-20003000-puerta.php,detalle-estatico,74,aa39a671b048f43a3123b6811f9bdb357c7fb8c0963fc73c5b91849cef3d5679,header.php | menu-soluciones.php | footer.php
energy-series-with-intellicore-37171-3-4.php,detalle-estatico,78,49775b091c3d9e9c833f0525df944cd33fb0f77dd506c1a5cb1e5c58b63497b6,header.php | menu-seccionales.php | footer.php
energy-series-with-intellicore-3720-3724-3722.php,detalle-estatico,75,5d3ba7b8eca02beb01c6cbfc2b2397c3c445a6c18d28b284bab34b8f4b070618,header.php | menu-seccionales.php | footer.php
equipos-y-accesorios-para-anden-de-carga.php,listado-estatico,135,119d99193cfa80264677f85c3f7a3eed52c0dc8ce9563d12bcb06b904852b9d5,header.php | menu-soluciones.php | footer.php
estacionamientos.php,listado-estatico,72,62a11a5b0c371b549c982d01e1854e43dc6d7ebe5a5911c439462e185fcb39cc,header.php | menu-soluciones.php | footer.php
fast-seal-high-performance-door.php,detalle-estatico,68,5afa65846f7efe4d28b1a264ca2e2c80d0c9c284e7ceb14ea49ee8ef786a182c,header.php | menu-seccionales.php | footer.php
fire-rated-doors-firestar-models-700-700c.php,detalle-estatico,93,63c64e42c7ba54469511825c072e484923389cf9fc41e4e26b8c497af283515e,header.php | menu-seccionales.php | footer.php
fotoceldas.php,detalle-estatico,38,62c5cc7d9c67e33f3ee323d2c3f9340cc5015b7e80d3689f0148c6aaf77d362e,header.php | menu-soluciones.php | footer.php
fraccionamientos-y-condominios.php,listado-estatico,72,62a11a5b0c371b549c982d01e1854e43dc6d7ebe5a5911c439462e185fcb39cc,header.php | menu-soluciones.php | footer.php
glg-porte-industriali.php,listado-marca,93,2c6b306b92189fff2c73fd1576eb9320ba8261bd556f143bdfcd1e680621d676,header.php | menu-marcas.php | footer.php
gol-transmisores-de-cuatro-canales.php,detalle-estatico,50,33307b7dbfd0658be35c14ae097f2f8020f4ff02b593cda2fe78039d8f538276,header.php | menu-soluciones.php | footer.php
icaro-smart.php,detalle-estatico,47,12e9cd7a2231900a55631c536e44cbfd961626f734f14f268c11ddfcb8e73052,header.php | menu-seccionales.php | footer.php
index-estatico.php,inicio,526,2ce069b12cfe96196b89200341ceb218e1538856efbbe9af647087a2755ea3e6,header.php | iconos-marcas.php | footer.php
index-resp.php,inicio,489,a0a6b6d731f01685c0518445bbf11499a3db6e54179d057ed37c9c0f02f47004,header.php | footer.php
index.php,inicio,412,f9974aa7b7381a3bbdbecf5b13ce5c2ea736f7cf0cfaca77b67d3afacab0f10e,headerv1.php | iconos-marcasv1.php | footerv1.php
industrial.php,listado-estatico,175,a1fba425a47259d42a4bc6fb003ecc7e92a195f16c9f964e074869ba0515cbcd,header.php | footer.php
infraca-quality-doors.php,listado-marca,72,62a11a5b0c371b549c982d01e1854e43dc6d7ebe5a5911c439462e185fcb39cc,header.php | menu-marcas.php | footer.php
kelley.php,listado-marca,72,62a11a5b0c371b549c982d01e1854e43dc6d7ebe5a5911c439462e185fcb39cc,header.php | menu-marcas.php | footer.php
kronos-puertas-rapidas-de-sectores-modulares-autorreparable.php,detalle-estatico,104,65449e0a671439ddbb1a26044cc5e4e49eb1ff51e96b86b0278a6b060b550f4b,header.php | menu-seccionales.php | footer.php
lab-4-fotocelulas-de-rayos-infrarrojos.php,detalle-estatico,37,98260a8f565c6567cfc639d92f8261bd466a3f74583e16a3ebed716677703a30,header.php | menu-soluciones.php | footer.php
lab-9-detectores-de-volumen-de-metal-loop.php,detalle-estatico,35,edfd29ebb504b7e8400ef7b242207cee539d6c60398aa311c3234c63ecbdfc91,header.php | menu-soluciones.php | footer.php
labio-de-elevacion-mecanico-dockman.php,detalle-estatico,55,c10621de725ba7f8b3e702f6a0dc15ccd670a86f52bb6243e4e35a64e2ffc276,header.php | menu-seccionales.php | footer.php
labio-elevacion-anden-carga.php,listado-estatico,49,c4c8f9e11bd450de6c2cc97eafcf51bf6d554f512deda5d1b11fd8120a7fcd8f,header.php | footer.php
lan-4-sistema-de-teclado-con-combinacion-digital.php,detalle-estatico,48,c9934cafedd3cbefbc4b1544137de87e2f1e8d7bcdc07938ba9aec7004b2b31b,header.php | menu-soluciones.php | footer.php
lan-7-sistema-de-mando-de-proximidad-de-tarjetas-con-tecnologia-transponder.php,detalle-estatico,38,ce9817a2d28fa948f2ec49bc6dcdebdf6f3965740b9802c22245552634bdc2f7,header.php | menu-soluciones.php | footer.php
lift-master-mod-h.php,detalle-estatico,125,c3b6352792995c9be74bc5b03be7e9dd849fa025f9ab28747cbc84d49134cfb8,header.php | menu-seccionales.php | footer.php
lift-master.php,listado-marca,51,b52a40ec777d97d09bd015d0d7d7e1ec5ba42902b89869227fe75566c6d23ac3,header.php | menu-marcas.php | footer.php
liftmaster-modh.php,detalle-estatico,120,1296a7b52a47bedfac5c6e2c0fd4d752a373d070765f8773850bb63784a3fa61,header.php | menu-seccionales.php | footer.php
light-communication-system-lcs.php,detalle-estatico,43,f5e1fbb35aaebe7a6f217821e383d7afdb688e147a80c9cc560f150bcef65aa7,header.php | menu-soluciones.php | footer.php
lux-2b-y-lux-gv-piston-hidraulico-para-puerta-abatible.php,detalle-estatico,41,ff1fee3013a8498ed8247a3d81d232cc2610dc973029708bf8e832fa5cbe41e4,header.php | menu-seccionales.php | footer.php
luxo-robusto-e-incansable-para-servicios-intensivos-para-hojas-de-hasta-5-m.php,detalle-estatico,46,2359e0ccc9c935f89705407b80ef351608865976fec8c8b4fb99e1bdd235004f,header.php | menu-soluciones.php | footer.php
magic-fuerza-del-operador.php,detalle-estatico,75,ad814c69aa1d17fba33be4e86f2545350bbc6a6585a6004c0c4e5dfee78368ac,header.php | menu-soluciones.php | footer.php
marcas.php,marcas-estaticas,136,8c122d69bed8f9b3ee33a152809d656a014f10d24f1470ddc33dc8e62d3bdd80,header.php | menu-soluciones.php | footer.php
marcasv1.php,marcas-dinamicas,37,9ae8fef61010e9be0b4684b74d2b566679da7195434c1d1ea68fbb00647b2e40,headerv1.php | menu-solucionesv1.php | footer.php
nosotros.php,nosotros,51,cd831896ce38e204ec4b00d482d2b7210f9c967dde35b6c67d7cfe0047e9d2a9,headerv1.php | footer.php
operador-comercial-rhx.php,detalle-estatico,133,6941623d039388d8cb64598901aa09cc13368fda2403b579e987f9a099126a71,header.php | menu-seccionales.php | footer.php
operador-para-cortina-enrrollable-rsx.php,detalle-estatico,152,c5b329632234d67c326b7fa39f6fc1f6f39595219f944c55e1e84dc2386a1250,header.php | menu-seccionales.php | footer.php
operador-para-perfilados-comerciales-jst.php,detalle-estatico,131,5e6809303888af1a024d6eaa2993c02eba0f991ea2d1f6a357aecb449a023d81,header.php | menu-seccionales.php | footer.php
operador-para-perfilados-comerciales-sel.php,detalle-estatico,120,3d836a7de5386e8b7ae68ef3ebbc427e3bac8a48e7ba269e382a362fd40af892,header.php | menu-seccionales.php | footer.php
operadores-para-puerta-abatible.php,listado-estatico,112,7769c924258b811d5f6348f298d667d088b07fa9869e6835345ad9b4d3138c01,header.php | footer.php
operadores-para-puerta-corrediza-industrial.php,listado-estatico,91,356ff79791edb820fc0a5d7ce2ed2ef9aa33d9a0638ef18e8723f72d29f765b1,header.php | footer.php
operadores-para-puertas-ascendentes.php,listado-estatico,49,c4c8f9e11bd450de6c2cc97eafcf51bf6d554f512deda5d1b11fd8120a7fcd8f,header.php | footer.php
operadores-para-puertas-corredizas-residenciales.php,listado-estatico,49,c4c8f9e11bd450de6c2cc97eafcf51bf6d554f512deda5d1b11fd8120a7fcd8f,header.php | footer.php
operadores-para-puertas-de-mostrador-cdo.php,detalle-estatico,104,383502bb50159b22a3df3b1ee64fc33847e00e4f3b19486981bdcc019c569f0b,header.php | menu-seccionales.php | footer.php
operadores-puerta-abatible-industrial.php,listado-estatico,70,098ca93af1fdfd178412182094f1ce1bc1275921d6bcfd5f55d83913e39f3fd2,header.php | footer.php
operadores-puerta-abatible.php,detalle-estatico,99,2b62e85729d91c2c6a58fdb972fcc70bc40d7ac0b37eb25cdd3c633df78071f3,header.php | menu-soluciones.php | footer.php
operadores-puerta-corrediza-residencial.php,detalle-estatico,135,c3dcc1b16f22c6fcc4baa87e0c8c4fc7c993826935162252f2da5cd39677a804,header.php | menu-soluciones.php | footer.php
operadores-puertas-ascendentes.php,detalle-estatico,128,0d2233ea46f91a72ca1ff4e9ff098bf0b4fcaaf93d6f1210c30cb780894eef9d,header.php | menu-soluciones.php | footer.php
operadores-puertas-seccionales-cortinas.php,listado-estatico,154,fb8595e60b481cc3b49e6c6872a8f791621036ec43486ecc822e6f0747c1dfc1,header.php | footer.php
overhead-door.php,listado-marca,240,c5b491305c7da3a390b358e9de03c6b5c6b5ac7932f5840a2d6d214b6269b347,header.php | menu-marcas.php | footer.php
p45-7-piston-hidraulico-para-puerta-abatible.php,detalle-estatico,47,ecbfac3cf3d44b4304cdafa4b6c2de3029f7b5f016febda9bf1e62a4bb29aaa3,header.php | menu-seccionales.php | footer.php
pas-sensores-volumetricos.php,detalle-estatico,51,a71d1cd5c64dc4d04226cc643a6fb060c24dfbdff032cd18785bfe9be09d0a4a,header.php | menu-soluciones.php | footer.php
phobos-n-piston-electromecanico.php,detalle-estatico,45,c1d5a3fa1832ef5f4ab1302c51cce1dcaf50261cc850676a3dfa503e8cdd9a32,header.php | menu-seccionales.php | footer.php
politica-privacidad.php,politica-privacidad,164,100a8694bdd0d03b9f256c674e5c2ad37f38059402a994adf5eb14ddda6bebe0,header.php | footer.php
predadoor-nxt-door.php,detalle-estatico,44,4f975f6ceb585b004939f8bcaa0e815ac81da161a60af91525cc128eed841ad6,header.php | menu-seccionales.php | footer.php
productos.php,controlador-productos,51,b52a40ec777d97d09bd015d0d7d7e1ec5ba42902b89869227fe75566c6d23ac3,system/common.php | system/common.php | header.php | menu-marcas.php | footer.php
puert-seccional-de-acero-sin-aislamiento-430-uso-medio.php,detalle-estatico,64,71c8068e8c1d3496dc00c612348b9b12e41e82f25470be49ccdc19e5d5baccfd,header.php | menu-seccionales.php | footer.php
puerta-contra-explosion.php,detalle-estatico,87,0f457e1df042bd2d2dcc8d3a2e117a10a03f404cdda35f36a5899510d14c95e9,header.php | menu-seccionales.php | footer.php
puerta-contra-incendio.php,listado-estatico,91,356ff79791edb820fc0a5d7ce2ed2ef9aa33d9a0638ef18e8723f72d29f765b1,header.php | footer.php
puerta-de-acero-acanalado-modelos-524.php,detalle-estatico,59,be8c774ef6bf79f423025f2da132f8040a1f4a2f72630facb289e30bacb33e64,header.php | menu-seccionales.php | footer.php
puerta-de-acero-acanalado.php,detalle-estatico,58,c56d4f230f6517f66bd0e1a31b6d9da2f0a2b106a5a0dfe89579bf2b49303419,header.php | menu-soluciones.php | footer.php
puerta-estandar-reforzada.php,detalle-estatico,39,3e4303642baf9c7074e1d6e1d3605907dd207af19f2ada690db95924b63e8cbf,header.php | menu-seccionales.php | footer.php
puerta-estandar.php,detalle-estatico,39,3e4303642baf9c7074e1d6e1d3605907dd207af19f2ada690db95924b63e8cbf,header.php | menu-seccionales.php | footer.php
puerta-holandesa.php,detalle-estatico,69,9b850cf80e0caa5ef91df1266baa7c8719bcd68d8bf3c4ef6379494b05ffdb88,header.php | menu-seccionales.php | footer.php
puerta-para-hospital.php,detalle-estatico,57,50d62a10f305576e6df0782a87457d33b4977a1a1b4d0346138e9cdc0ad7103b,header.php | menu-seccionales.php | footer.php
puerta-seccionabl-acero-perfiles-422-uso-pesado.php,detalle-estatico,65,ccfb5b373ce1dcb5a84f4819e98adbdf809a3f4356d27228e58bd6fcfa4e964e,header.php | menu-seccionales.php | footer.php
puerta-seccional-de-acero-perfiles-418.php,detalle-estatico,62,28c5e8f897054041c569654303c5ac69178aa213541894fc1614b09d8e12aa4c,header.php | menu-seccionales.php | footer.php
puerta-seccional-de-acero-perfiles-432-uso-medio.php,detalle-estatico,64,71c8068e8c1d3496dc00c612348b9b12e41e82f25470be49ccdc19e5d5baccfd,header.php | menu-seccionales.php | footer.php
puerta-seccional-de-acero-sin-aislamiento-416-uso-muy-pesado.php,detalle-estatico,62,7ec97d4c2f51b3be388b73c636fa7271febc32790c7f193cd4d866a6f7932cf8,header.php | menu-seccionales.php | footer.php
puerta-seccional-de-acero-sin-aislamiento-424-uso-pesado.php,detalle-estatico,65,ccfb5b373ce1dcb5a84f4819e98adbdf809a3f4356d27228e58bd6fcfa4e964e,header.php | menu-seccionales.php | footer.php
puerta-seccional-de-acero-thermacore-593-uso-medio.php,detalle-estatico,61,57cdfe8ed21220bda9e6716a593005911f2ea804d6bd5ba5ba51da284d630881,header.php | menu-seccionales.php | footer.php
puerta-seccional-de-acero-thermacore-594-uso-medio.php,detalle-estatico,61,57cdfe8ed21220bda9e6716a593005911f2ea804d6bd5ba5ba51da284d630881,header.php | menu-seccionales.php | footer.php
puerta-seccional-de-acero-thermacore-595-uso-pesado.php,detalle-estatico,62,a257eff49c8dca60d59dba4380937a0dd02a998f355b61fe02f18b5cd2deb3cf,header.php | menu-seccionales.php | footer.php
puerta-seccional-de-acero-thermacore-599-uso-muy-pesado.php,detalle-estatico,72,abf5d58504338b686eaeb9a35e193a38b9d271f430b1fe5248c0345000fc0950,header.php | menu-seccionales.php | footer.php
puerta-seccional-de-acero-thermacore-serie-592.php,detalle-estatico,88,8d0016a6074c9ae6a8fc9c0a199fb3d2fc50143d5db012b7021c5b1cc66d9867,header.php | menu-seccionales.php | footer.php
puerta-y-fijos-louver.php,detalle-estatico,76,583aa0dcf27adbed2eab7d5b884a809b2fea3cc32bd106261c16b089f21bf544,header.php | menu-seccionales.php | footer.php
puertas-blindadas.php,detalle-estatico,67,76446a364638b2ff726599269746fc3db5a0b82b13230b04eb4a4ee7cd6441d0,header.php | menu-seccionales.php | footer.php
puertas-contra-incendio.php,detalle-estatico,39,e8c8db091857837dd5c60f51f1f8062ac1074b7891c5ae879e7695166c4bb677,header.php | menu-seccionales.php | footer.php
puertas-contra-rayos-x.php,detalle-estatico,56,bd42e5744114b56f9cf9bfd5c031a3857676ec28a81f861c75060b4d8335ae5e,header.php | menu-seccionales.php | footer.php
puertas-de-garaje-aisladas.php,detalle-estatico,50,4655bc909afdd4b5668c6f04cb4264db072615a3cdab4db10e1a3eaa02a1f16b,header.php | menu-soluciones.php | footer.php
puertas-enrollables-de-garage.php,detalle-estatico,40,fe4133be5f908f6f861bc4944e6cf7cf860265e56b0251a460472b1fbbb607d7,header.php | menu-soluciones.php | footer.php
puertas-industriales-dockman.php,detalle-estatico,70,a76322679b0b4c9505c3402a29d89de6be25f1e1521acfe3ee30b5a20c26a92a,header.php | menu-seccionales.php | footer.php
puertas-peatonales-estandar-y-reforzada.php,listado-estatico,70,098ca93af1fdfd178412182094f1ce1bc1275921d6bcfd5f55d83913e39f3fd2,header.php | footer.php
puertas-peatonales-hospitales.php,listado-estatico,70,098ca93af1fdfd178412182094f1ce1bc1275921d6bcfd5f55d83913e39f3fd2,header.php | footer.php
puertas-peatonales-rayos-x.php,listado-estatico,49,c4c8f9e11bd450de6c2cc97eafcf51bf6d554f512deda5d1b11fd8120a7fcd8f,header.php | footer.php
puertas-peatonales-tipo-holandesa.php,listado-estatico,49,c4c8f9e11bd450de6c2cc97eafcf51bf6d554f512deda5d1b11fd8120a7fcd8f,header.php | footer.php
puertas-rapidas-enrollables.php,detalle-estatico,48,05b580723d9354e20fd4b706ecd5c4c06a4689f0e6f2dfb86566f754cee97b17,header.php | menu-soluciones.php | footer.php
puertas-rapidas.php,listado-estatico,154,fb8595e60b481cc3b49e6c6872a8f791621036ec43486ecc822e6f0747c1dfc1,header.php | footer.php
puertas-residenciales.php,detalle-estatico,88,54623c1e876e6d1ef262cececae017e95963722e3ad6cfb4bfaafd1be41271c8,header.php | menu-soluciones.php | footer.php
puertas-salida-emergencia.php,listado-estatico,133,b0607a5aed58020612f9f0131ac4fa72882a965c3ed0e9ee35b72b5a350fa330,header.php | footer.php
puertas-seccionales-de-acero-aisladas-thermospan-modelo-150.php,detalle-estatico,92,3cbd14aa54a5cd77b69f10ddc192e0c2de48b1a1ffa397c04bb4892bce6cf057,header.php | menu-seccionales.php | footer.php
puertas-seccionales-de-acero-aisladas-thermospan.php,detalle-estatico,92,3cbd14aa54a5cd77b69f10ddc192e0c2de48b1a1ffa397c04bb4892bce6cf057,header.php | menu-seccionales.php | footer.php
puertas-seccionales-de-acero-modelo-2415.php,detalle-estatico,67,22caebb409f75a265027651db7f44c3137271fcbd6ceb7d9e11b46776de9e69b,header.php | menu-seccionales.php | footer.php
puertas-seccionales-de-acero-perfiles-426.php,detalle-estatico,66,172e146a8574606e40c02c16b7675397c6a208620681fa0735f68d607094b750,header.php | menu-seccionales.php | footer.php
puertas-seccionales-de-acero-sin-aislamiento-420-uso-pesado.php,detalle-estatico,67,b2a697dc52afbafce841ac18bdca8148adfd8d62920f99e02387539530608ea6,header.php | menu-seccionales.php | footer.php
puertas-seccionales-de-acero-thermacore-598-uso-liviano.php,detalle-estatico,55,60f4457588aa6e7c401ecfa40a7cf4cedb8769d079d6d114484781207cf516a4,header.php | menu-seccionales.php | footer.php
puertas-seccionales-de-aluminio-521.php,detalle-estatico,61,bcaddb258d6c5c1cd2bb721f987960373ebd1615346c924bb3a44a49ebcee45a,header.php | menu-seccionales.php | footer.php
puertas-seccionales-industriales.php,listado-estatico,450,b97529e97cc4e7f43296653f5cb8f01d43f70c5e1b55394adca55d467fcea3a4,header.php | menu-soluciones.php | footer.php
puertas-y-fijos-louver.php,listado-estatico,70,098ca93af1fdfd178412182094f1ce1bc1275921d6bcfd5f55d83913e39f3fd2,header.php | footer.php
puertasresidenciales.php,listado-estatico,70,098ca93af1fdfd178412182094f1ce1bc1275921d6bcfd5f55d83913e39f3fd2,header.php | footer.php
q-silent-max-eagle-3-4-hp.php,detalle-estatico,62,443c5a19f64ee859c06c9d88d2f7f0a6adbf989aeff12e4522fc81af3a990382,header.php | menu-soluciones.php | footer.php
qik-barreras-automaticas-de-hasta-58-m.php,detalle-estatico,59,aa479d2195637d8d568854a8e6fadf6ac056c9e2baed6d8fefa46ada84630a13,header.php | menu-soluciones.php | footer.php
rampa-niveladora-mecanica-blue-giant.php,detalle-estatico,71,fcafbfb099ca7c71dcbd0b009200da71a568fb093b9a03a0144ca7ad41b8db8a,header.php | menu-soluciones.php | footer.php
rampa-niveladora.php,listado-estatico,112,7769c924258b811d5f6348f298d667d088b07fa9869e6835345ad9b4d3138c01,header.php | footer.php
rampas-de-anden-hidraulicas-kelley.php,detalle-estatico,83,30ddc1b069d1e420adf0afc6b6a28f76cced5f4e7eeeebfaad34a77039fa963c,header.php | menu-seccionales.php | footer.php
rampas-de-anden-hidraulicas.php,detalle-estatico,62,3b58b55bbbd8871cd6aa864a6b9a4bebf0e1c07c9e292143d97c74920aed2b8a,header.php | menu-seccionales.php | footer.php
rampas-de-anden-mecanicas.php,detalle-estatico,61,334d5766dd91ef0de99dde3213321af2765da56a1a978d1c67dae8c1a3be37e6,header.php | menu-seccionales.php | footer.php
rapida-apilable.php,detalle-estatico,135,b45fae704d0eb5401e8e04de4a194a035f6d7dc69d5a01f9f509de4e1d2e8291,header.php | menu-seccionales.php | footer.php
rapida-enrollable-industrial.php,detalle-estatico,108,7ecf2d13a0dd61ad495cad942357602ef65d1476055c8461d166dc672ee80b13,header.php | menu-seccionales.php | footer.php
receptor-para-control-vehiculos.php,listado-estatico,51,b52a40ec777d97d09bd015d0d7d7e1ec5ba42902b89869227fe75566c6d23ac3,header.php | menu-soluciones.php | footer.php
residencial.php,listado-estatico,112,7769c924258b811d5f6348f298d667d088b07fa9869e6835345ad9b4d3138c01,header.php | footer.php
retenedor-de-vehiculos.php,detalle-estatico,66,425b0930e024708592e97a541b816d6fff117f918ae0f376723c8706fdf15358,header.php | menu-seccionales.php | footer.php
retenedor-vehiculos-hvr303.php,detalle-estatico,65,b089f878f4f0e2c6d76fc069f9290d1bd9192b76a95ef998d6db96a274e48855,header.php | menu-soluciones.php | footer.php
retenedores-de-vehiculos-automatico.php,detalle-estatico,65,9c6d57e76315d0ac737ae3d301d6dd9e2491f194f4588777f2cf956d828b39ea,header.php | menu-seccionales.php | footer.php
retenedores-de-vehiculos.php,listado-estatico,91,356ff79791edb820fc0a5d7ce2ed2ef9aa33d9a0638ef18e8723f72d29f765b1,header.php | footer.php
rolli-zip.php,detalle-estatico,114,7a2aa3ca497304f4cc3369f0a0d41fd9353b54f4103f536510ef523a2015566d,header.php | menu-seccionales.php | footer.php
rytec.php,listado-marca,72,62a11a5b0c371b549c982d01e1854e43dc6d7ebe5a5911c439462e185fcb39cc,header.php | menu-marcas.php | footer.php
sector-puertas-rapidas-enrollables-de-sectores-intercambiables-y-contrapesos.php,detalle-estatico,47,29d720b383ad646b979b2805d596202b5ccd09cfbc35f8095a517c167801cc3c,header.php | menu-seccionales.php | footer.php
sector-reset.php,detalle-estatico,42,37ec83cd23f710392ff79153519b1d2e2a9f1d3781f1f71aaeaec8540c351b56,header.php | menu-seccionales.php | footer.php
sellos-de-anden.php,detalle-estatico,73,9f1a93d5116f54fc26abb887861a76a77635a1975b2a7e6e8c356a84607ca52b,header.php | menu-seccionales.php | footer.php
sellos-nacionales.php,detalle-estatico,67,c39449152d285a3198305536710b567977a904da69da29d57296e69a428dcbb6,header.php | menu-seccionales.php | footer.php
sellos-para-anden-shelter-de-soporte-flexible.php,detalle-estatico,49,bed5677a487736391d5631717a9370639b9aa1c7be1d9991db41b1af37120bf9,header.php | menu-seccionales.php | footer.php
sellos-para-anden.php,listado-estatico,112,7769c924258b811d5f6348f298d667d088b07fa9869e6835345ad9b4d3138c01,header.php | footer.php
semaforos-senalizaciones-para-anden.php,listado-estatico,49,c4c8f9e11bd450de6c2cc97eafcf51bf6d554f512deda5d1b11fd8120a7fcd8f,header.php | footer.php
serie-620.php,detalle-estatico,112,240fc9d49ef5e21f1ab6f5a7b373a4438e52ad570eb63125e6213d130e32ff14,header.php | menu-seccionales.php | footer.php
serie-x130-motor-para-cortina-oculto.php,detalle-estatico,45,c1d5a3fa1832ef5f4ab1302c51cce1dcaf50261cc850676a3dfa503e8cdd9a32,header.php | menu-seccionales.php | footer.php
sg-onixx-600.php,detalle-estatico,55,72543b003d37284848b4247a52c68bc84d143f64a8f93261e0514e73591a1d1b,header.php | menu-seccionales.php | footer.php
shelter-abrigo-estacionario-blue-giant.php,detalle-estatico,73,c77568dead1471ca300336f4b3d206e7717c66b4d2c19c0e38dcfc70072a7966,header.php | menu-soluciones.php | footer.php
smart-puertas-rapidas-enrollables-de-sectores-intercambiables-con-motor-externo.php,detalle-estatico,39,0e8bb9648c45faa6146d84cd9511285d139eb51a0f3b108d2c1c86a2ade49ee1,header.php | menu-seccionales.php | footer.php
soluciones.php,soluciones,75,ee34d22bebc22b6c9bd2e54b556fc01d02a30388cc8d84d42f61def20004cae7,header.php | footer.php
sprint-automatizaciones-para-puertas-peatonales-pequenas-dimensiones.php,detalle-estatico,55,a1c1a8ed053d75f1629c822405a6d970672a880553f771d4cfe48895aadb8f27,header.php | menu-soluciones.php | footer.php
star1000-receptor-comercial.php,detalle-estatico,58,971ac0c7d7f1b51c3d5c658181be4e672ee95dd75e41d3ac5a0252c90e812e9f,header.php | menu-soluciones.php | footer.php
star4-vehicle-restraint.php,detalle-estatico,44,1088631436df7db8684fcce305201aeb502ac94951b55a0eeee2a125b2c715d6,header.php | menu-seccionales.php | footer.php
tiras-plasticas-hawaianas.php,detalle-estatico,49,6666ff0c90a70a109880f3d5a52186f74aa268235ea7ed6a9909400628e38b9a,header.php | menu-soluciones.php | footer.php
tiras-plasticas.php,listado-estatico,28,885e50ebe727a4df63a03b80100ac7138ab8a55dfae90682ba2c4260f946d8b1,header.php | footer.php
traffic.php,detalle-estatico,39,0e8bb9648c45faa6146d84cd9511285d139eb51a0f3b108d2c1c86a2ade49ee1,header.php | menu-seccionales.php | footer.php
upper-up8e-barreras-automaticas-de-hasta-8-m.php,detalle-estatico,57,91358670b9942aa4517a3f7c308fa28a8ecbab1061d3981a70061fbc71736e86,header.php | menu-soluciones.php | footer.php
vertigo.php,detalle-estatico,42,43cbac449b0ebe63e9aed1aa0d755c9701e995c28a788175b146474620f4d958,header.php | menu-seccionales.php | footer.php
wayne-dalton.php,listado-marca,114,5f792cfcfe9d0a17743d6946f94e0c0f4008233a3cf3f81d2b0666e17660515a,header.php | menu-marcas.php | footer.php
wel-aotmatizacion-de-puertas-peatonales-pequena-y-robusta.php,detalle-estatico,120,276f4201ab0e5d1aa1ced2307beb1b23077132a9281d27c2ccdd4493c1e42ee3,header.php | menu-soluciones.php | footer.php
xel-5-selector-de-llave.php,detalle-estatico,46,e226eae62f9ffe3359899843ea39999bc8ae7bc00a319a81fc2e77de75a2545f,header.php | menu-soluciones.php | footer.php
