product_id,file_id,kind,path,original_id,version,source_line
1,1,IMAGE,system/files/images/productos/a55fa2df012da03804394e857fc5e09ed6a69191,,original,1532
1,165,IMAGE,system/files/images/productos/7f7f61551dd20beb863b5847d43b062d728c618d,,original,1532
1,164,PDF,system/files/images/productos/959c0d9393ada51bef2817e8db59c54b487d2262,,original,1532
2,19,IMAGE,system/files/images/productos/59ca6b73479b3fcde81f96439976896bad94b750,,original,1533
2,23,IMAGE,system/files/images/productos/9373560b7092ddbdc9e4c0586c55dacf882d166a,,original,1533
2,9,PDF,system/files/images/productos/b2588f4e4df68a23124a8dbc2b63374ec6959253,,original,1533
2,10,PDF,system/files/images/productos/74237414514c37fbc6273d2d8ed63ba0af98464d,,original,1533
3,31,IMAGE,system/files/images/productos/158ffcb904bc82f2a7d2ec143de37e00730d04bd,,original,1534
3,35,PDF,system/files/images/productos/270dc5e4c6c6812ee093439acca26905e68f7d8d,,original,1534
4,169,IMAGE,system/files/images/productos/0dd525f64a0290377628938328d07d21668c7f22,,original,1535
4,173,PDF,system/files/images/productos/42ba96f71987cc30cb19107d18eb0649ee492636,,original,1535
5,174,IMAGE,system/files/images/productos/c8ff88040661a79b39a07b1e3a27f49432df5dff,,original,1536
5,178,PDF,system/files/images/productos/282c6618830434da376551106d0722c97a5f2416,,original,1536
6,179,IMAGE,system/files/images/productos/d113f473f3aa6186e6cce3296aebc45f1a266b9d,,original,1537
6,183,IMAGE,system/files/images/productos/f304f05a8957297b9b40a452fa93647f80e7bcb6,,original,1537
6,187,IMAGE,system/files/images/productos/68350ebf06fb528912f62e2bf663862519c7dd38,,original,1537
6,191,IMAGE,system/files/images/productos/dfab80908ff3b6ba9e823ae8e208dbca887b97fe,,original,1537
6,195,PDF,system/files/images/productos/1bc8deceeea60e7d404142cf859897e4e36ccc86,,original,1537
7,196,IMAGE,system/files/images/productos/e580517f07a377c10127844c71373a174bcf76fe,,original,1538
7,200,PDF,system/files/images/productos/6e1ed3d9b7cfc7e53a9396670b592b8e0a0aa2da,,original,1538
8,201,IMAGE,system/files/images/productos/187b4bd808ae2adb2a5952d632cf3116e0fc8051,,original,1539
8,205,PDF,system/files/images/productos/06bfd8e22a88d66d31acea15164a009c18912ca2,,original,1539
9,206,IMAGE,system/files/images/productos/0dff9191d2ec6cb7124c0438858de83fb11ccdf7,,original,1540
9,210,IMAGE,system/files/images/productos/7d20ad9bfbd958c417038f14164c8a21573e4d34,,original,1540
9,214,IMAGE,system/files/images/productos/8622f8b336698cab1d58bcd0bb0f864586914bb6,,original,1540
9,218,IMAGE,system/files/images/productos/52af9161c31f825128383fb23742e384e60dd462,,original,1540
9,222,IMAGE,system/files/images/productos/323ea1a66ccbf677c589b2807058ba4f5754f920,,original,1540
9,226,PDF,system/files/images/productos/6d032a5579b0dd9ef150e1d93528463960040d95,,original,1540
10,227,IMAGE,system/files/images/productos/e6d8a9c021af46599e25526f7afa2c9689eba705,,original,1541
10,231,IMAGE,system/files/images/productos/d8fee0db7a4abffa83cd01515a5618e2b1b78b17,,original,1541
10,235,PDF,system/files/images/productos/a9cf3d4f6bde89180e0ae23231a70bb8f2ff3300,,original,1541
11,236,IMAGE,system/files/images/productos/59e0452766a17eb9cf0d9df76dc79f72d08f013f,,original,1542
11,240,PDF,system/files/images/productos/d1800119e28d2f25ab78a9219e103ecc4fc8afb5,,original,1542
12,241,IMAGE,system/files/images/productos/88115255793f083c25821dff5017d74a6b542988,,original,1543
12,245,PDF,system/files/images/productos/19f7bf0ad0bb2559064e677d3dd6e122358914cd,,original,1543
13,246,IMAGE,system/files/images/productos/c46d19fe3eb462f51d4f636a3a4719ea6e8922c5,,original,1544
13,250,PDF,system/files/images/productos/e973955577670d4ea61bd906a517dd878118831f,,original,1544
14,251,IMAGE,system/files/images/productos/d0c290fb090b8236400c0131456b035b9199b02c,,original,1545
14,255,IMAGE,system/files/images/productos/eebed998e099271fbd2674cd21a6f87567fc9dee,,original,1545
14,259,PDF,system/files/images/productos/ec68ab8e790ca2a96b4a8b409b96b9788018dc78,,original,1545
15,260,IMAGE,system/files/images/productos/f6cfac4e319cc287a0162f1cf3eab1791a61bed2,,original,1546
15,264,IMAGE,system/files/images/productos/9dd0f9d01c7f775f93b29328123c87e26182d7a2,,original,1546
15,268,PDF,system/files/images/productos/fba045304f5402c79a958b69ed499c1f46a48801,,original,1546
16,269,IMAGE,system/files/images/productos/d113f473f3aa6186e6cce3296aebc45f1a266b9d,,original,1547
16,273,IMAGE,system/files/images/productos/f304f05a8957297b9b40a452fa93647f80e7bcb6,,original,1547
16,277,IMAGE,system/files/images/productos/68350ebf06fb528912f62e2bf663862519c7dd38,,original,1547
16,281,IMAGE,system/files/images/productos/dfab80908ff3b6ba9e823ae8e208dbca887b97fe,,original,1547
16,285,PDF,system/files/images/productos/1bc8deceeea60e7d404142cf859897e4e36ccc86,,original,1547
17,286,IMAGE,system/files/images/productos/626b58db888990c04a7f855e6c03da8fa9fe5460,,original,1548
17,290,IMAGE,system/files/images/productos/9373560b7092ddbdc9e4c0586c55dacf882d166a,,original,1548
17,294,PDF,system/files/images/productos/74237414514c37fbc6273d2d8ed63ba0af98464d,,original,1548
17,295,PDF,system/files/images/productos/b2588f4e4df68a23124a8dbc2b63374ec6959253,,original,1548
18,296,IMAGE,system/files/images/productos/67ace3fa64437d6138ff566381ad2b6103667427,,original,1549
18,300,IMAGE,system/files/images/productos/e8f1b3445fc4bd1e35cb22d2d405f8e080a62615,,original,1549
18,304,PDF,system/files/images/productos/e1fc3c722338060ac5bc7cf2ece07503d6bc4a0c,,original,1549
19,305,IMAGE,system/files/images/productos/d3cd08acf2731eb29b0227a3957ab09ffc55e38c,,original,1550
19,309,IMAGE,system/files/images/productos/4ad377beb722dc25f65a34c1ba19e5e5e15d91da,,original,1550
19,313,PDF,system/files/images/productos/b6b8d27db846f68a7050c59a82b2e31ff137b7e4,,original,1550
20,314,IMAGE,system/files/images/productos/d113f473f3aa6186e6cce3296aebc45f1a266b9d,,original,1552
20,318,IMAGE,system/files/images/productos/f304f05a8957297b9b40a452fa93647f80e7bcb6,,original,1552
20,322,IMAGE,system/files/images/productos/68350ebf06fb528912f62e2bf663862519c7dd38,,original,1552
20,326,IMAGE,system/files/images/productos/dfab80908ff3b6ba9e823ae8e208dbca887b97fe,,original,1552
20,330,PDF,system/files/images/productos/1bc8deceeea60e7d404142cf859897e4e36ccc86,,original,1552
21,331,IMAGE,system/files/images/productos/ee96e92f6242ded7c0f5a641fb68712863cda941,,original,1553
21,335,PDF,system/files/images/productos/33f5167b521302c8c32a8895a1e03fe27a09a124,,original,1553
21,336,PDF,system/files/images/productos/b49e7cf13885d8dfdc8e03fcd247d2d93f35f213,,original,1553
22,337,IMAGE,system/files/images/productos/8ca911b748068c9bef002de96ef743ecefb9886b,,original,1554
22,341,PDF,system/files/images/productos/f23e43600d8606ddea73c29f700d164d5afc0552,,original,1554
23,347,IMAGE,system/files/images/productos/4df9bc1c4c87a18cd1155164b3216ce053ae18ee,,original,1555
23,346,PDF,system/files/images/productos/f6879270d9945c848fb0f732190100b3e8ffced7,,original,1555
24,351,IMAGE,system/files/images/productos/158ffcb904bc82f2a7d2ec143de37e00730d04bd,,original,1556
24,355,PDF,system/files/images/productos/270dc5e4c6c6812ee093439acca26905e68f7d8d,,original,1556
25,356,IMAGE,system/files/images/productos/d598f326c2973470ee7e0a5c3c220ba7108f150c,,original,1557
25,360,PDF,system/files/images/productos/19f248004fb1cc292955cdb0c5b339e8cd3eda3c,,original,1557
26,361,IMAGE,system/files/images/productos/3ba01a39dd2e04651a35a7f2a8c2aab034f58f33,,original,1558
26,365,IMAGE,system/files/images/productos/634c090c7fb64996e1e59d3f3a671ce738013f93,,original,1558
26,369,PDF,system/files/images/productos/0a6fa9cbeb5ba8ba1eecd18bd2e8c2f28145f2c9,,original,1558
27,370,IMAGE,system/files/images/productos/3806105dd3593a3b306a1ca89e55ce41b47f83a7,,original,1559
27,374,IMAGE,system/files/images/productos/98015c422935fb0f6a54ba324350f2d7877d367d,,original,1559
27,378,PDF,system/files/images/productos/552f92715162cbb278ab6cbdbdcb057ef483da65,,original,1559
28,379,IMAGE,system/files/images/productos/6ca19dacd9993636b6638cf308a1c4490bb0af98,,original,1560
28,383,IMAGE,system/files/images/productos/df2281661def14838eccfc36ddd1b3068b9ef575,,original,1560
28,387,PDF,system/files/images/productos/9042045b07cea65fac66d1763d8fcc92b235b906,,original,1560
28,388,PDF,system/files/images/productos/b2fc16c210f999a553d13a88a76211d8a8cbd583,,original,1560
29,389,IMAGE,system/files/images/productos/ba3f2923d733855f1d109ba12330647b866a3383,,original,1561
29,393,IMAGE,system/files/images/productos/136ef7a13a590b7377465e3d3c917671ef454cfa,,original,1561
29,397,PDF,system/files/images/productos/300d21c729a7df172ac9f070a9b7485e88f8b038,,original,1561
29,398,PDF,system/files/images/productos/8d7521a7a170e8ac85e5da1dd301ca17c0c24d71,,original,1561
30,399,IMAGE,system/files/images/productos/43d4232e7c8e46a381f607bdcb65a691c4321389,,original,1562
30,403,IMAGE,system/files/images/productos/007c9191f5b7800de9549cd241c2b4dba8a9bb9f,,original,1562
30,407,PDF,system/files/images/productos/ae22c94ae3eb5d4d4e7ccfdb5cfc086e37e1658c,,original,1562
30,408,PDF,system/files/images/productos/adc000b103f864f06d51740c630158e411050fa1,,original,1562
31,409,IMAGE,system/files/images/productos/9a05d35b35391d87d959fca60be6e20e4d7799c8,,original,1563
31,413,IMAGE,system/files/images/productos/7aae91babbc90d6203eaaeedc4936bf19dfc8f5b,,original,1563
31,417,PDF,system/files/images/productos/a78bba8b99dcc3da6728b2ab918aebe4d8411e64,,original,1563
31,418,PDF,system/files/images/productos/39c267d9d6655665608d4e1a6dd7d33a17e93e8d,,original,1563
32,419,IMAGE,system/files/images/productos/cfae2414005ec241e35e2be9039da54013a231e9,,original,1564
32,423,IMAGE,system/files/images/productos/94c7f9e458a3b78898415bc349658edb756a09f2,,original,1564
32,427,PDF,system/files/images/productos/3ba705421037a3956e500eec0062dec52829cea4,,original,1564
32,428,PDF,system/files/images/productos/aa57141f525e4c01f137d26858f1477e6d6a0a8c,,original,1564
33,429,IMAGE,system/files/images/productos/41fac25bf3c4f3389882019d1f274fd418b8facb,,original,1565
33,433,IMAGE,system/files/images/productos/4b5ea36b9438bb35d7d67d674da25763cdee3c0f,,original,1565
33,437,PDF,system/files/images/productos/2cf9dcb700d1e35a5125093d4f22ff6952d4ebd0,,original,1565
34,438,IMAGE,system/files/images/productos/0026e2b69ea6b2f5307ae424596371c7610f2fd8,,original,1566
34,442,IMAGE,system/files/images/productos/ae385af43a5d1494c0f807d48c05b5b3c3576afe,,original,1566
35,446,IMAGE,system/files/images/productos/4c235320c6c73cff73a7e701b74b8e5fd0417378,,original,1567
35,450,IMAGE,system/files/images/productos/b9eba5a1d6113befc3d0598783588a63d7b6d9d9,,original,1567
35,454,IMAGE,system/files/images/productos/52ecaaae0d3f3f087c9edce957e4dd5db733656c,,original,1567
36,458,IMAGE,system/files/images/productos/2dba2794d3274a4845e24aa81c28cf40da541f62,,original,1568
36,462,PDF,system/files/images/productos/d0d4d97dd90ffb84dc80c08ad38dbb6eaf83b0fa,,original,1568
37,463,IMAGE,system/files/images/productos/409f71ca3285abac3be915562bf8925f557e16b0,,original,1569
37,467,PDF,system/files/images/productos/e7558238c56779a33c10c7770146c9f7017bd375,,original,1569
38,468,IMAGE,system/files/images/productos/2c006fdef8fe51071aae29b8947fc2d51d1b6c71,,original,1570
38,472,IMAGE,system/files/images/productos/1353d4c5d6fc4d96cdd001e6284c4cabe1d632c9,,original,1570
38,476,IMAGE,system/files/images/productos/83a6ec78d40fa21f9a4823626e7117bd2bac7943,,original,1570
38,480,PDF,system/files/images/productos/d022de529fe9c4e48c5bf2c4652af466b87b3af6,,original,1570
39,481,IMAGE,system/files/images/productos/c50e1e39b34533eb25bba5641b8c2e2be5e0dec3,,original,1571
39,485,IMAGE,system/files/images/productos/1dbc1c3bbbced6c0721c851547c4d781f5ffe0a7,,original,1571
39,489,PDF,system/files/images/productos/ad6778fc1e386c13476d2051b66e504deddd77d7,,original,1571
40,490,IMAGE,system/files/images/productos/67d4a229ade458e06d088099546a7185387b2fd3,,original,1572
40,494,IMAGE,system/files/images/productos/91b1b22e0757eb17e2b2f7ad5252137d6b50e464,,original,1572
40,498,PDF,system/files/images/productos/9864659d131f5853c5c595c40be3adac9e56f2d9,,original,1572
41,499,IMAGE,system/files/images/productos/f9118a7d8fac480174a9a4e0455b51ee73490fa6,,original,1573
41,503,PDF,system/files/images/productos/edaa9d68e318711d183689d070ec145da123c768,,original,1573
42,504,IMAGE,system/files/images/productos/0af69ab19e393782b652aac26101096f8532e265,,original,1574
43,508,IMAGE,system/files/images/productos/cbc5bbf8df505223c1069122842fed702f8be8d8,,original,1576
43,512,PDF,system/files/images/productos/d417331acf9a342ed7374017285970f68effabf4,,original,1576
44,513,IMAGE,system/files/images/productos/c8bc985a8ecbeda6dd4f0d60a6ac70423b19b9f6,,original,1577
44,517,PDF,system/files/images/productos/9950f4930279c555f7be5fcc6d4382d10784836b,,original,1577
45,518,IMAGE,system/files/images/productos/5dca58505e50b423babab3508ac89b5dcf92fdc4,,original,1578
45,522,PDF,system/files/images/productos/82d463dae7b7bf4aff07f9221be013b2497ceabf,,original,1578
46,523,IMAGE,system/files/images/productos/137e56b6a9d584dd63289d5aef15bed4b23f9af4,,original,1579
46,527,PDF,system/files/images/productos/28e179e98ded1fda52f4c0c570e252ee83a7e709,,original,1579
47,528,IMAGE,system/files/images/productos/0aec19fd8541d023c19ecff7eb167c6c172a2732,,original,1580
47,532,PDF,system/files/images/productos/f11bb20047186203a5dd29076b6697e6cf181d69,,original,1580
48,533,IMAGE,system/files/images/productos/32efa422f2422111a48559ea8db3eedf5a0de2d3,,original,1581
48,537,PDF,system/files/images/productos/8afd449897be23fa417b449c587ed9dd11093a1d,,original,1581
49,538,IMAGE,system/files/images/productos/ea8effe39352760b7c820b97ff11441286eb3e49,,original,1582
49,542,PDF,system/files/images/productos/8afd449897be23fa417b449c587ed9dd11093a1d,,original,1582
50,543,IMAGE,system/files/images/productos/1625e35ccee3962a89133370c3ef64b6c9eefa6a,,original,1583
50,547,IMAGE,system/files/images/productos/9a3bbe208087a9acd96d7b4cd494e4aa72494760,,original,1583
50,551,PDF,system/files/images/productos/c9ab51d31ce4b9a94967e2492d3a2a7f43b8b46f,,original,1583
51,552,IMAGE,system/files/images/productos/ed615bddda8aa301e393e1768b31a2d694243038,,original,1584
51,556,IMAGE,system/files/images/productos/940e095bff6a8002a19ac222a04ce14c4322fa45,,original,1584
51,560,PDF,system/files/images/productos/19f80382b0e81db9f5bed545ec25447045202956,,original,1584
52,561,IMAGE,system/files/images/productos/0184eae287e99a553941e98f9ff70f71139ed643,,original,1585
52,565,IMAGE,system/files/images/productos/0dacf997157fe78848366e1a53f90e10ea3261fe,,original,1585
52,569,IMAGE,system/files/images/productos/35cb1e4b413bb5287adcd255cb6dc41063b21ca6,,original,1585
52,573,PDF,system/files/images/productos/317ebb40c4284fa181ff3ddeccfb978b29b7248b,,original,1585
53,574,IMAGE,system/files/images/productos/70e2bb241375fb73400925ead25cfba2d93a8ebf,,original,1586
53,578,PDF,system/files/images/productos/9c0a2ea15383debbe605065d9ce57e3ffbd36204,,original,1586
54,579,IMAGE,system/files/images/productos/178b1ba338c75e76a62f9528efc0c0d4fc58398a,,original,1587
54,583,IMAGE,system/files/images/productos/3d3f8a7b58fad15cba55a19e1f7dcbd97e37ab41,,original,1587
54,587,IMAGE,system/files/images/productos/5fd1d8e56b075c2ab53eef822c638f07763f1e0c,,original,1587
54,591,IMAGE,system/files/images/productos/db60c3f67e4bce5fe6dc4f07bc8c14a13c407758,,original,1587
54,595,PDF,system/files/images/productos/ae9af73339556620c5857321cb1a0400733819a0,,original,1587
55,596,IMAGE,system/files/images/productos/06f5352d4b43c1c425fca9fbaf8447a697745647,,original,1588
55,600,IMAGE,system/files/images/productos/2321bf300ce02b2cfa633479c59e2c99b735dd65,,original,1588
55,604,IMAGE,system/files/images/productos/06f5352d4b43c1c425fca9fbaf8447a697745647,,original,1588
55,608,IMAGE,system/files/images/productos/cf2e4e326d359080b1ade0173d05a64e2846d1c1,,original,1588
55,612,PDF,system/files/images/productos/6fd1dea200b4640b615b1e40838660d14a58c2fd,,original,1588
56,613,IMAGE,system/files/images/productos/70e2bb241375fb73400925ead25cfba2d93a8ebf,,original,1589
56,617,IMAGE,system/files/images/productos/39bb52ef88ace2a69d69d2e689787cab8114a39e,,original,1589
56,621,PDF,system/files/images/productos/9044e3482acdc8f0e19ebf347a1a24c2e59dd10a,,original,1589
57,622,IMAGE,system/files/images/productos/bd6521c004c07b7eb1e6b29f1cfe3cc0d4ceb3cc,,original,1590
57,626,PDF,system/files/images/productos/ec68ab8e790ca2a96b4a8b409b96b9788018dc78,,original,1590
58,627,IMAGE,system/files/images/productos/3e24e1170a5ccb8ff7ac68f087a19a9be61e799c,,original,1591
58,631,IMAGE,system/files/images/productos/e8f1b3445fc4bd1e35cb22d2d405f8e080a62615,,original,1591
58,635,PDF,system/files/images/productos/e1fc3c722338060ac5bc7cf2ece07503d6bc4a0c,,original,1591
59,636,IMAGE,system/files/images/productos/1625e35ccee3962a89133370c3ef64b6c9eefa6a,,original,1592
59,640,IMAGE,system/files/images/productos/9a3bbe208087a9acd96d7b4cd494e4aa72494760,,original,1592
59,644,PDF,system/files/images/productos/c9ab51d31ce4b9a94967e2492d3a2a7f43b8b46f,,original,1592
60,645,IMAGE,system/files/images/productos/f6cfac4e319cc287a0162f1cf3eab1791a61bed2,,original,1593
60,649,IMAGE,system/files/images/productos/9dd0f9d01c7f775f93b29328123c87e26182d7a2,,original,1593
60,653,PDF,system/files/images/productos/fba045304f5402c79a958b69ed499c1f46a48801,,original,1593
61,654,IMAGE,system/files/images/productos/28d0e02a9ce0d2231f7b91d5d433cfbcb159b04c,,original,1594
61,658,IMAGE,system/files/images/productos/4ad377beb722dc25f65a34c1ba19e5e5e15d91da,,original,1594
61,662,PDF,system/files/images/productos/b6b8d27db846f68a7050c59a82b2e31ff137b7e4,,original,1594
62,663,IMAGE,system/files/images/productos/187b4bd808ae2adb2a5952d632cf3116e0fc8051,,original,1595
62,667,PDF,system/files/images/productos/06bfd8e22a88d66d31acea15164a009c18912ca2,,original,1595
63,668,IMAGE,system/files/images/productos/cd8dcba8c3cdd3597f73eff14285d6e0c759fda1,,original,1596
64,672,IMAGE,system/files/images/productos/2f667c1e185b0ea47b093da526c2d552145b739e,,original,1597
64,676,PDF,system/files/images/productos/9856266836c012c90673224e9379a1a7f4b32389,,original,1597
65,677,IMAGE,system/files/images/productos/596d0d25e474bb84a449cda4680a73db1491f809,,original,1598
65,681,PDF,system/files/images/productos/639b9801fe440dcd2179c23cca14401710c5e7e0,,original,1598
66,682,IMAGE,system/files/images/productos/dbf978defab57f25bca7206c939b17e9c1b8749d,,original,1599
66,686,PDF,system/files/images/productos/639b9801fe440dcd2179c23cca14401710c5e7e0,,original,1599
67,687,IMAGE,system/files/images/productos/2783c1d2e280b095bb433d882e864c0662d21e01,,original,1600
67,691,PDF,system/files/images/productos/7cf4babfab2712e41d6fd1c050f5c31b604c97ae,,original,1600
68,692,IMAGE,system/files/images/productos/0e8c380b91a59986427b2a5f2b70fd16a2980099,,original,1601
68,696,PDF,system/files/images/productos/7ab52eec612af22d23a62f849479371ebf1c2f22,,original,1601
69,697,IMAGE,system/files/images/productos/ec069aaf1b98181850d5f11ac0069b719063f855,,original,1602
69,701,PDF,system/files/images/productos/7ab52eec612af22d23a62f849479371ebf1c2f22,,original,1602
70,702,IMAGE,system/files/images/productos/27cdd31e50801b69ed83a04dbdac5674d1078906,,original,1604
70,706,PDF,system/files/images/productos/3af12bf12f61eda51a19d1e8af3cefc05878f484,,original,1604
71,707,IMAGE,system/files/images/productos/5f90d35f71ae101ed088c67403da1540d91d1192,,original,1605
71,711,PDF,system/files/images/productos/3af12bf12f61eda51a19d1e8af3cefc05878f484,,original,1605
72,712,IMAGE,system/files/images/productos/5ebb1b9e7cdf30669798fa316af64842a73c5a56,,original,1606
72,716,PDF,system/files/images/productos/7baea774c5fc4abe3735d40fdf16e84f1e3521ef,,original,1606
73,717,IMAGE,system/files/images/productos/fce70ded3bd3b58293eed84c658aedaa60d10a2e,,original,1607
73,721,PDF,system/files/images/productos/7baea774c5fc4abe3735d40fdf16e84f1e3521ef,,original,1607
74,722,IMAGE,system/files/images/productos/e4c215da7672e0ff5d8c7c6b12eaa6e027b73969,,original,1608
75,726,IMAGE,system/files/images/productos/f3eecd701088dbca1956b577ef1de1c1762edced,,original,1609
76,730,IMAGE,system/files/images/productos/ea8effe39352760b7c820b97ff11441286eb3e49,,original,1610
76,734,PDF,system/files/images/productos/8afd449897be23fa417b449c587ed9dd11093a1d,,original,1610
77,735,IMAGE,system/files/images/productos/a7febe38bfa295bb6907789a9d0f008c6319b962,,original,1611
77,739,PDF,system/files/images/productos/3e620ed84c43c5de234ae437f58f7083e93f6b8d,,original,1611
78,740,IMAGE,system/files/images/productos/3d2afaf79288b7dc59b91253693d2e7c5bb079ed,,original,1612
78,744,PDF,system/files/images/productos/3fcb5fc39a3f48d550a13c6a20bd92b360ec7b65,,original,1612
79,745,IMAGE,system/files/images/productos/32efa422f2422111a48559ea8db3eedf5a0de2d3,,original,1613
79,749,PDF,system/files/images/productos/8afd449897be23fa417b449c587ed9dd11093a1d,,original,1613
80,750,IMAGE,system/files/images/productos/0aec19fd8541d023c19ecff7eb167c6c172a2732,,original,1614
80,754,PDF,system/files/images/productos/f11bb20047186203a5dd29076b6697e6cf181d69,,original,1614
81,755,IMAGE,system/files/images/productos/cbc5bbf8df505223c1069122842fed702f8be8d8,,original,1615
81,759,PDF,system/files/images/productos/d417331acf9a342ed7374017285970f68effabf4,,original,1615
82,760,IMAGE,system/files/images/productos/37cb85d2747bda7e0195e84c2b086452e745c35f,,original,1616
82,764,PDF,system/files/images/productos/19f7bf0ad0bb2559064e677d3dd6e122358914cd,,original,1616
83,765,IMAGE,system/files/images/productos/5dca58505e50b423babab3508ac89b5dcf92fdc4,,original,1617
83,769,PDF,system/files/images/productos/82d463dae7b7bf4aff07f9221be013b2497ceabf,,original,1617
84,770,IMAGE,system/files/images/productos/6703592bfd849be6bda7eea4a8296f3e11ed8198,,original,1618
84,774,PDF,system/files/images/productos/3fcb5fc39a3f48d550a13c6a20bd92b360ec7b65,,original,1618
85,775,IMAGE,system/files/images/productos/85f5ef81d1ffa0cfcefdd5914c8d6d54a6bc3c4b,,original,1619
85,779,PDF,system/files/images/productos/e255e142299e7b62e25690084deb0bb49408f332,,original,1619
86,780,IMAGE,system/files/images/productos/20ec2b66b713306ac6d2d213bcce8d6810712eef,,original,1620
86,784,PDF,system/files/images/productos/06d1ac8df445fdad9cabf6a632e3c4363258b6ee,,original,1620
87,785,IMAGE,system/files/images/productos/0dd525f64a0290377628938328d07d21668c7f22,,original,1621
87,789,PDF,system/files/images/productos/42ba96f71987cc30cb19107d18eb0649ee492636,,original,1621
88,790,IMAGE,system/files/images/productos/c8ff88040661a79b39a07b1e3a27f49432df5dff,,original,1622
88,794,PDF,system/files/images/productos/282c6618830434da376551106d0722c97a5f2416,,original,1622
89,795,IMAGE,system/files/images/productos/3d3f8a7b58fad15cba55a19e1f7dcbd97e37ab41,,original,1623
89,799,IMAGE,system/files/images/productos/5fd1d8e56b075c2ab53eef822c638f07763f1e0c,,original,1623
89,803,IMAGE,system/files/images/productos/db60c3f67e4bce5fe6dc4f07bc8c14a13c407758,,original,1623
89,807,PDF,system/files/images/productos/ae9af73339556620c5857321cb1a0400733819a0,,original,1623
90,808,IMAGE,system/files/images/productos/06f5352d4b43c1c425fca9fbaf8447a697745647,,original,1624
90,812,IMAGE,system/files/images/productos/2321bf300ce02b2cfa633479c59e2c99b735dd65,,original,1624
90,816,IMAGE,system/files/images/productos/cf2e4e326d359080b1ade0173d05a64e2846d1c1,,original,1624
90,820,PDF,system/files/images/productos/6fd1dea200b4640b615b1e40838660d14a58c2fd,,original,1624
91,821,IMAGE,system/files/images/productos/0b26a7b20dd4d467cf9a57c9a5cba26cafbf6203,,original,1625
91,825,IMAGE,system/files/images/productos/e580517f07a377c10127844c71373a174bcf76fe,,original,1625
91,829,PDF,system/files/images/productos/6e1ed3d9b7cfc7e53a9396670b592b8e0a0aa2da,,original,1625
92,830,IMAGE,system/files/images/productos/0a1a154b062113c629a1f2b1c58638408479ba39,,original,1627
92,834,IMAGE,system/files/images/productos/d408fb7a83adf1cd66a9048080210be3b617cb29,,original,1627
92,838,PDF,system/files/images/productos/f02304a5117f7e8cc52916b2995eee7d5cd3bdf7,,original,1627
93,839,IMAGE,system/files/images/productos/e6d8a9c021af46599e25526f7afa2c9689eba705,,original,1628
93,843,PDF,system/files/images/productos/a9cf3d4f6bde89180e0ae23231a70bb8f2ff3300,,original,1628
94,844,IMAGE,system/files/images/productos/59e0452766a17eb9cf0d9df76dc79f72d08f013f,,original,1629
94,848,PDF,system/files/images/productos/d1800119e28d2f25ab78a9219e103ecc4fc8afb5,,original,1629
95,849,IMAGE,system/files/images/productos/72df998778c03bc863d043d89ff44bd56b0095ab,,original,1630
95,853,PDF,system/files/images/productos/98b07de6dca4ad402a37385c485fb6999d5c3323,,original,1630
96,854,IMAGE,system/files/images/productos/8cc9045279f3a6ec3687c1f6ff0baa1dfc71c71b,,original,1631
96,858,PDF,system/files/images/productos/fcd7b006a2ccb75e9d55f0e15b1756f3a87079e9,,original,1631
97,859,IMAGE,system/files/images/productos/e18f93b233e92c3c13b45b7654d4712f4748fe8b,,original,1632
97,863,PDF,system/files/images/productos/e7a01529a67d2e176caece591f7981360e4805ff,,original,1632
98,864,IMAGE,system/files/images/productos/23d0316980d95f4f7ece95dd33a74b151eadb1bf,,original,1633
98,868,PDF,system/files/images/productos/e7a01529a67d2e176caece591f7981360e4805ff,,original,1633
99,869,IMAGE,system/files/images/productos/c46d19fe3eb462f51d4f636a3a4719ea6e8922c5,,original,1634
99,873,PDF,system/files/images/productos/e973955577670d4ea61bd906a517dd878118831f,,original,1634
100,874,IMAGE,system/files/images/productos/0af69ab19e393782b652aac26101096f8532e265,,original,1635
101,878,IMAGE,system/files/images/productos/1c6fb09d0758e1a02f2c7d7ac5658c9dc2bcc460,,original,1636
101,882,PDF,system/files/images/productos/d0d4d97dd90ffb84dc80c08ad38dbb6eaf83b0fa,,original,1636
102,883,IMAGE,system/files/images/productos/dea67750c58a9beeb1e4bf0140e4b97863635cfa,,original,1637
102,887,PDF,system/files/images/productos/e7558238c56779a33c10c7770146c9f7017bd375,,original,1637
103,888,IMAGE,system/files/images/productos/480de804a97c7cc053d671704d026ceb6d7854d1,,original,1638
103,892,IMAGE,system/files/images/productos/83a6ec78d40fa21f9a4823626e7117bd2bac7943,,original,1638
103,896,PDF,system/files/images/productos/d022de529fe9c4e48c5bf2c4652af466b87b3af6,,original,1638
104,897,IMAGE,system/files/images/productos/8ffd98efe5201d900181b34107af50002abe8ed8,,original,1639
104,901,IMAGE,system/files/images/productos/c50e1e39b34533eb25bba5641b8c2e2be5e0dec3,,original,1639
104,905,IMAGE,system/files/images/productos/1dbc1c3bbbced6c0721c851547c4d781f5ffe0a7,,original,1639
104,909,PDF,system/files/images/productos/ad6778fc1e386c13476d2051b66e504deddd77d7,,original,1639
105,910,IMAGE,system/files/images/productos/0486010282e4b5e4164ef8bb0576b0e931ddc9ed,,original,1640
105,914,IMAGE,system/files/images/productos/91b1b22e0757eb17e2b2f7ad5252137d6b50e464,,original,1640
105,918,PDF,system/files/images/productos/9864659d131f5853c5c595c40be3adac9e56f2d9,,original,1640
106,919,IMAGE,system/files/images/productos/f9118a7d8fac480174a9a4e0455b51ee73490fa6,,original,1641
106,923,PDF,system/files/images/productos/edaa9d68e318711d183689d070ec145da123c768,,original,1641
107,924,IMAGE,system/files/images/productos/0d4439f5ba46973f404b8a9eaf3c6ed102faad54,,original,1642
107,928,IMAGE,system/files/images/productos/f304f05a8957297b9b40a452fa93647f80e7bcb6,,original,1642
107,932,IMAGE,system/files/images/productos/68350ebf06fb528912f62e2bf663862519c7dd38,,original,1642
107,936,IMAGE,system/files/images/productos/dfab80908ff3b6ba9e823ae8e208dbca887b97fe,,original,1642
107,940,PDF,system/files/images/productos/1bc8deceeea60e7d404142cf859897e4e36ccc86,,original,1642
108,941,IMAGE,system/files/images/productos/2e6986f34adf7b7e075a57a4f73cac501d03c59d,,original,1643
108,945,IMAGE,system/files/images/productos/7d20ad9bfbd958c417038f14164c8a21573e4d34,,original,1643
108,949,IMAGE,system/files/images/productos/8622f8b336698cab1d58bcd0bb0f864586914bb6,,original,1643
108,953,IMAGE,system/files/images/productos/52af9161c31f825128383fb23742e384e60dd462,,original,1643
108,957,IMAGE,system/files/images/productos/323ea1a66ccbf677c589b2807058ba4f5754f920,,original,1643
108,961,PDF,system/files/images/productos/6d032a5579b0dd9ef150e1d93528463960040d95,,original,1643
109,962,IMAGE,system/files/images/productos/a55fa2df012da03804394e857fc5e09ed6a69191,,original,1644
109,966,IMAGE,system/files/images/productos/7f7f61551dd20beb863b5847d43b062d728c618d,,original,1644
109,970,PDF,system/files/images/productos/959c0d9393ada51bef2817e8db59c54b487d2262,,original,1644
110,971,IMAGE,system/files/images/productos/a55fa2df012da03804394e857fc5e09ed6a69191,,original,1645
110,975,IMAGE,system/files/images/productos/7f7f61551dd20beb863b5847d43b062d728c618d,,original,1645
110,979,PDF,system/files/images/productos/959c0d9393ada51bef2817e8db59c54b487d2262,,original,1645
111,980,IMAGE,system/files/images/productos/137e56b6a9d584dd63289d5aef15bed4b23f9af4,,original,1646
111,984,PDF,system/files/images/productos/28e179e98ded1fda52f4c0c570e252ee83a7e709,,original,1646
112,985,IMAGE,system/files/images/productos/32efa422f2422111a48559ea8db3eedf5a0de2d3,,original,1647
112,989,PDF,system/files/images/productos/8afd449897be23fa417b449c587ed9dd11093a1d,,original,1647
113,990,IMAGE,system/files/images/productos/0aec19fd8541d023c19ecff7eb167c6c172a2732,,original,1648
113,994,PDF,system/files/images/productos/f11bb20047186203a5dd29076b6697e6cf181d69,,original,1648
114,995,IMAGE,system/files/images/productos/a55fa2df012da03804394e857fc5e09ed6a69191,,original,1649
114,999,IMAGE,system/files/images/productos/7f7f61551dd20beb863b5847d43b062d728c618d,,original,1649
114,1003,PDF,system/files/images/productos/959c0d9393ada51bef2817e8db59c54b487d2262,,original,1649
115,1004,IMAGE,system/files/images/productos/43d4232e7c8e46a381f607bdcb65a691c4321389,,original,1650
115,1008,IMAGE,system/files/images/productos/007c9191f5b7800de9549cd241c2b4dba8a9bb9f,,original,1650
115,1012,PDF,system/files/images/productos/ae22c94ae3eb5d4d4e7ccfdb5cfc086e37e1658c,,original,1650
115,1013,PDF,system/files/images/productos/adc000b103f864f06d51740c630158e411050fa1,,original,1650
116,1014,IMAGE,system/files/images/productos/ba3f2923d733855f1d109ba12330647b866a3383,,original,1652
116,1018,PDF,system/files/images/productos/300d21c729a7df172ac9f070a9b7485e88f8b038,,original,1652
116,1019,PDF,system/files/images/productos/8d7521a7a170e8ac85e5da1dd301ca17c0c24d71,,original,1652
117,1020,IMAGE,system/files/images/productos/3ba01a39dd2e04651a35a7f2a8c2aab034f58f33,,original,1653
117,1024,IMAGE,system/files/images/productos/634c090c7fb64996e1e59d3f3a671ce738013f93,,original,1653
117,1028,PDF,system/files/images/productos/0a6fa9cbeb5ba8ba1eecd18bd2e8c2f28145f2c9,,original,1653
118,1029,IMAGE,system/files/images/productos/6ca19dacd9993636b6638cf308a1c4490bb0af98,,original,1654
118,1033,IMAGE,system/files/images/productos/df2281661def14838eccfc36ddd1b3068b9ef575,,original,1654
118,1037,PDF,system/files/images/productos/9042045b07cea65fac66d1763d8fcc92b235b906,,original,1654
118,1038,PDF,system/files/images/productos/b2fc16c210f999a553d13a88a76211d8a8cbd583,,original,1654
119,1039,IMAGE,system/files/images/productos/9a05d35b35391d87d959fca60be6e20e4d7799c8,,original,1655
119,1043,PDF,system/files/images/productos/a78bba8b99dcc3da6728b2ab918aebe4d8411e64,,original,1655
119,1044,PDF,system/files/images/productos/39c267d9d6655665608d4e1a6dd7d33a17e93e8d,,original,1655
120,1045,IMAGE,system/files/images/productos/cfae2414005ec241e35e2be9039da54013a231e9,,original,1656
120,1049,PDF,system/files/images/productos/3ba705421037a3956e500eec0062dec52829cea4,,original,1656
120,1050,PDF,system/files/images/productos/aa57141f525e4c01f137d26858f1477e6d6a0a8c,,original,1656
121,1051,IMAGE,system/files/images/productos/4c235320c6c73cff73a7e701b74b8e5fd0417378,,original,1657
121,1055,IMAGE,system/files/images/productos/b9eba5a1d6113befc3d0598783588a63d7b6d9d9,,original,1657
121,1059,IMAGE,system/files/images/productos/52ecaaae0d3f3f087c9edce957e4dd5db733656c,,original,1657
122,1063,IMAGE,system/files/images/productos/41fac25bf3c4f3389882019d1f274fd418b8facb,,original,1658
122,1067,IMAGE,system/files/images/productos/4b5ea36b9438bb35d7d67d674da25763cdee3c0f,,original,1658
122,1071,PDF,system/files/images/productos/2cf9dcb700d1e35a5125093d4f22ff6952d4ebd0,,original,1658
123,1072,IMAGE,system/files/images/productos/c8bc985a8ecbeda6dd4f0d60a6ac70423b19b9f6,,original,1659
123,1076,PDF,system/files/images/productos/9950f4930279c555f7be5fcc6d4382d10784836b,,original,1659
124,1077,IMAGE,system/files/images/productos/ea8effe39352760b7c820b97ff11441286eb3e49,,original,1660
124,1081,PDF,system/files/images/productos/8afd449897be23fa417b449c587ed9dd11093a1d,,original,1660
125,1082,IMAGE,system/files/images/productos/c8bc985a8ecbeda6dd4f0d60a6ac70423b19b9f6,,original,1661
125,1086,PDF,system/files/images/productos/9950f4930279c555f7be5fcc6d4382d10784836b,,original,1661
126,1087,IMAGE,system/files/images/productos/ea8effe39352760b7c820b97ff11441286eb3e49,,original,1662
126,1091,PDF,system/files/images/productos/8afd449897be23fa417b449c587ed9dd11093a1d,,original,1662
127,1092,IMAGE,system/files/images/productos/e6d8a9c021af46599e25526f7afa2c9689eba705,,original,1663
127,1096,IMAGE,system/files/images/productos/d8fee0db7a4abffa83cd01515a5618e2b1b78b17,,original,1663
127,1100,PDF,system/files/images/productos/a9cf3d4f6bde89180e0ae23231a70bb8f2ff3300,,original,1663
128,1101,IMAGE,system/files/images/productos/8cc9045279f3a6ec3687c1f6ff0baa1dfc71c71b,,original,1664
128,1105,PDF,system/files/images/productos/fcd7b006a2ccb75e9d55f0e15b1756f3a87079e9,,original,1664
129,1106,IMAGE,system/files/images/productos/6ca19dacd9993636b6638cf308a1c4490bb0af98,,original,1665
129,1110,IMAGE,system/files/images/productos/df2281661def14838eccfc36ddd1b3068b9ef575,,original,1665
129,1114,IMAGE,system/files/images/productos/cc2f0cb67adc2e9fe611fd2f8483d44c8e9ab724,,original,1665
129,1118,PDF,system/files/images/productos/9042045b07cea65fac66d1763d8fcc92b235b906,,original,1665
129,1119,PDF,system/files/images/productos/b2fc16c210f999a553d13a88a76211d8a8cbd583,,original,1665
130,1120,IMAGE,system/files/images/productos/ba3f2923d733855f1d109ba12330647b866a3383,,original,1666
130,1124,PDF,system/files/images/productos/300d21c729a7df172ac9f070a9b7485e88f8b038,,original,1666
130,1125,PDF,system/files/images/productos/8d7521a7a170e8ac85e5da1dd301ca17c0c24d71,,original,1666
131,1126,IMAGE,system/files/images/productos/25a52045f95f6d8635d30d19530ca56f26020262,,original,1667
131,1130,PDF,system/files/images/productos/a78bba8b99dcc3da6728b2ab918aebe4d8411e64,,original,1667
131,1131,PDF,system/files/images/productos/39c267d9d6655665608d4e1a6dd7d33a17e93e8d,,original,1667
132,1132,IMAGE,system/files/images/productos/cfae2414005ec241e35e2be9039da54013a231e9,,original,1668
132,1136,PDF,system/files/images/productos/3ba705421037a3956e500eec0062dec52829cea4,,original,1668
132,1137,PDF,system/files/images/productos/aa57141f525e4c01f137d26858f1477e6d6a0a8c,,original,1668
133,1138,IMAGE,system/files/images/productos/41fac25bf3c4f3389882019d1f274fd418b8facb,,original,1669
133,1142,IMAGE,system/files/images/productos/4b5ea36b9438bb35d7d67d674da25763cdee3c0f,,original,1669
133,1146,PDF,system/files/images/productos/2cf9dcb700d1e35a5125093d4f22ff6952d4ebd0,,original,1669
134,1147,IMAGE,system/files/images/productos/4c235320c6c73cff73a7e701b74b8e5fd0417378,,original,1670
134,1151,IMAGE,system/files/images/productos/b9eba5a1d6113befc3d0598783588a63d7b6d9d9,,original,1670
134,1155,IMAGE,system/files/images/productos/52ecaaae0d3f3f087c9edce957e4dd5db733656c,,original,1670
135,1159,IMAGE,system/files/images/productos/c8bc985a8ecbeda6dd4f0d60a6ac70423b19b9f6,,original,1671
135,1163,PDF,system/files/images/productos/9950f4930279c555f7be5fcc6d4382d10784836b,,original,1671
136,1164,IMAGE,system/files/images/productos/3d3f8a7b58fad15cba55a19e1f7dcbd97e37ab41,,original,1672
136,1168,IMAGE,system/files/images/productos/5fd1d8e56b075c2ab53eef822c638f07763f1e0c,,original,1672
136,1172,IMAGE,system/files/images/productos/db60c3f67e4bce5fe6dc4f07bc8c14a13c407758,,original,1672
136,1176,PDF,system/files/images/productos/ae9af73339556620c5857321cb1a0400733819a0,,original,1672
137,1177,IMAGE,system/files/images/productos/06f5352d4b43c1c425fca9fbaf8447a697745647,,original,1673
137,1181,IMAGE,system/files/images/productos/2321bf300ce02b2cfa633479c59e2c99b735dd65,,original,1673
137,1185,IMAGE,system/files/images/productos/cf2e4e326d359080b1ade0173d05a64e2846d1c1,,original,1673
137,1189,PDF,system/files/images/productos/6fd1dea200b4640b615b1e40838660d14a58c2fd,,original,1673
138,1190,IMAGE,system/files/images/productos/3806105dd3593a3b306a1ca89e55ce41b47f83a7,,original,1674
138,1194,IMAGE,system/files/images/productos/98015c422935fb0f6a54ba324350f2d7877d367d,,original,1674
138,1198,PDF,system/files/images/productos/552f92715162cbb278ab6cbdbdcb057ef483da65,,original,1674
139,1199,IMAGE,system/files/images/productos/158ffcb904bc82f2a7d2ec143de37e00730d04bd,,original,1675
139,1203,PDF,system/files/images/productos/270dc5e4c6c6812ee093439acca26905e68f7d8d,,original,1675
140,1204,IMAGE,system/files/images/productos/4df9bc1c4c87a18cd1155164b3216ce053ae18ee,,original,1676
140,1208,PDF,system/files/images/productos/f6879270d9945c848fb0f732190100b3e8ffced7,,original,1676
141,1209,IMAGE,system/files/images/productos/70e2bb241375fb73400925ead25cfba2d93a8ebf,,original,1677
141,1213,PDF,system/files/images/productos/9c0a2ea15383debbe605065d9ce57e3ffbd36204,,original,1677
142,1214,IMAGE,system/files/images/productos/70e2bb241375fb73400925ead25cfba2d93a8ebf,,original,1678
142,1218,IMAGE,system/files/images/productos/39bb52ef88ace2a69d69d2e689787cab8114a39e,,original,1678
142,1222,PDF,system/files/images/productos/9044e3482acdc8f0e19ebf347a1a24c2e59dd10a,,original,1678
143,1223,IMAGE,system/files/images/productos/ed615bddda8aa301e393e1768b31a2d694243038,,original,1679
143,1227,IMAGE,system/files/images/productos/940e095bff6a8002a19ac222a04ce14c4322fa45,,original,1679
143,1231,PDF,system/files/images/productos/19f80382b0e81db9f5bed545ec25447045202956,,original,1679
144,1232,IMAGE,system/files/images/productos/8ca911b748068c9bef002de96ef743ecefb9886b,,original,1680
144,1236,PDF,system/files/images/productos/f23e43600d8606ddea73c29f700d164d5afc0552,,original,1680
145,1237,IMAGE,system/files/images/productos/d598f326c2973470ee7e0a5c3c220ba7108f150c,,original,1681
145,1241,PDF,system/files/images/productos/19f248004fb1cc292955cdb0c5b339e8cd3eda3c,,original,1681
146,1242,IMAGE,system/files/images/productos/13e3c3675402a845e35768698348384af696499f,,original,1682
146,1246,IMAGE,system/files/images/productos/041a0efde5e5212d3aae023a37bd508f96f03295,,original,1682
147,1250,IMAGE,system/files/images/productos/2c4c5e819ae896a7fc103f81f4997253930f5788,,original,1683
147,1254,PDF,system/files/images/productos/33f5167b521302c8c32a8895a1e03fe27a09a124,,original,1683
147,1255,PDF,system/files/images/productos/b49e7cf13885d8dfdc8e03fcd247d2d93f35f213,,original,1683
148,1256,IMAGE,system/files/images/productos/4008a0704b50eb6ada4e7733d8a9dc5c331e0163,,original,1684
149,1260,IMAGE,system/files/images/productos/0184eae287e99a553941e98f9ff70f71139ed643,,original,1686
149,1264,IMAGE,system/files/images/productos/0dacf997157fe78848366e1a53f90e10ea3261fe,,original,1686
149,1268,IMAGE,system/files/images/productos/35cb1e4b413bb5287adcd255cb6dc41063b21ca6,,original,1686
149,1272,PDF,system/files/images/productos/317ebb40c4284fa181ff3ddeccfb978b29b7248b,,original,1686
150,1273,IMAGE,system/files/images/productos/b571edc742e7ef0d37e3f59d4d067eb287cb6f51,,original,1687
150,1277,IMAGE,system/files/images/productos/232816261d8cd23de8ba236c7245abce4f3e0508,,original,1687
150,1281,IMAGE,system/files/images/productos/56b92a9123f8b4859c652b1f53085eb77403b5b5,,original,1687
150,1285,IMAGE,system/files/images/productos/78540e3c1069358e118a379781ea20b2ccd928b8,,original,1687
150,1289,IMAGE,system/files/images/productos/28e8d1d7eba06a05f31a344559e00ae7fa01b95a,,original,1687
150,1293,PDF,system/files/images/productos/6e3aa822ebf160680a65c651fe69d07bd648180a,,original,1687
150,1294,PDF,system/files/images/productos/82a2c23ba681ca31f4eaa85dd863f90a9a54c405,,original,1687
151,1295,IMAGE,system/files/images/productos/3795fc76a4c3c0133fecce131dcac2542c18e980,,original,1688
152,1299,IMAGE,system/files/images/productos/b1aece40383b55bb60c34675e96936a07a304268,,original,1689
153,1303,IMAGE,system/files/images/productos/32ee3a4bd87bcb11c182afd1bb63d04631a18b8a,,original,1690
154,1307,IMAGE,system/files/images/productos/8a444bdf198edcb878138128915ef5966b27559a,,original,1691
156,1311,IMAGE,system/files/images/productos/296bfcce088781d7247a01dc45c2b44244878af9,,original,1693
157,1315,IMAGE,system/files/images/productos/2568a13a5a000ac720a6dfe2cf23e90c7398976a,,original,1694
158,1319,IMAGE,system/files/images/productos/27f6e809c1bd243a04dd346479f837e8105a9cf7,,original,1695
159,1323,IMAGE,system/files/images/productos/a7afbb92480eaa329c6e5032085c3a6495f1db7f,,original,1696
160,1327,IMAGE,system/files/images/productos/36b626d618a50efadb7b2e149ea7093080479e4e,,original,1697
161,1331,IMAGE,system/files/images/productos/b3ab81b2856fe851e23bab63e63bacbbb82d6639,,original,1698
162,1335,IMAGE,system/files/images/productos/2a1ddc16f0e9964ef7207a38e26bea3a92b99aab,,original,1699
163,1339,IMAGE,system/files/images/productos/c88aa52b638190e7584c2412e8722e25c1723550,,original,1700
164,1343,IMAGE,system/files/images/productos/245880bebb5e7028014543ebd11b2d787992bb25,,original,1701
165,1347,IMAGE,system/files/images/productos/e23c3408026200967f66d50d6e99ac37594f7556,,original,1702
165,1351,IMAGE,system/files/images/productos/6113e892233d01eab25b3262a5ee24c29f8d1387,,original,1702
165,1355,PDF,system/files/images/productos/800c352920fab91fa561da8cbc0cda7af293ddbf,,original,1702
